index,name,bank,offset,absolute_offset,size,width,height,get_payload,tail_size,tail_zero_bytes,tail_unique_bytes,field0,field4
0,rock,0,7330,7330,6404,79,79,6245,159,159,1,0,0
1,ghini3,0,13734,13734,3386,88,37,3260,126,19,19,0,0
2,vette,0,17120,17120,3397,86,38,3272,125,28,17,0,0
3,pors,0,20517,20517,3082,80,37,2964,118,5,5,0,0
4,porr,0,23599,23599,3244,80,39,3124,120,44,5,0,0
5,porb,0,26843,26843,3448,83,40,3324,124,24,17,0,0
6,cruz,0,30291,30291,3244,80,39,3124,120,8,5,0,0
7,rarri,0,33535,33535,3064,84,35,2944,120,5,8,0,0
8,vip,0,36599,36599,3136,86,35,3014,122,46,9,0,0
9,pol,0,39735,39735,3960,85,45,3829,131,29,16,0,0
10,sea,0,43695,43695,15412,320,47,15044,368,368,1,0,0
11,tree,0,59107,59107,8604,85,99,8419,185,2,12,0,0
12,start,1,2175,67711,8124,289,27,7807,317,294,5,0,0
13,finish,1,10299,75835,8124,289,27,7807,317,294,5,0,0
14,ppl,1,18423,83959,1229,48,24,1156,73,0,3,0,0
15,spring,1,19652,85188,5933,76,76,5780,153,2,9,0,0
16,fall2,1,25585,91121,25042,320,77,24644,398,398,1,0,0
17,bush,1,50627,116163,4778,76,61,4640,138,0,13,0,0
18,boat,1,55405,120941,3623,46,76,3500,123,5,20,0,0
19,wsurf,1,59028,124564,2360,37,61,2261,99,54,17,0,0
20,wsurfs,1,61388,126924,3319,50,64,3204,115,50,13,0,0
21,ghini3l,1,64707,130243,3475,88,38,3348,127,96,14,0,0
22,vettel,2,2646,133718,3297,88,36,3172,125,31,7,0,0
23,porsl,2,5943,137015,3075,82,36,2956,119,15,5,0,0
24,porrl,2,9018,140090,3319,84,38,3196,123,46,6,0,0
25,porbl,2,12337,143409,3612,87,40,3484,128,16,23,0,0
26,cruzl,2,15949,147021,3319,84,38,3196,123,21,4,0,0
27,rarril,2,19268,150340,3136,86,35,3014,122,25,8,0,0
28,vipl,2,22404,153476,3172,87,35,3049,123,44,6,0,0
29,poll,2,25576,156648,3784,83,44,3656,128,8,24,0,0
30,light,2,29360,160432,4164,39,103,4021,143,6,22,0,0
31,ghini3r,2,33524,164596,3475,88,38,3348,127,103,7,0,0
32,vetter,2,36999,168071,3297,88,36,3172,125,39,8,0,0
33,porsr,2,40296,171368,3075,82,36,2956,119,15,6,0,0
34,porrr,2,43371,174443,3319,84,38,3196,123,55,8,0,0
35,porbr,2,46690,177762,3612,87,40,3484,128,100,6,0,0
36,cruzr,2,50302,181374,3319,84,38,3196,123,20,5,0,0
37,rarrir,2,53621,184693,3136,86,35,3014,122,35,9,0,0
38,vipr,2,56757,187829,3172,87,35,3049,123,54,8,0,0
39,polr,2,59929,191001,3784,83,44,3656,128,104,6,0,0
40,orsky,2,63713,194785,22795,320,70,22404,391,0,20,0,0
41,sun,3,20972,217580,694,29,22,642,52,0,1,0,0
42,casky,3,21666,218274,25042,320,77,24644,398,398,1,0,0
43,casky2,3,46708,243316,18841,272,68,18500,341,2,9,0,0
44,lblock,4,13,262157,8378,78,105,8194,184,117,4,0,0
45,rblock,4,8391,270535,8378,78,105,8194,184,117,4,0,0
46,pts,4,16769,278913,438,30,13,394,44,35,6,0,0
47,fern,4,17207,279351,6008,75,78,5854,154,0,14,0,0
48,fern2,4,23215,285359,5920,67,86,5766,154,65,13,0,0
49,clou,4,29135,291279,18622,320,57,18244,378,256,8,0,0
50,0,4,47757,309901,238,12,17,208,30,0,1,0,0
51,1,4,47995,310139,220,11,17,191,29,12,3,0,0
52,2,4,48215,310359,238,12,17,208,30,2,2,0,0
53,3,4,48453,310597,238,12,17,208,30,2,2,0,0
54,4,4,48691,310835,238,12,17,208,30,2,2,0,0
55,5,4,48929,311073,256,13,17,225,31,2,2,0,0
56,6,4,49185,311329,238,12,17,208,30,14,3,0,0
57,7,4,49423,311567,238,12,17,208,30,14,3,0,0
58,8,4,49661,311805,238,12,17,208,30,14,3,0,0
59,9,4,49899,312043,238,12,17,208,30,14,3,0,0
60,0r,4,50137,312281,244,11,19,213,31,8,5,0,0
61,1r,4,50381,312525,204,9,19,175,29,8,4,0,0
62,2r,4,50585,312729,244,11,19,213,31,9,3,0,0
63,3r,4,50829,312973,244,11,19,213,31,9,3,0,0
64,4r,4,51073,313217,264,12,19,232,32,2,2,0,0
65,5r,4,51337,313481,244,11,19,213,31,11,4,0,0
66,6r,4,51581,313725,244,11,19,213,31,11,4,0,0
67,7r,4,51825,313969,224,10,19,194,30,13,3,0,0
68,8r,4,52049,314193,244,11,19,213,31,11,4,0,0
69,9r,4,52293,314437,244,11,19,213,31,11,4,0,0
70,0g,4,52537,314681,148,11,11,125,23,4,3,0,0
71,1g,4,52685,314829,124,9,11,103,21,9,3,0,0
72,2g,4,52809,314953,148,11,11,125,23,20,3,0,0
73,3g,4,52957,315101,148,11,11,125,23,20,3,0,0
74,4g,4,53105,315249,160,12,11,136,24,9,6,0,0
75,5g,4,53265,315409,148,11,11,125,23,16,4,0,0
76,6g,4,53413,315557,148,11,11,125,23,20,3,0,0
77,7g,4,53561,315705,136,10,11,114,22,22,1,0,0
78,8g,4,53697,315841,148,11,11,125,23,20,3,0,0
79,9g,4,53845,315989,148,11,11,125,23,20,3,0,0
80,time,4,53993,316137,508,35,13,459,49,2,3,0,0
81,lap,4,54501,316645,452,31,13,407,45,3,3,0,0
82,blip,4,54953,317097,28,3,5,19,9,5,2,0,0
83,hill,4,54981,317125,7066,320,21,6724,342,0,3,0,0
84,left,4,62047,324191,3745,42,86,3616,129,2,16,0,0
85,right,5,256,327936,3745,42,86,3616,129,2,16,0,0
86,noak,5,4001,331681,7834,89,86,7658,176,0,3,0,0
87,flor2,5,11835,339515,1291,98,12,1180,111,33,15,0,0
88,rox,5,13126,340806,12164,319,37,11807,357,2,4,0,0
89,etree,5,25290,352970,7108,73,95,6939,169,96,13,0,0
90,pole,5,32398,360078,1556,15,96,1444,112,13,19,0,0
91,yghi,5,33954,361634,9357,198,46,9112,245,82,14,0,0
92,dunes,5,43311,370991,5221,110,46,5064,157,5,33,0,0
93,glogo,5,48532,376212,13444,209,63,13171,273,2,5,0,0
94,rlogo,5,61976,389656,16930,216,77,16636,294,2,4,0,0
95,road,6,13370,406586,3163,80,38,3044,119,15,19,0,0
96,fhills,6,16533,409749,3535,320,10,3204,331,61,30,0,0
97,pillar,6,20068,413284,5134,53,94,4986,148,23,26,0,0
98,beam,6,25202,418418,9284,289,31,8963,321,55,31,0,0
99,pos,6,34486,427702,466,32,13,420,46,2,10,0,0
100,blsky,6,34952,428168,13399,234,56,13108,291,58,30,0,0
101,gatel,6,48351,441567,2164,44,47,2072,92,0,2,0,0
102,gater,6,50515,443731,2164,44,47,2072,92,0,2,0,0
103,sstonel,6,52679,445895,6244,79,77,6087,157,0,9,0,0
104,sstoner,6,58923,452139,6244,79,77,6087,157,0,9,0,0
105,bird,6,65167,458383,5504,99,54,5350,154,33,11,0,0
106,bird2,7,5135,463887,4645,90,50,4504,141,101,21,0,0
107,lagoon,7,9780,468532,6745,320,20,6404,341,0,13,0,0
108,check,7,16525,475277,8124,289,27,7807,317,0,13,0,0
109,spray,7,24649,483401,536,37,13,485,51,0,3,0,0
110,srock,7,25185,483937,1604,39,39,1525,79,0,3,0,0
111,alp1,7,26789,485541,3856,320,11,3524,332,0,9,0,0
112,alp2,7,30645,489397,26968,320,83,26564,404,404,1,0,0
113,wbuildl,7,57613,516365,7972,82,95,7794,178,0,15,0,0
114,wbuildr,8,49,524337,7972,82,95,7794,178,0,15,0,0
115,tsmoke1,8,8021,532309,634,69,8,556,78,40,18,0,0
116,tsmoke2,8,8655,532943,961,86,10,864,97,25,26,0,0
117,drift,8,9616,533904,2515,80,30,2404,111,0,38,0,0
118,bltile,8,12131,536419,4135,80,50,4004,131,0,35,0,0
119,exc,8,16266,540554,118,5,18,94,24,0,1,0,0
120,a,8,16384,540672,232,11,18,202,30,0,6,0,0
121,b,8,16616,540904,213,10,18,184,29,10,4,0,0
122,c,8,16829,541117,213,10,18,184,29,10,4,0,0
123,d,8,17042,541330,213,10,18,184,29,10,4,0,0
124,e,8,17255,541543,175,8,18,148,27,13,3,0,0
125,f,8,17430,541718,175,8,18,148,27,13,3,0,0
126,g,8,17605,541893,232,11,18,202,30,0,6,0,0
127,h,8,17837,542125,213,10,18,184,29,10,4,0,0
128,i,8,18050,542338,99,4,18,76,23,0,3,0,0
129,j,8,18149,542437,175,8,18,148,27,7,3,0,0
130,k,8,18324,542612,213,10,18,184,29,10,4,0,0
131,l,8,18537,542825,175,8,18,148,27,7,3,0,0
132,m,8,18712,543000,251,12,18,220,31,0,4,0,0
133,n,8,18963,543251,213,10,18,184,29,10,3,0,0
134,o,8,19176,543464,251,12,18,220,31,0,4,0,0
135,p,8,19427,543715,194,9,18,166,28,9,4,0,0
136,q,8,19621,543909,298,13,20,264,34,0,5,0,0
137,r,8,19919,544207,232,11,18,202,30,11,4,0,0
138,s,8,20151,544439,232,11,18,202,30,11,4,0,0
139,t,8,20383,544671,213,10,18,184,29,13,4,0,0
140,u,8,20596,544884,213,10,18,184,29,13,4,0,0
141,v,8,20809,545097,232,11,18,202,30,11,4,0,0
142,w,8,21041,545329,327,16,18,292,35,0,4,0,0
143,x,8,21368,545656,232,11,18,202,30,8,5,0,0
144,y,8,21600,545888,232,11,18,202,30,8,5,0,0
145,z,8,21832,546120,232,11,18,202,30,8,5,0,0
146,card1,8,22064,546352,16265,160,100,16004,261,0,16,0,0
147,card2,8,38329,562617,16265,160,100,16004,261,0,16,0,0
148,card3,8,54594,578882,16265,160,100,16004,261,0,16,0,0
149,card4,9,5323,595147,16265,160,100,16004,261,0,16,0,0
150,card5,9,21588,611412,16265,160,100,16004,261,0,16,0,0
151,card6,9,37853,627677,16265,160,100,16004,261,0,16,0,0
152,lambor,9,54118,643942,16265,160,100,16004,261,0,16,0,0
153,cit1,10,4847,660207,9235,180,50,9004,231,0,26,0,0
154,cit2,10,14082,669442,6424,320,19,6084,340,112,20,0,0
155,cit3,10,20506,675866,10276,320,31,9924,352,0,43,0,0
156,saint,10,30782,686142,8124,289,27,7807,317,0,42,0,0
157,goruns,10,38906,694266,8124,289,27,7807,317,0,42,0,0
158,mpole,10,47030,702390,913,8,100,804,109,0,3,0,0
159,string,10,47943,703303,7956,283,27,7645,311,0,33,0,0
160,flowpole,10,55899,711259,8385,288,28,8068,317,0,45,0,0
161,falssm,10,64284,719644,12523,320,38,12164,359,0,42,0,0
162,azfal,11,11271,732167,8124,289,27,7807,317,0,24,0,0
163,bbfal,11,19395,740291,8124,289,27,7807,317,0,24,0,0
164,spring2,11,27519,748415,5933,76,76,5780,153,2,7,0,0
165,w1,11,33452,754348,10858,133,80,10644,214,0,17,0,0
166,w2,11,44310,765206,10858,133,80,10644,214,0,17,0,0
167,w3,11,55168,776064,10858,133,80,10644,214,0,17,0,0
168,w4,12,490,786922,10858,133,80,10644,214,0,17,0,0
169,w5,12,11348,797780,10858,133,80,10644,214,0,17,0,0
170,w6,12,22206,808638,10858,133,80,10644,214,0,17,0,0
171,w7,12,33064,819496,10858,133,80,10644,214,0,17,0,0
172,w8,12,43922,830354,10858,133,80,10644,214,0,17,0,0
173,w9,12,54780,841212,10858,133,80,10644,214,0,17,0,0
174,w10,13,102,852070,10858,133,80,10644,214,0,17,0,0
175,w11,13,10960,862928,10858,133,80,10644,214,0,17,0,0
176,troph,13,21818,873786,7604,75,99,7429,175,0,26,0,0
177,parkpol,13,29422,881390,16265,160,100,16004,261,0,16,0,0
178,snowtree,13,45687,897655,6772,71,93,6607,165,0,22,0,0
179,dbl1,13,52459,904427,21154,140,149,20864,290,0,16,0,0
180,dbl2,14,8077,925581,21154,140,149,20864,290,0,16,0,0
181,flor,14,29231,946735,2623,96,26,2500,123,109,6,0,0
