track,opcode,count,arities,second_min,second_max,second_sum,third_values
TRACK1,0,32,{2: 32},10,1000,10355,[]
TRACK1,1,8,{3: 8},100,800,3200,[1]
TRACK1,2,2,{2: 2},100,100,200,[]
TRACK1,3,9,{3: 9},50,230,1290,[1]
TRACK1,4,1,{2: 1},800,800,800,[]
TRACK1,5,8,{3: 8},73,220,1112,[1]
TRACK1,7,11,{3: 11},10,500,1530,[1]
TRACK2,0,32,{2: 32},20,2000,14260,[]
TRACK2,1,7,{3: 7},60,600,1480,[1]
TRACK2,3,8,{3: 8},10,200,1010,"[1, 2, 3]"
TRACK2,5,7,{3: 7},60,500,979,[1]
TRACK2,7,10,{3: 10},50,200,1090,"[1, 2, 3]"
TRACK3,0,41,{2: 41},40,2000,14430,[]
TRACK3,1,4,{3: 4},9,400,909,[1]
TRACK3,3,15,{3: 15},50,250,1680,"[1, 2]"
TRACK3,4,2,{2: 2},800,800,1600,[]
TRACK3,5,3,{3: 3},73,400,873,[1]
TRACK3,7,15,{3: 15},90,220,2080,"[1, 2, 3]"
TRACK4,0,32,{2: 32},20,700,5273,[]
TRACK4,1,7,{3: 7},50,400,1350,[1]
TRACK4,2,2,{2: 2},100,400,500,[]
TRACK4,3,23,{3: 23},80,200,3110,"[1, 2]"
TRACK4,4,12,{2: 12},300,700,5900,[]
TRACK4,5,2,{3: 2},150,150,300,[1]
TRACK4,6,6,{2: 6},300,500,2700,[]
TRACK4,7,23,{3: 23},80,200,3120,"[1, 2]"
TRACK4,21,1,{3: 1},7,7,7,[0]
TRACK4,22,1,{3: 1},7,7,7,[0]
TRACK5,0,38,{2: 38},30,800,4910,[]
TRACK5,1,8,{3: 8},25,400,935,[1]
TRACK5,3,21,{3: 21},10,200,2330,"[1, 2, 3, 4]"
TRACK5,4,4,{2: 4},600,800,2600,[]
TRACK5,5,3,{3: 3},100,200,420,[1]
TRACK5,6,11,{2: 11},200,1000,5500,[]
TRACK5,7,18,{3: 18},10,200,2210,"[1, 2, 3, 4]"
TRACK6,0,26,{2: 26},40,1000,7850,[]
TRACK6,1,13,{3: 13},100,2000,4600,[1]
TRACK6,3,16,{3: 16},20,200,1510,"[1, 2, 3, 4]"
TRACK6,4,6,{2: 6},600,1000,4300,[]
TRACK6,5,12,{3: 12},30,500,1630,[1]
TRACK6,6,2,{2: 2},800,1000,1800,[]
TRACK6,7,19,{3: 19},10,200,1690,"[1, 2, 3, 4]"
TRACK11,0,32,{2: 32},10,1000,10355,[]
TRACK11,1,8,{3: 8},100,800,3200,[1]
TRACK11,2,2,{2: 2},100,100,200,[]
TRACK11,3,9,{3: 9},50,230,1290,[1]
TRACK11,4,1,{2: 1},800,800,800,[]
TRACK11,5,8,{3: 8},73,220,1112,[1]
TRACK11,7,11,{3: 11},10,500,1530,[1]
TRACK12,0,32,{2: 32},20,2000,14260,[]
TRACK12,1,7,{3: 7},60,600,1480,[1]
TRACK12,3,8,{3: 8},10,200,1010,"[1, 2, 3]"
TRACK12,5,7,{3: 7},60,500,979,[1]
TRACK12,7,10,{3: 10},50,200,1090,"[1, 2, 3]"
TRACK13,0,41,{2: 41},40,2000,14430,[]
TRACK13,1,4,{3: 4},9,400,909,[1]
TRACK13,3,15,{3: 15},50,250,1680,"[1, 2]"
TRACK13,4,2,{2: 2},800,800,1600,[]
TRACK13,5,3,{3: 3},73,400,873,[1]
TRACK13,7,15,{3: 15},90,220,2080,"[1, 2, 3]"
TRACK14,0,32,{2: 32},20,700,5273,[]
TRACK14,1,7,{3: 7},50,400,1350,[1]
TRACK14,2,2,{2: 2},100,400,500,[]
TRACK14,3,23,{3: 23},80,200,3110,"[1, 2]"
TRACK14,4,12,{2: 12},300,700,5900,[]
TRACK14,5,2,{3: 2},150,150,300,[1]
TRACK14,6,6,{2: 6},300,500,2700,[]
TRACK14,7,23,{3: 23},80,200,3120,"[1, 2]"
TRACK14,21,1,{3: 1},7,7,7,[0]
TRACK14,22,1,{3: 1},7,7,7,[0]
TRACK15,0,38,{2: 38},30,800,4910,[]
TRACK15,1,8,{3: 8},25,400,935,[1]
TRACK15,3,21,{3: 21},10,200,2330,"[1, 2, 3, 4]"
TRACK15,4,4,{2: 4},600,800,2600,[]
TRACK15,5,3,{3: 3},100,200,420,[1]
TRACK15,6,11,{2: 11},200,1000,5500,[]
TRACK15,7,18,{3: 18},10,200,2210,"[1, 2, 3, 4]"
TRACK16,0,25,{2: 25},40,1000,7930,[]
TRACK16,1,13,{3: 13},100,2000,4600,[1]
TRACK16,3,16,{3: 16},20,200,1510,"[1, 2, 3, 4]"
TRACK16,4,6,{2: 6},600,1000,4300,[]
TRACK16,5,12,{3: 12},30,500,1630,[1]
TRACK16,6,2,{2: 2},800,1000,1800,[]
TRACK16,7,19,{3: 19},10,200,1690,"[1, 2, 3, 4]"
