asm_line,instruction
25691,"11075:	3d 00 03             	cmp    $0x300,%ax"
25833,"111e3:	3d 00 03             	cmp    $0x300,%ax"
34433,"16c7d:	2c 30                	sub    $0x30,%al"
34438,"16c89:	2c 30                	sub    $0x30,%al"
34443,"16c95:	2c 30                	sub    $0x30,%al"
34461,"16cc2:	2c 30                	sub    $0x30,%al"
34478,"16cee:	2c 30                	sub    $0x30,%al"
37394,"18813:	2c 30                	sub    $0x30,%al"
45386,"1cc55:	3c 30                	cmp    $0x30,%al"
45408,"1cc8e:	3c 30                	cmp    $0x30,%al"
45455,"1cd13:	80 fc 30             	cmp    $0x30,%ah"
45460,"1cd1e:	80 fc 30             	cmp    $0x30,%ah"
46672,"1d722:	80 fc 30             	cmp    $0x30,%ah"
46739,"1d7a5:	80 fc 30             	cmp    $0x30,%ah"
46756,"1d7c7:	3c 39                	cmp    $0x39,%al"
46763,"1d7d8:	81 fe 30 00          	cmp    $0x30,%si"
47187,"1db8e:	3c 30                	cmp    $0x30,%al"
47189,"1db92:	3c 39                	cmp    $0x39,%al"
48358,"1e4d6:	80 fc 30             	cmp    $0x30,%ah"
50665,"1f950:	3c 39                	cmp    $0x39,%al"
50667,"1f954:	3c 30                	cmp    $0x30,%al"
50919,"1fb80:	2c 30                	sub    $0x30,%al"
50923,"1fb88:	2c 11                	sub    $0x11,%al"
50925,"1fb8c:	04 0a                	add    $0xa,%al"
50949,"1fbc2:	2c 30                	sub    $0x30,%al"
51705,"201cf:	04 0a                	add    $0xa,%al"
52213,"20669:	83 f9 30             	cmp    $0x30,%cx"
52537,"2099a:	3d d9 30             	cmp    $0x30d9,%ax"
54808,"21db2:	83 f9 30             	cmp    $0x30,%cx"
54818,"21dc7:	83 e9 30             	sub    $0x30,%cx"
57929,"2428f:	2c 30                	sub    $0x30,%al"
57951,"242bd:	2c 30                	sub    $0x30,%al"
57995,"24319:	2c 30                	sub    $0x30,%al"
