address,immediate,operand
0x517c,0,%es
0x5208,0,%es
0x5316,0,%es
0x5391,0,%es
0x5405,3,%ax
0x5418,0,0x3ac
0x5471,1,-0x4c
0x5483,2,-0x4c
0x5495,3,-0x4c
0x565f,4,%ax
0x573a,1,-0x4e
0x574f,5,-0x4e
0x575b,7,-0x4e
0x577f,4,%ax
0x5787,1,-0x5a
0x5790,1,0x3ac
0x57b2,0,0x3b0
0x5819,2,0x3ac
0x583b,0,0x3b0
0x58a2,3,0x3ac
0x58f4,3,0x3ac
0x5951,1,0x3ac
0x5973,0,0x3b0
0x59a1,0,0x236
0x59ce,2,0x3ac
0x59f0,0,0x3b0
0x5a22,0,0x238
0x5b43,4,%ax
0x64ff,4,%ax
0x6718,0,%es
0x6746,0,%es
0x67ab,0,-0x22
0x6843,0,%es
0x6882,0,%es
0x68e9,0,%es
0x691a,0,%es
0x69f2,0,%es
0x6ac9,0,-0xfa
0x6ea6,0,-0xfa
0x70da,0,%es
0x7221,0,%es
0x7249,0,%es
0x7292,3,%ax
0x7661,0,%es
0x8c70,2,-0xe
0x9db4,3,-0xe
0x9dd1,4,-0xe
0xa03a,0,-0x22
0xa05d,1,-0x22
0xa080,2,-0x22
0xa480,0,-0x1e
0xa49a,1,-0x4e
0xa4fd,2,-0x4e
0xa55e,3,-0x4e
0xa5ac,4,-0x4e
0xaf34,4,-0x4c
0xb698,6,%ax
0xb96d,2,-0x3a
0xc631,0,-0x20
0xc658,1,-0x20
0xc93f,7,%ax
0xdca4,1,-0x50
0xdcae,0,-0x4e
0xe302,0,-0x88
0xedb0,0,-0xe
0xedd4,1,-0xe
0xf298,1,-0xe
0xf2a2,0,-0x22
0xf2ae,0,-0xc
0xf2e9,1,-0xe
0xf2f3,0,-0x22
0x1148c,7,%ax
0x135b9,0,-0x2a
0x18260,0,%ah
0x18270,0,0x8
0x1834e,0,0x8
0x184b3,0,0x8
