index,name,bank,original_offset,original_size,canonical_size,removed_tail,width,height,sha256
0,rock,0,7330,6404,6245,159,79,79,b8aaf5dda2c16edc40721714089e356474f9883035cb727ae9ce58b41b9e0bbe
1,ghini3,0,13734,3386,3260,126,88,37,cef977dd453c099acfea60ca480b0a8a99a6a146806a17647c025f8f7829ecfd
2,vette,0,17120,3397,3272,125,86,38,828a867a9e0718ee107b43a807dc2a4d4712fafc0bc28e0ab73f5f86a752714b
3,pors,0,20517,3082,2964,118,80,37,7c87cb3fc874f8ce0c83dc8a42a31e8e16cd0d0d455275d842b711d6a960bf6d
4,porr,0,23599,3244,3124,120,80,39,de8e8f9795dc87e8aefbe1b78f040e77c12dee7b69a7a441d06706fa4dfbd140
5,porb,0,26843,3448,3324,124,83,40,6c699a3f987b2d2c0292faaca39848059925e1a41e18f72594e4f60d68043599
6,cruz,0,30291,3244,3124,120,80,39,733ab36ad3cc90b51ae1dac3a204dbd0834990b29a98f79a26c4d1118043dabf
7,rarri,0,33535,3064,2944,120,84,35,3270ff6b7dac7e67ae0bec8a8f7455cd6247e874cbcabb971a8087e33b5b3516
8,vip,0,36599,3136,3014,122,86,35,281f32a7847c65e8d4c657a2f8f6a9b7ebdfdb1dfc9df750c721b244f05ca65b
9,pol,0,39735,3960,3829,131,85,45,83a42b4e693fdf04c825be285a74d0a1775493fd2b379ff985f1dcb51fa28b54
10,sea,0,43695,15412,15044,368,320,47,a46ab1a667fdb569357db2fd69819da23827742a7f5111316d007239b06eb347
11,tree,0,59107,8604,8419,185,85,99,658f3850f80bb35e9a5500b9b30de507fe1e27029b0a151da9a3f0556be4905e
12,start,1,2175,8124,7807,317,289,27,af15759e4590be99d99ef38c01369cdc0078c67e0a22bb3a487b1dc41e20fc6e
13,finish,1,10299,8124,7807,317,289,27,a0cdfba98a640ad98f3446b2ab63858b749d01678101e2c923b05f701f4c8aa7
14,ppl,1,18423,1229,1156,73,48,24,57fb63ab27ead72acd3909f753d29099aca079a10c8bbe80dcff6c46ba48c1cf
15,spring,1,19652,5933,5780,153,76,76,67cf702fd6487fb7da0e6946157422b43442a35fe97e13a1bc6b7d83048646f6
16,fall2,1,25585,25042,24644,398,320,77,4884dc85051dd2acabd10c6198d60239633b727a6c441d89a51e067d69d6c68b
17,bush,1,50627,4778,4640,138,76,61,10baca80a90ee42722ad4842651c7f9097c1c02fb6a9a950f42fe05249c66894
18,boat,1,55405,3623,3500,123,46,76,39c27a4137be926f197ed6b9a4e657d7fd168a7c67012f799f78c7095dbe8e13
19,wsurf,1,59028,2360,2261,99,37,61,97c143abf03e5cc1a794352945e5f7065f49373730a1282647d157f399578ce4
20,wsurfs,1,61388,3319,3204,115,50,64,0c270bfdd21edb0fff7b9fd665c50c97aaf118576fbec87b2104ec643449e288
21,ghini3l,1,64707,3475,3348,127,88,38,d1a97262f77ca0e3d9348b8cf595d784351873c7035443591f5beeb86b673248
22,vettel,2,2646,3297,3172,125,88,36,1fdd5e66beaa72b80e934c33205ebcf2dea20676a4d3f35f3f0372cbd31df339
23,porsl,2,5943,3075,2956,119,82,36,bd1c6a8d6b696e19fe53212b150e07042b5d39884ef8fd345aa137b240ed491a
24,porrl,2,9018,3319,3196,123,84,38,6bb2b40bcf057bbe88eebe6274041ed8f6098aebe0bdc6ba0c6e0f6fff052796
25,porbl,2,12337,3612,3484,128,87,40,56ee9f8d4f37cc6cceba0d8ed58031a0593ec3c9afb32fb872c44ec6676a0aab
26,cruzl,2,15949,3319,3196,123,84,38,e38616576b43d455d4f5dd0f553ef2c793bff01d0534fb2a3f2dd84caf69ed77
27,rarril,2,19268,3136,3014,122,86,35,e8378a239ff24d062c0ed8aa9a262ed44a838fc3836933aa333697e48cc99d27
28,vipl,2,22404,3172,3049,123,87,35,294aa7a09bd15093573fef2c4f68311e322d22f7e42d0ef44a26f9f5ab89c79d
29,poll,2,25576,3784,3656,128,83,44,139cae98dffd81c6fba35b54f3ef73894ccd1cb620c6a36c28786995e048d650
30,light,2,29360,4164,4021,143,39,103,42a315c4568d2fed8f61b3b7eaa8a92fcb5fdfecd151f09ae999dc76f4885247
31,ghini3r,2,33524,3475,3348,127,88,38,3f8993890c533a69fe8248660b467713b77e6262ce222ec2d102088dea9fd5cd
32,vetter,2,36999,3297,3172,125,88,36,8a2132057f2901c908a4950deb131e25cb594a6faf1396ba0b7fcd42be9221c8
33,porsr,2,40296,3075,2956,119,82,36,9cc781ff8f809674283b70d76b2eae034e142df2e985654d419853077ec287ed
34,porrr,2,43371,3319,3196,123,84,38,a92c015f96344e9bd4ea2d9bbaa3aec6ce3bd924e0a82ac9715c3135389daeb4
35,porbr,2,46690,3612,3484,128,87,40,49b3659a06fd57ca0de75fe529154f033cca2a1f5ec284f1e8e75eb7ade9c2a3
36,cruzr,2,50302,3319,3196,123,84,38,7c112523ca58e86aca522dc4abfbb51e08ec382ea73d3b898b535950ead3064a
37,rarrir,2,53621,3136,3014,122,86,35,b5d846bcb28dcb3baae49e0762835af1fcf37e247114d4be6e28462c490f2431
38,vipr,2,56757,3172,3049,123,87,35,323e62c1e7c1060608d81171c48f9c17b6592441196c9570667be10c05911196
39,polr,2,59929,3784,3656,128,83,44,a12868b25ce004466bc37000db384960a2bb5e9b6ad3d07c10aaaa28a5422588
40,orsky,2,63713,22795,22404,391,320,70,15b7ccd7c5bc560a4c6cdb35d837ee1af533a418f45c7308fb880a91e9d3ceb6
41,sun,3,20972,694,642,52,29,22,25deb2c4d912c782381691b8e8dbe709d65bf7f460532e24f45748ce9aeb4519
42,casky,3,21666,25042,24644,398,320,77,3020aec86f9bcb05546012eeec3b21a2049e29260ba637bb7e6dd777751f4c28
43,casky2,3,46708,18841,18500,341,272,68,37a689a4af20c03817c9d7b25b2c83d358cbd3ad26f1803a4b5ebe1a617dd60e
44,lblock,4,13,8378,8194,184,78,105,eaedf0a6d3a9ead4bd31df938932e826541a0ff8663abbc51b35c12683bfed57
45,rblock,4,8391,8378,8194,184,78,105,c1c1ce559c92e4830e9c96bb3d56a1dd68c382b822e50c5e591adf422d6cdc26
46,pts,4,16769,438,394,44,30,13,b27b363e59cf3314dd803076877dc69c11963517b29a25ad1d1d9bf51efa1f40
47,fern,4,17207,6008,5854,154,75,78,01013bdd72326b972a3f429aede02f5982d07d131d2f588d7a2ed531a20e7891
48,fern2,4,23215,5920,5766,154,67,86,c53a858bec52417a50f09958b64ffef745d33cc74df1f22906d466edf70f0a48
49,clou,4,29135,18622,18244,378,320,57,d761665d5185155a1b3b8a539952816b2c23af44aa35311a21ec28ca82c415c6
50,0,4,47757,238,208,30,12,17,898cf5dc60f88e2dd3611f63126052aae2b87fe7b38aaaadb88e1a1e71a80987
51,1,4,47995,220,191,29,11,17,9f9b06b28fc4c0b259331386dd1c252fb0870bab222cbe2fc168efe1e1ef1a1c
52,2,4,48215,238,208,30,12,17,70bf0e1f4f519a6f105529338b8c990b1738f9eae0cbcfcf30fd18e4ebd49225
53,3,4,48453,238,208,30,12,17,23e5edf8ae169b288713ea09c3546d4c59b935eceb8c17a583756898e6c869ee
54,4,4,48691,238,208,30,12,17,16110dafdff5f8ed961a07a5fc2535d38629a2a559bed15918604fdb64dcb090
55,5,4,48929,256,225,31,13,17,6418015f96c7279227bcc7c7e3a4f50026c0bfe52672faf39e04623ec0e056ab
56,6,4,49185,238,208,30,12,17,87862f80dbf239e7061b982ed6ce90859bd90497487943cbae2afc30299053a9
57,7,4,49423,238,208,30,12,17,e87fb5f682cb791aeae47e17c2e2a6f687e2dbeeef767b6d4c490394bf55fa7a
58,8,4,49661,238,208,30,12,17,f79d03867da570d98f56503797a6b28795b9d03a8fefca7f8df723a4af2a05d7
59,9,4,49899,238,208,30,12,17,758d584e2c1c5f51da5a5fce4f0c66cab7582518fee5fc7483a1ddc061d905ba
60,0r,4,50137,244,213,31,11,19,ea357f23b7c1a0bb005182dda5ef6f4223ea4bfda22f5ae58591bf83beb168fc
61,1r,4,50381,204,175,29,9,19,8ad036ecbbdcf96e11ae5568b735539805d3bb8cb764ef26a82c39870d0eac7a
62,2r,4,50585,244,213,31,11,19,fb595008a25d2b5acf3ec290c6a72fb1e96b3b7f8a65fb9a4fc7f64235357704
63,3r,4,50829,244,213,31,11,19,6af57cf6ba2e06dc68cf57c7b002d7f32748b539d747c01501589963e1aa893e
64,4r,4,51073,264,232,32,12,19,a540eb32a5537bd2b69e7c2a42cbaa3d7cb1216001f6b3e621a7b68fb477cc08
65,5r,4,51337,244,213,31,11,19,ee739ebdb85b8ca2917a9f53b9b5b6b42d68f006f43782d4be8460d96329b8f1
66,6r,4,51581,244,213,31,11,19,86b30872feebbaff136ce2b7f604069999a3629a38060271485339c723919d84
67,7r,4,51825,224,194,30,10,19,bc7d9d1653115b7454f637ab437dad0e4d5d405bc72480fa7c1d056671e0e65e
68,8r,4,52049,244,213,31,11,19,7c52df6de65a7c10e9ac517017bfb0e0c1e26c8bc70798e3d34a3e0e789ea9f5
69,9r,4,52293,244,213,31,11,19,f6b4edf1c13896b9f12fbabb22d88153152d5aa2d4ae20b723462b9e6b25e39e
70,0g,4,52537,148,125,23,11,11,fdde065457e7a92e383b8177b416b464639e8f00345db5a810de277f2d645e9c
71,1g,4,52685,124,103,21,9,11,71638130ec78025d3377e817192822376644bd0ea0949e858dc580cd5a85cce5
72,2g,4,52809,148,125,23,11,11,e2832129924951c1ad658b3694cf17d6a43ffb565f3e4add259982004831b5a3
73,3g,4,52957,148,125,23,11,11,ca0d43f4c8fb430d58855fb0ef0dbf49d3798677b5a2cea016abdd333fabc643
74,4g,4,53105,160,136,24,12,11,7a133ee575ef6323d37636f24867f1769c71bddb107bd1adf2e8b40b0004c921
75,5g,4,53265,148,125,23,11,11,096757861e1ad5e96fce4685337e09c176f2561e8a1e79a7148a63f812d96748
76,6g,4,53413,148,125,23,11,11,b1493961db9e20c8353b4cd93bde6a78ce637e1cfbd88d26f89508eb901b5463
77,7g,4,53561,136,114,22,10,11,0972c6393ce8fca1c4c5d13de70e3f82097b389e3f28fa3985c284f8046c9ac7
78,8g,4,53697,148,125,23,11,11,27b148d76d3724da387fa6fadd4d61a866f47dcc1d358c61bfdd19a90e3cd84e
79,9g,4,53845,148,125,23,11,11,b237d8da2f9d5e31cef99538845e648f7ea5cde8c5a47e2dd29621185d895631
80,time,4,53993,508,459,49,35,13,acf1fc37d7b3bb4453cb22ac8bb2537ce45c63c68878eaeb3f97eae09ae3454b
81,lap,4,54501,452,407,45,31,13,d25a92334139c0e0e4be8c6bbfaf42f322f474e9dd4f094c29dbd7b947d270b4
82,blip,4,54953,28,19,9,3,5,d9db3e76eacbe539d0d57921982f75f5d5cbcffe038d8f8c34f98e8c44915ed8
83,hill,4,54981,7066,6724,342,320,21,f3d1fed30a608482156d493fb22b9b7abeaf4b6ebbd03f7367750b1126ffd5ed
84,left,4,62047,3745,3616,129,42,86,f16bfd4052f5beaa11fe0a3b7837f3142ee10d1de3c1a363a3d82435bbba7559
85,right,5,256,3745,3616,129,42,86,d47ddfa0dadbd1790bc448e0a7e83f543f52496ce555dccd505bf2d809d51505
86,noak,5,4001,7834,7658,176,89,86,27d7631e3ce201634dc4048500e4b65ad033ad183e7848ddd406eadd9fd35d8e
87,flor2,5,11835,1291,1180,111,98,12,2890546b6b0d2ecc097c5658e3840a2a00afdef813aee42ed668a1c3655b85b0
88,rox,5,13126,12164,11807,357,319,37,b9548a74a6800e30429a0fabee27b71abaad71b3c0912446d18fed3aafad58c1
89,etree,5,25290,7108,6939,169,73,95,7cd5f5f7d360bce31795c3922a92091c1e229459ec65c99935777bad5f2726c8
90,pole,5,32398,1556,1444,112,15,96,8d24a38f25155e8dd0dbbdb2eed171411daf993883138f8de9b4bf52f60c33a5
91,yghi,5,33954,9357,9112,245,198,46,5ce830aff53912b6d761913b2b2c95784a508fbf49e2f1930e59f95fe081b7c3
92,dunes,5,43311,5221,5064,157,110,46,a67a6b62884b1315ae081f62243bcd830923b6c918d83ec125277408b7eac2b7
93,glogo,5,48532,13444,13171,273,209,63,cbd5668a1610e2420bc4885188716dbe1adfbfddbc8d0d12c5a8eec6c13e82fa
94,rlogo,5,61976,16930,16636,294,216,77,0892675d46ca0b1d2285298cb384fbce75bcbd1904efdeb156275f1f2129d82c
95,road,6,13370,3163,3044,119,80,38,97cfac771571d7fae2cb2f0535035fe587501b26c32cf0739004cee3f5f47f1c
96,fhills,6,16533,3535,3204,331,320,10,8f79347b84429888cc70d2cb012e5ccae35ae64a42628d86e70ab9b8dd2e9b22
97,pillar,6,20068,5134,4986,148,53,94,520fcf7c499542deb10cf2431ec8ad356f12f680ae8c210c4f25996bbb3030e5
98,beam,6,25202,9284,8963,321,289,31,7185d036e4e539fb939664cda08b24106ddf33d4ef900319c733ca166a13be49
99,pos,6,34486,466,420,46,32,13,48440e4ba5a0484177079cd7814707da4ea14e7857a51413d493d65316d40e16
100,blsky,6,34952,13399,13108,291,234,56,22f4c6da962f2a6854180875d15ed636bc5d6eb11201959176a983a94cd0aaa6
101,gatel,6,48351,2164,2072,92,44,47,3cde8f068054a32ae18ade763bc9a2f156b89e4453fb0b636946a4d739579b76
102,gater,6,50515,2164,2072,92,44,47,9f02c02c62e412f33e30641b06813b52bdc773308399d58627991397adbbfc01
103,sstonel,6,52679,6244,6087,157,79,77,a45a95fb88fd04b1fcbfb4a5f0c3dea8c0a271e139474da360cc18716a8c067b
104,sstoner,6,58923,6244,6087,157,79,77,42f2c4c2265d9b55697754b885df1777743c9ac113caab8ac9e89a521a071424
105,bird,6,65167,5504,5350,154,99,54,b014a8896395935b6530735ef2c4e466f45d719aab3665cb72755b52a7acb29f
106,bird2,7,5135,4645,4504,141,90,50,f6408b302f3cf2ad1f0a4f375edb06d38c6e54e065317aac87266bca6f9896dd
107,lagoon,7,9780,6745,6404,341,320,20,1b152cd7063d72b55b1ac1bece23e508ce9642671e36b5b4d839cf1b644de75b
108,check,7,16525,8124,7807,317,289,27,733924ee358c7ce400c213adda9f66e324edeecc69c7f3a849bb0aab10237db2
109,spray,7,24649,536,485,51,37,13,90039bf8135d48e5e1f8de0efb984573ae3eacb20f6cb97ed7f7721d713211de
110,srock,7,25185,1604,1525,79,39,39,122e75a5a700f741b7779e02a5c80c7747a864387f404c8c90aa792f6ca94149
111,alp1,7,26789,3856,3524,332,320,11,dd630b84809e9151c99e1d6f23879f5062b2ec39fa15378318b840a00f1f46fa
112,alp2,7,30645,26968,26564,404,320,83,75dbe03989be68a2796564ab7ffd6dfbe5be5ff9faf68e96715fa08069f8d8ed
113,wbuildl,7,57613,7972,7794,178,82,95,18198dbf73a15d9417b7ec8ec452ca3444ec0dbe6a05011004f506bf1cada690
114,wbuildr,8,49,7972,7794,178,82,95,c3ac53166e933ee96853398ef906b0c865c05482bd9be2f8ed502987b324040c
115,tsmoke1,8,8021,634,556,78,69,8,45c2ca4c8f06e1d1efa36db36054515725a0e55499fe766ea84b7c84411c3805
116,tsmoke2,8,8655,961,864,97,86,10,48deef258bcb95c482cfda756d428cc66b9172da0b600662ed67256c81f1c0e5
117,drift,8,9616,2515,2404,111,80,30,4d5b5601625d9084434c04a32e466cc0d2c365afe7a2e0c4e5e00099133bcd92
118,bltile,8,12131,4135,4004,131,80,50,755dafecaf81ccc045e6e8662927d917bd4cee9ad8af97526f02d614506f8291
119,exc,8,16266,118,94,24,5,18,838519c19cb1dc5fc48b4ed503c01262fb0edb7b83e03281d05fbb25f75e74ea
120,a,8,16384,232,202,30,11,18,63f3f545d9ff087ae3ac336abf2c99a0f512cc85ce3cbafa63708edab6341167
121,b,8,16616,213,184,29,10,18,c6cebfd3cd7aacef5ca21c3e18f7245e5dd2d927ee44d0af48d1e19d1d75ab46
122,c,8,16829,213,184,29,10,18,3f3737c739661b5def8c89dee420864dab5ae7d383c3d371544cd8880751ee7e
123,d,8,17042,213,184,29,10,18,9c0131c526cfb7f82e7ab94c2bfc89f81fd311d40ac578b88f2ecb7c5588cf80
124,e,8,17255,175,148,27,8,18,b2a39ea53276e5631b49e5cc04116b41708eb4dd97c7003e2a991fcdcfc01368
125,f,8,17430,175,148,27,8,18,e48495f9c5286330347011872a7b49dce48715af017310108ce9b1fe2937dda2
126,g,8,17605,232,202,30,11,18,90f97f1888cf9e8320ca4eed416eeb75cdaeb03808ae22c1f2dc40d07f2d3c31
127,h,8,17837,213,184,29,10,18,137bbc0afda6b5364583420a5cebae7a736c9965392b86af13a86a00832b2748
128,i,8,18050,99,76,23,4,18,26ed4c04122bea04cd05c06579548332b94a6d909640b348d59d62e8f0901852
129,j,8,18149,175,148,27,8,18,e98d49fbb2406d3e5339a1945454e0cac1644d7b6d430fdce57bc8be963c1c09
130,k,8,18324,213,184,29,10,18,d15df26b26021d3d6dff68ba28067dd322f910b3f14d99be92e859545034b144
131,l,8,18537,175,148,27,8,18,6bd250d4d734b0c027a8d9ba152370dc4314e62bb9cb9fc69c91f27ae3444d25
132,m,8,18712,251,220,31,12,18,840a9f7369cd0f41f9f552bc4c85d89aeacc2ca2a700892d109bff0b15c239de
133,n,8,18963,213,184,29,10,18,944079acf668782a16fd6c95057e7c65822d1bf145a0b2994b406efc68c21422
134,o,8,19176,251,220,31,12,18,b2b59897b8045ce5beaf69900c940b879ae55738c6ccdf1a745cbf338ed9c8bb
135,p,8,19427,194,166,28,9,18,ee6dca0e8d364a2224dcf983869008eb9b04b8f44052ed19c363cfb2b8bd7777
136,q,8,19621,298,264,34,13,20,f4c906b033fbb95ab275663ea8f8a402940465a069e8e6882b5b02939edbc154
137,r,8,19919,232,202,30,11,18,f7444974dd322ee4520014a402e4a13f16f4a0267405ba1d6abfdf45e2860f96
138,s,8,20151,232,202,30,11,18,96023ccfff893310bd7248c9059ab8c81b3a093e9323e905f7572ad5bb33067e
139,t,8,20383,213,184,29,10,18,42ec4b1c1ef5d14dd4a6220bc2692c192d6f817f0737de6149d76f60f286e0de
140,u,8,20596,213,184,29,10,18,d62b5170fad1e0d5c62dfa29c658b1975b83818e06bbcb27794c18333e73c058
141,v,8,20809,232,202,30,11,18,f2343f3ab8b2209941d30816f8e751610d68c6e6d4c10742e4fa05e4f0acf8c6
142,w,8,21041,327,292,35,16,18,bf0384abaef762d2b337d94cac078872db92b326b4e69e490d6beab1f06473c1
143,x,8,21368,232,202,30,11,18,73e69ca6d487621c5a72481559e011e790e731c9fa6ffec329da790477c34487
144,y,8,21600,232,202,30,11,18,9135a525904bd401afdc0dae17ec541b61dd1b682755810b7ff55e58799b133f
145,z,8,21832,232,202,30,11,18,15e3a451b32d1a42da305f946b6325900479f062d2544d38d214802ab42803f8
146,card1,8,22064,16265,16004,261,160,100,4f6be3cad94a9c57b75e818c0d7ebaab1a0e33cb83857cf7f7173ecc08ba4311
147,card2,8,38329,16265,16004,261,160,100,ac05f0faf254bb350b432691570d0f92df5413bfc1af36df9d61badfb9f4b4fe
148,card3,8,54594,16265,16004,261,160,100,f5c87061ed921c87a2d0df1426ed15ce91c1b1c6382ce5c0d9cbb032a33f12ad
149,card4,9,5323,16265,16004,261,160,100,286b34fbaaf1db4c50d75588dccab7ec2fd55c5aff10894904f8688bb838f9f9
150,card5,9,21588,16265,16004,261,160,100,22532566cd1a8b8df81944d4d2f2177ee55cd1d16b39c9b28f2436d7cf105667
151,card6,9,37853,16265,16004,261,160,100,213b28f1e3ea7bd1855e2b7049a8792cbc9ff0b3c38f8d495dd409cbb6f71778
152,lambor,9,54118,16265,16004,261,160,100,57b6cb0ca1304e7fb14515934a3ec09e45731771ab60bf0cd33d4f802b496f48
153,cit1,10,4847,9235,9004,231,180,50,61b226a451175bc3941d66ac61e845b6887a7aafd822f8a86675a951159a893c
154,cit2,10,14082,6424,6084,340,320,19,3a8f9ce815161068e80ce25b2eb4161ba5877cbf5aac5986d9208668a8c2a56b
155,cit3,10,20506,10276,9924,352,320,31,24b4d297c6e071a4bc289876d9c3eb7c93e32f5bf310af988ed18e44a66ecb63
156,saint,10,30782,8124,7807,317,289,27,3573c46598996f604c3f9c321c43193486738e7396909f5f33aaef54cb49a054
157,goruns,10,38906,8124,7807,317,289,27,5b311b3671c2d37e427b96543f288cf2d19fe8f31843532f024707d0f11e027a
158,mpole,10,47030,913,804,109,8,100,0be2b978bf07f7180941524ff36732e084444492b2c4a3d5ba95c0e97b11affb
159,string,10,47943,7956,7645,311,283,27,b9bd5ac144292ee3f0aa27f3a2e0d2602c839c5f77e8935b32a899f5d5bf569d
160,flowpole,10,55899,8385,8068,317,288,28,119537eecef4b3646773407391b872699fe1e208e4c7e4fef2e062db3c68c5f7
161,falssm,10,64284,12523,12164,359,320,38,3f30428c7581c8fbeb213152fcd9e4853065c3af41e9a1d217bf1d4375bd7d67
162,azfal,11,11271,8124,7807,317,289,27,b80979d41076e63a4f07e93f4f833489758650ec2f69dc2f0794cc2a8f8f03ae
163,bbfal,11,19395,8124,7807,317,289,27,75d97d196eb4bdfe6dfb30aa260c38208ce2880d7031ab7abc6d4ed86a256359
164,spring2,11,27519,5933,5780,153,76,76,2b77247f9eecb76fef56e94c7e7fd62edd3e4d16e57c120db1ca52cb3399c3f4
165,w1,11,33452,10858,10644,214,133,80,40619886edbe551db05d04f47f5de83bd0f5df013da2c027d9c6b0ddd4067d32
166,w2,11,44310,10858,10644,214,133,80,f071c363df3f1619c82ba31dd65c106b21174a9423111a64cad38feb91b0071a
167,w3,11,55168,10858,10644,214,133,80,380a2a49ff80c60f5cfc4f70b5eca9b72c595fb147f41193e61482c1bc754135
168,w4,12,490,10858,10644,214,133,80,f583e76386c4d2da2fa1020747cea0f39f31db12ed823dd5a633f081f0adfa9b
169,w5,12,11348,10858,10644,214,133,80,48dcd54d037eaf9109fafadfed5aafc58be893528f776f575c36c1100485c234
170,w6,12,22206,10858,10644,214,133,80,fb8778fa8cdbaaa4a37cecd1fb33374b88a2ef7a902a1f645f2a903c807ede8a
171,w7,12,33064,10858,10644,214,133,80,ffe32d86abb438ee0228e6daf1d50720ab80a20f91f2625d6426beb25e77b812
172,w8,12,43922,10858,10644,214,133,80,6a96468ac19a76c4264b145fa041106ed7892c1f64c1d69df4cf068b68d7b376
173,w9,12,54780,10858,10644,214,133,80,6dbbe01002cb0aa8d13b013038b44d623118ea2e54db2bbbc7caab42a91043fc
174,w10,13,102,10858,10644,214,133,80,174946145bc45b632af8647d9afab33fb298162e5ee0332c1ab29a7932ea347d
175,w11,13,10960,10858,10644,214,133,80,ebd9b8d189483d824497a03c4cd7c78dd15f99a529a377456ec7a9c5a4fe9c8e
176,troph,13,21818,7604,7429,175,75,99,87dc067baebea9d76275b0dfaa274c0c4ad2c8cfe944be2c306ef4537c3b351a
177,parkpol,13,29422,16265,16004,261,160,100,d94bb0aad0f3a81e7d60423cce17cbe4e8f2b36f6aedea1765f60e3dab7a4f7a
178,snowtree,13,45687,6772,6607,165,71,93,8191ddc3692f97c2a2f07b00d93cf61ff34e19ad512237b3c5fb43d4c0968542
179,dbl1,13,52459,21154,20864,290,140,149,044589e09a0ff134ef90a38f35ca016ce81896037509b9faac51398a77734ea1
180,dbl2,14,8077,21154,20864,290,140,149,c15b72888f08b9c47242ed26460cb61d74bf2a335a7b1ff6656ee1f71b5d5ace
181,flor,14,29231,2623,2500,123,96,26,f5e60487010fd8c80aac7d4f26a3fbaacddb9cf4bb3ace6a4304e50e814b9250
