line,assembly
36242,"17e17:	e8 3c 15             	call   0x19356"
36322,"17eb6:	e8 9d 14             	call   0x19356"
38767,"193b4:	c7 06 c3 40 00 00    	movw   $0x0,0x40c3"
38837,"19442:	c7 06 c3 40 00 00    	movw   $0x0,0x40c3"
38842,"1944c:	8b 36 c3 40          	mov    0x40c3,%si"
38853,"19467:	e8 ec fe             	call   0x19356"
38862,"19475:	8b 36 c3 40          	mov    0x40c3,%si"
38871,"1948b:	e8 c8 fe             	call   0x19356"
38875,"19491:	8b 36 c3 40          	mov    0x40c3,%si"
38883,"194a2:	8b 36 c3 40          	mov    0x40c3,%si"
38891,"194b3:	8b 36 c3 40          	mov    0x40c3,%si"
38899,"194c4:	8b 36 c3 40          	mov    0x40c3,%si"
38910,"194dc:	8b 36 c3 40          	mov    0x40c3,%si"
38954,"19549:	8b 36 c3 40          	mov    0x40c3,%si"
39999,"19ebd:	89 36 c3 40          	mov    %si,0x40c3"
40008,"19ece:	c7 06 c3 40 00 00    	movw   $0x0,0x40c3"
42469,"1b2f7:	26 3b 1e c3 40       	cmp    %es:0x40c3,%bx"
42471,"1b2fe:	26 01 06 c3 40       	add    %ax,%es:0x40c3"
43227,"1b925:	83 3e c3 40 00       	cmpw   $0x0,0x40c3"
43243,"1b94f:	39 16 c3 40          	cmp    %dx,0x40c3"
43258,"1b971:	83 3e c3 40 00       	cmpw   $0x0,0x40c3"
43324,"1ba0a:	83 3e c3 40 00       	cmpw   $0x0,0x40c3"
46276,"1d3e0:	c7 06 c3 40 00 00    	movw   $0x0,0x40c3"
46284,"1d3f6:	c7 06 c3 40 00 00    	movw   $0x0,0x40c3"
46299,"1d416:	c7 06 c3 40 00 00    	movw   $0x0,0x40c3"
46558,"1d632:	8b 36 c3 40          	mov    0x40c3,%si"
46561,"1d63a:	c7 06 c3 40 00 00    	movw   $0x0,0x40c3"
46636,"1d6d2:	c7 06 c3 40 00 00    	movw   $0x0,0x40c3"
48438,"1e579:	89 36 c3 40          	mov    %si,0x40c3"
48454,"1e5a0:	e8 b3 ad             	call   0x19356"
48464,"1e5b3:	e8 95 ae             	call   0x1944b"
48471,"1e5bf:	c7 06 c3 40 00 00    	movw   $0x0,0x40c3"
48492,"1e5f1:	89 36 c3 40          	mov    %si,0x40c3"
48516,"1e632:	e8 16 ae             	call   0x1944b"
48531,"1e656:	e8 f2 ad             	call   0x1944b"
48542,"1e670:	e8 d8 ad             	call   0x1944b"
48557,"1e690:	e8 b8 ad             	call   0x1944b"
48561,"1e699:	e8 af ad             	call   0x1944b"
48569,"1e6aa:	8b 1e c3 40          	mov    0x40c3,%bx"
48575,"1e6b9:	e8 8f ad             	call   0x1944b"
48580,"1e6c3:	8b 36 c3 40          	mov    0x40c3,%si"
48582,"1e6c9:	e8 8a ac             	call   0x19356"
49018,"1ea3e:	c7 06 c3 40 ac 40    	movw   $0x40ac,0x40c3"
49030,"1ea5b:	89 36 c3 40          	mov    %si,0x40c3"
49048,"1ea87:	89 36 c3 40          	mov    %si,0x40c3"
49100,"1eb00:	c7 06 c3 40 00 00    	movw   $0x0,0x40c3"
