index,file_offset,target_offset,target_segment,far_target
0,61626,20735,49203,C033:50FF
1,61630,47184,1,0001:B850
2,61634,36176,52318,CC5E:8D50
3,61638,61594,35625,8B29:F09A
4,61642,21268,65178,FE9A:5314
5,61646,35682,47124,B814:8B62
6,61650,1,20560,5050:0001
7,61654,24205,39628,9ACC:5E8D
8,61658,10736,5259,148B:29F0
9,61662,36179,27782,6C86:8D53
10,61666,20735,65178,FE9A:50FF
11,61670,35682,50964,C714:8B62
12,61674,27270,1535,05FF:6A86
13,61678,50944,26758,6886:C700
14,61682,45055,50944,C700:AFFF
15,61686,26246,34559,86FF:6686
16,61690,36096,27782,6C86:8D00
17,61694,20735,34445,868D:50FF
18,61698,65386,36176,8D50:FF6A
19,61702,26758,20735,50FF:6886
20,61706,34445,65382,FF66:868D
21,61710,39504,37324,91CC:9A50
22,61714,0,34445,868D:0000
23,61718,65388,47184,B850:FF6C
24,61722,1,20560,5050:0001
25,61726,24205,39628,9ACC:5E8D
26,61730,10736,5259,148B:29F0
27,61734,39507,25342,62FE:9A53
28,61738,5259,696,02B8:148B
29,61742,20480,440,01B8:5000
30,61746,20480,24205,5E8D:5000
31,61750,39628,10736,29F0:9ACC
