track,segment,opcode,magnitude,subtype,cumulative_before,nested_count,nested
TRACK1,0,0,10,,0,1,"[[50,6,1]]"
TRACK1,1,0,10,,10,1,"[[50,5,0]]"
TRACK1,2,0,800,,20,1,"[[10,7,11]]"
TRACK1,3,1,200,1,820,0,[]
TRACK1,4,3,50,1,1020,0,[]
TRACK1,5,5,73,1,1070,1,"[[10,5,19]]"
TRACK1,6,0,100,,1143,2,"[[10,2,20],[20,2,2]]"
TRACK1,7,0,500,,1243,0,[]
TRACK1,8,7,150,1,1743,0,[]
TRACK1,9,0,100,,1893,0,[]
TRACK1,10,3,200,1,1993,2,"[[10,7,11],[20,7,0]]"
TRACK1,11,1,100,1,2193,0,[]
TRACK1,12,0,500,,2293,0,[]
TRACK1,13,2,100,,2793,2,"[[10,3,18],[20,2,3]]"
TRACK1,14,7,150,1,2893,0,[]
TRACK1,15,0,1000,,3043,0,[]
TRACK1,16,3,50,1,4043,2,"[[10,7,11],[20,7,0]]"
TRACK1,17,1,200,1,4093,0,[]
TRACK1,18,5,200,1,4293,0,[]
TRACK1,19,1,200,1,4493,0,[]
TRACK1,20,5,73,1,4693,3,"[[11,5,84],[10,7,19],[20,7,1]]"
TRACK1,21,0,80,,4766,2,"[[10,2,20],[20,2,3]]"
TRACK1,22,7,500,1,4846,0,[]
TRACK1,23,3,100,1,5346,0,[]
TRACK1,24,7,10,1,5446,0,[]
TRACK1,25,0,1000,,5456,2,"[[20,7,0],[11,6,0]]"
TRACK1,26,3,170,1,6456,1,"[[10,7,11]]"
TRACK1,27,1,700,1,6626,0,[]
TRACK1,28,5,200,1,7326,0,[]
TRACK1,29,7,10,1,7526,0,[]
TRACK1,30,1,200,1,7536,0,[]
TRACK1,31,5,73,1,7736,2,"[[10,7,11],[11,2,14]]"
TRACK1,32,0,300,,7809,0,[]
TRACK1,33,7,150,1,8109,0,[]
TRACK1,34,0,800,,8259,0,[]
TRACK1,35,3,200,1,9059,3,"[[10,1,90],[11,1,90],[12,1,108]]"
TRACK1,36,0,50,,9259,3,"[[10,7,11],[11,7,11],[12,7,-1]]"
TRACK1,37,0,40,,9309,1,"[[80,30]]"
TRACK1,38,0,10,,9349,2,"[[50,5,0],[30,1,10]]"
TRACK1,39,0,100,,9359,3,"[[50,6,2],[70,3,999],[10,2,14]]"
TRACK1,40,0,25,,9459,1,"[[11,3,14]]"
TRACK1,41,0,1000,,9484,0,[]
TRACK1,42,7,200,1,10484,0,[]
TRACK1,43,1,800,1,10684,0,[]
TRACK1,44,5,220,1,11484,2,"[[10,7,0],[20,3,1]]"
TRACK1,45,3,200,1,11704,0,[]
TRACK1,46,0,800,,11904,0,[]
TRACK1,47,5,200,1,12704,0,[]
TRACK1,48,1,800,1,12904,2,"[[11,7,11],[21,7,0]]"
TRACK1,49,7,80,1,13704,0,[]
TRACK1,50,5,73,1,13784,5,"[[11,3,18],[21,3,4],[30,2,0],[50,6,1],[70,3,1010]]"
TRACK1,51,0,50,,13857,0,[]
TRACK1,52,7,130,1,13907,0,[]
TRACK1,53,0,500,,14037,0,[]
TRACK1,54,4,800,,14537,0,[]
TRACK1,55,0,500,,15337,1,"[[30,3,10]]"
TRACK1,56,0,50,,15837,1,"[[40,9,100]]"
TRACK1,57,0,400,,15887,0,[]
TRACK1,58,7,140,1,16287,0,[]
TRACK1,59,0,600,,16427,1,"[[30,3,149]]"
TRACK1,60,0,50,,17027,1,"[[40,0,0]]"
TRACK1,61,3,90,1,17077,0,[]
TRACK1,62,2,100,,17167,1,"[[10,5,85]]"
TRACK1,63,0,80,,17267,2,"[[11,2,20],[21,2,3]]"
TRACK1,64,3,230,1,17347,0,[]
TRACK1,65,0,400,,17577,1,"[[10,7,11]]"
TRACK1,66,7,10,1,17977,0,[]
TRACK1,67,0,400,,17987,5,"[[21,7,0],[22,7,0],[10,1,90],[11,1,90],[12,1,13]]"
TRACK1,68,0,50,,18387,3,"[[10,7,11],[11,7,11],[12,7,-1]]"
TRACK1,69,0,40,,18437,1,"[[50,5,0]]"
TRACK1,70,0,10,,18477,2,"[[50,6,2],[100,1000,0]]"
TRACK2,0,0,800,,0,1,"[[50,20,0]]"
TRACK2,1,7,200,1,800,0,[]
TRACK2,2,0,80,,1000,0,[]
TRACK2,3,3,200,2,1080,1,"[[50,19,0]]"
TRACK2,4,0,80,,1280,0,[]
TRACK2,5,7,100,2,1360,0,[]
TRACK2,6,1,100,1,1460,0,[]
TRACK2,7,3,10,3,1560,0,[]
TRACK2,8,7,50,2,1570,1,"[[50,20,0]]"
TRACK2,9,5,100,1,1620,0,[]
TRACK2,10,0,500,,1720,0,[]
TRACK2,11,1,60,1,2220,0,[]
TRACK2,12,0,700,,2280,0,[]
TRACK2,13,5,60,1,2980,0,[]
TRACK2,14,3,70,3,3040,0,[]
TRACK2,15,0,1000,,3110,1,"[[50,19,0]]"
TRACK2,16,7,190,1,4110,5,"[[10,3,97],[20,3,0],[11,3,97],[21,3,0],[12,3,98]]"
TRACK2,17,0,50,,4300,2,"[[30,3,146],[50,21,1]]"
TRACK2,18,0,900,,4350,1,"[[12,7,-1]]"
TRACK2,19,0,50,,5250,4,"[[30,3,148],[50,21,2],[10,7,89],[11,7,89]]"
TRACK2,20,0,80,,5300,1,"[[11,1,97]]"
TRACK2,21,0,20,,5380,1,"[[10,2,97]]"
TRACK2,22,3,70,2,5400,0,[]
TRACK2,23,0,400,,5470,4,"[[10,7,181],[20,7,1],[11,2,87],[21,2,1]]"
TRACK2,24,1,60,1,5870,0,[]
TRACK2,25,0,800,,5930,1,"[[11,1,84]]"
TRACK2,26,0,200,,6730,0,[]
TRACK2,27,7,70,3,6930,0,[]
TRACK2,28,5,100,1,7000,3,"[[10,1,90],[11,1,90],[12,1,108]]"
TRACK2,29,0,50,,7100,3,"[[10,7,87],[11,7,89],[12,7,-1]]"
TRACK2,30,0,40,,7150,5,"[[80,40],[10,3,86],[11,7,87],[21,7,1],[50,20,0]]"
TRACK2,31,0,800,,7190,2,"[[50,19,0],[11,2,86]]"
TRACK2,32,0,120,,7990,0,[]
TRACK2,33,3,200,1,8110,0,[]
TRACK2,34,0,700,,8310,3,"[[10,7,97],[11,7,97],[12,7,98]]"
TRACK2,35,0,50,,9010,2,"[[30,3,146],[50,21,1]]"
TRACK2,36,7,80,2,9060,0,[]
TRACK2,37,0,100,,9140,1,"[[12,7,-1]]"
TRACK2,38,0,50,,9240,2,"[[30,3,148],[50,21,2]]"
TRACK2,39,1,70,1,9290,0,[]
TRACK2,40,0,500,,9360,0,[]
TRACK2,41,3,100,2,9860,0,[]
TRACK2,42,0,2000,,9960,0,[]
TRACK2,43,5,73,1,11960,2,"[[10,7,86],[20,3,2]]"
TRACK2,44,7,60,1,12033,5,"[[50,20,0],[10,3,89],[20,1,3],[11,2,0],[21,2,0]]"
TRACK2,45,0,300,,12093,2,"[[30,2,145],[50,19,0]]"
TRACK2,46,0,800,,12393,1,"[[30,1,145]]"
TRACK2,47,7,70,1,13193,2,"[[11,7,89],[10,7,97]]"
TRACK2,48,1,190,1,13263,0,[]
TRACK2,49,0,200,,13453,1,"[[50,19,0]]"
TRACK2,50,5,500,1,13653,0,[]
TRACK2,51,7,120,1,14153,0,[]
TRACK2,52,1,600,1,14273,0,[]
TRACK2,53,3,160,1,14873,0,[]
TRACK2,54,0,800,,15033,0,[]
TRACK2,55,5,73,1,15833,0,[]
TRACK2,56,7,150,1,15906,3,"[[30,2,69],[11,7,181],[21,7,1]]"
TRACK2,57,0,1000,,16056,1,"[[50,20,0]]"
TRACK2,58,1,400,1,17056,1,"[[50,20,0]]"
TRACK2,59,3,200,1,17456,0,[]
TRACK2,60,0,1000,,17656,1,"[[30,1,69]]"
TRACK2,61,5,73,1,18656,5,"[[10,7,97],[20,1,0],[11,7,97],[21,1,0],[12,1,13]]"
TRACK2,62,0,40,,18729,1,"[[12,7,98]]"
TRACK2,63,0,50,,18769,2,"[[30,3,146],[100,1000,0]]"
TRACK3,0,3,90,1,0,0,[]
TRACK3,1,0,1000,,90,0,[]
TRACK3,2,7,200,1,1090,3,"[[10,1,30],[11,1,158],[12,1,156]]"
TRACK3,3,0,800,,1290,0,[]
TRACK3,4,3,100,2,2090,1,"[[10,2,14]]"
TRACK3,5,0,40,,2190,4,"[[50,5,0],[20,1,2],[11,7,114],[12,7,-1]]"
TRACK3,6,0,2000,,2230,0,[]
TRACK3,7,7,100,2,4230,2,"[[10,7,113],[11,7,84]]"
TRACK3,8,0,80,,4330,2,"[[20,7,1],[11,7,30]]"
TRACK3,9,0,200,,4410,3,"[[10,3,158],[11,3,158],[12,3,159]]"
TRACK3,10,0,200,,4610,2,"[[11,1,158],[12,1,159]]"
TRACK3,11,0,400,,4810,1,"[[11,7,84]]"
TRACK3,12,3,250,1,5210,0,[]
TRACK3,13,7,100,3,5460,0,[]
TRACK3,14,0,100,,5560,0,[]
TRACK3,15,3,80,2,5660,0,[]
TRACK3,16,7,200,1,5740,3,"[[12,7,-1],[10,7,113],[11,7,114]]"
TRACK3,17,0,80,,5940,0,[]
TRACK3,18,4,800,,6020,1,"[[10,3,14]]"
TRACK3,19,0,40,,6820,1,"[[50,5,0]]"
TRACK3,20,0,40,,6860,2,"[[50,25,1],[11,3,14]]"
TRACK3,21,0,620,,6900,0,[]
TRACK3,22,1,400,1,7520,0,[]
TRACK3,23,5,400,1,7920,3,"[[10,7,158],[11,7,158],[12,7,157]]"
TRACK3,24,0,80,,8320,2,"[[10,3,44],[12,3,156]]"
TRACK3,25,7,200,1,8400,1,"[[12,7,159]]"
TRACK3,26,0,80,,8600,3,"[[12,7,-1],[10,7,30],[11,7,114]]"
TRACK3,27,3,100,2,8680,0,[]
TRACK3,28,0,80,,8780,0,[]
TRACK3,29,7,90,1,8860,0,[]
TRACK3,30,0,400,,8950,1,"[[10,3,85]]"
TRACK3,31,0,40,,9350,0,[]
TRACK3,32,3,130,2,9390,3,"[[30,1,64],[10,7,89],[20,3,2]]"
TRACK3,33,0,400,,9520,0,[]
TRACK3,34,7,90,2,9920,0,[]
TRACK3,35,1,100,1,10010,0,[]
TRACK3,36,4,800,,10110,0,[]
TRACK3,37,7,90,1,10910,0,[]
TRACK3,38,5,73,1,11000,5,"[[10,1,90],[20,7,1],[11,1,90],[21,7,1],[12,1,108]]"
TRACK3,39,0,50,,11073,3,"[[10,7,158],[11,7,158],[12,7,159]]"
TRACK3,40,0,40,,11123,4,"[[50,25,2],[80,50],[50,5,0],[30,1,202]]"
TRACK3,41,0,400,,11163,3,"[[10,7,85],[11,7,30],[12,7,-1]]"
TRACK3,42,0,100,,11563,0,[]
TRACK3,43,3,90,2,11663,0,[]
TRACK3,44,1,9,1,11753,2,"[[10,7,44],[12,2,157]]"
TRACK3,45,3,75,1,11762,0,[]
TRACK3,46,0,1000,,11837,4,"[[10,2,14],[11,7,45],[12,7,-1],[50,25,1]]"
TRACK3,47,0,50,,12837,1,"[[11,2,14]]"
TRACK3,48,7,220,1,12887,0,[]
TRACK3,49,0,1500,,13107,0,[]
TRACK3,50,3,110,2,14607,0,[]
TRACK3,51,0,1000,,14717,0,[]
TRACK3,52,7,100,2,15717,0,[]
TRACK3,53,0,700,,15817,0,[]
TRACK3,54,3,240,1,16517,2,"[[10,7,113],[11,7,30]]"
TRACK3,55,7,100,3,16757,0,[]
TRACK3,56,0,100,,16857,0,[]
TRACK3,57,3,80,2,16957,1,"[[10,2,44]]"
TRACK3,58,7,200,1,17037,0,[]
TRACK3,59,0,80,,17237,1,"[[11,7,30]]"
TRACK3,60,3,105,2,17317,0,[]
TRACK3,61,0,500,,17422,2,"[[10,7,44],[11,7,45]]"
TRACK3,62,0,40,,17922,1,"[[10,2,14]]"
TRACK3,63,0,40,,17962,1,"[[11,2,14]]"
TRACK3,64,1,400,1,18002,1,"[[50,5,1]]"
TRACK3,65,5,400,1,18402,4,"[[50,5,1],[10,1,30],[11,1,30],[12,1,156]]"
TRACK3,66,7,200,1,18802,0,[]
TRACK3,67,0,80,,19002,0,[]
TRACK3,68,3,80,2,19082,0,[]
TRACK3,69,0,80,,19162,0,[]
TRACK3,70,7,100,1,19242,0,[]
TRACK3,71,0,300,,19342,3,"[[10,1,30],[11,1,30],[12,1,157]]"
TRACK3,72,3,100,1,19642,0,[]
TRACK3,73,0,300,,19742,0,[]
TRACK3,74,7,90,2,20042,0,[]
TRACK3,75,0,300,,20132,0,[]
TRACK3,76,3,50,2,20432,1,"[[12,7,-1]]"
TRACK3,77,0,1000,,20482,5,"[[21,7,0],[22,7,0],[10,1,90],[11,1,90],[12,1,13]]"
TRACK3,78,0,50,,21482,3,"[[12,7,-1],[10,7,14],[11,7,45]]"
TRACK3,79,0,40,,21532,2,"[[50,5,2],[100,1000,0]]"
TRACK4,0,0,700,,0,2,"[[12,7,-1],[11,7,11]]"
TRACK4,1,0,40,,700,1,"[[30,3,117]]"
TRACK4,2,7,140,1,740,0,[]
TRACK4,3,0,300,,880,0,[]
TRACK4,4,3,100,2,1180,3,"[[10,7,47],[11,7,104],[20,7,1]]"
TRACK4,5,0,40,,1280,2,"[[10,2,17],[20,2,2]]"
TRACK4,6,4,600,,1320,1,"[[10,2,17]]"
TRACK4,7,3,150,1,1920,0,[]
TRACK4,8,0,400,,2070,0,[]
TRACK4,9,7,130,2,2470,0,[]
TRACK4,10,0,200,,2600,2,"[[30,1,66],[11,7,17]]"
TRACK4,11,3,120,1,2800,1,"[[11,1,47]]"
TRACK4,12,4,700,,2920,0,[]
TRACK4,13,3,110,2,3620,0,[]
TRACK4,14,4,300,,3730,0,[]
TRACK4,15,7,150,1,4030,0,[]
TRACK4,16,3,80,1,4180,2,"[[12,3,105],[50,23,0]]"
TRACK4,17,7,130,2,4260,1,"[[50,24,1]]"
TRACK4,18,1,100,1,4390,0,[]
TRACK4,19,3,80,2,4490,1,"[[50,23,0]]"
TRACK4,20,0,400,,4570,1,"[[50,23,0]]"
TRACK4,21,4,400,,4970,2,"[[12,7,-1],[50,24,2]]"
TRACK4,22,5,150,1,5370,2,"[[10,3,48],[20,2,2]]"
TRACK4,23,3,150,1,5520,1,"[[30,1,115]]"
TRACK4,24,4,400,,5670,2,"[[10,7,103],[20,7,1]]"
TRACK4,25,3,130,1,6070,3,"[[11,7,104],[21,7,1],[12,3,160]]"
TRACK4,26,0,50,,6200,1,"[[30,3,116]]"
TRACK4,27,0,100,,6250,0,[]
TRACK4,28,7,140,2,6350,0,[]
TRACK4,29,0,200,,6490,2,"[[12,7,-1],[10,4,47]]"
TRACK4,30,0,50,,6690,1,"[[30,3,117]]"
TRACK4,31,0,20,,6740,1,"[[11,3,11]]"
TRACK4,32,3,170,1,6760,0,[]
TRACK4,33,7,190,1,6930,0,[]
TRACK4,34,1,300,1,7120,0,[]
TRACK4,35,6,500,,7420,4,"[[10,7,48],[20,1,3],[11,7,48],[20,2,2]]"
TRACK4,36,3,180,1,7920,0,[]
TRACK4,37,1,100,1,8100,0,[]
TRACK4,38,0,100,,8200,2,"[[10,3,17],[11,4,17]]"
TRACK4,39,2,100,,8300,1,"[[30,2,66]]"
TRACK4,40,7,120,1,8400,0,[]
TRACK4,41,4,500,,8520,1,"[[30,1,66]]"
TRACK4,42,3,200,1,9020,1,"[[12,1,108]]"
TRACK4,43,0,50,,9220,5,"[[10,7,11],[20,7,1],[11,7,11],[21,7,1],[12,7,-1]]"
TRACK4,44,0,40,,9270,1,"[[80,55]]"
TRACK4,45,0,80,,9310,0,[]
TRACK4,46,7,120,2,9390,0,[]
TRACK4,47,4,600,,9510,3,"[[12,3,105],[50,24,1],[50,23,1]]"
TRACK4,48,7,180,1,10110,0,[]
TRACK4,49,0,80,,10290,0,[]
TRACK4,50,3,100,2,10370,0,[]
TRACK4,51,2,400,,10470,0,[]
TRACK4,52,3,100,1,10870,0,[]
TRACK4,53,0,200,,10970,0,[]
TRACK4,54,1,50,1,11170,0,[]
TRACK4,55,7,100,2,11220,3,"[[12,7,-1],[50,24,2],[50,23,2]]"
TRACK4,56,6,500,,11320,3,"[[10,7,103],[11,7,104],[12,3,160]]"
TRACK4,57,0,123,,11820,0,[]
TRACK4,58,3,140,1,11943,0,[]
TRACK4,59,0,300,,12083,0,[]
TRACK4,60,7,100,2,12383,2,"[[12,7,-1],[10,2,47]]"
TRACK4,61,0,70,,12483,1,"[[11,3,47]]"
TRACK4,62,4,600,,12553,0,[]
TRACK4,63,7,150,1,13153,0,[]
TRACK4,64,0,400,,13303,0,[]
TRACK4,65,3,170,2,13703,2,"[[10,7,17],[11,7,17]]"
TRACK4,66,0,200,,13873,1,"[[10,2,48]]"
TRACK4,67,7,120,1,14073,0,[]
TRACK4,68,4,700,,14193,2,"[[11,2,47],[12,2,160]]"
TRACK4,69,7,110,2,14893,0,[]
TRACK4,70,4,300,,15003,0,[]
TRACK4,71,3,150,1,15303,0,[]
TRACK4,72,7,80,1,15453,3,"[[12,7,-1],[30,3,116],[40,116,70]]"
TRACK4,73,3,130,2,15533,0,[]
TRACK4,74,1,100,1,15663,0,[]
TRACK4,75,7,80,2,15763,0,[]
TRACK4,76,0,80,,15843,0,[]
TRACK4,77,4,400,,15923,0,[]
TRACK4,78,5,150,1,16323,1,"[[12,3,160]]"
TRACK4,79,7,150,1,16473,0,[]
TRACK4,80,4,400,,16623,1,"[[12,7,-1]]"
TRACK4,81,7,180,1,17023,0,[]
TRACK4,82,0,100,,17203,0,[]
TRACK4,83,3,140,2,17303,0,[]
TRACK4,84,0,200,,17443,0,[]
TRACK4,85,7,170,1,17643,0,[]
TRACK4,86,3,190,1,17813,0,[]
TRACK4,87,1,300,1,18003,4,"[[70,3,83],[73,2,7],[71,3,97],[71,2,95]]"
TRACK4,88,6,300,,18303,3,"[[30,1,230],[10,7,11],[20,7,0]]"
TRACK4,89,7,180,1,18603,0,[]
TRACK4,90,0,300,,18783,0,[]
TRACK4,91,3,120,1,19083,0,[]
TRACK4,92,6,500,,19203,0,[]
TRACK4,93,7,200,1,19703,0,[]
TRACK4,94,0,80,,19903,0,[]
TRACK4,95,3,120,2,19983,0,[]
TRACK4,96,6,400,,20103,0,[]
TRACK4,97,3,180,1,20503,0,[]
TRACK4,98,0,80,,20683,0,[]
TRACK4,99,7,100,2,20763,1,"[[30,1,66]]"
TRACK4,100,1,400,1,20863,4,"[[70,3,1107],[73,3,8],[71,3,105],[71,2,85]]"
TRACK4,101,7,100,1,21263,0,[]
TRACK4,102,0,200,,21363,0,[]
TRACK4,103,3,100,2,21563,0,[]
TRACK4,104,6,500,,21663,0,[]
TRACK4,105,21,7,0,22163,0,[]
TRACK4,106,22,7,0,22170,3,"[[10,1,90],[11,1,90],[12,1,13]]"
TRACK4,107,0,50,,22177,3,"[[12,7,160],[10,7,103],[11,7,104]]"
TRACK4,108,0,40,,22227,3,"[[30,3,115],[40,0,0],[100,1000,0]]"
TRACK5,0,0,40,,0,0,[]
TRACK5,1,7,90,2,40,0,[]
TRACK5,2,0,800,,130,0,[]
TRACK5,3,4,600,,930,0,[]
TRACK5,4,1,30,1,1530,0,[]
TRACK5,5,7,70,2,1560,0,[]
TRACK5,6,0,600,,1630,0,[]
TRACK5,7,4,800,,2230,2,"[[30,2,69],[11,7,104]]"
TRACK5,8,0,80,,3030,1,"[[11,2,17]]"
TRACK5,9,3,200,1,3110,0,[]
TRACK5,10,5,120,1,3310,0,[]
TRACK5,11,7,170,2,3430,0,[]
TRACK5,12,1,80,1,3600,0,[]
TRACK5,13,3,100,2,3680,0,[]
TRACK5,14,0,100,,3780,0,[]
TRACK5,15,6,500,,3880,1,"[[12,1,162]]"
TRACK5,16,0,40,,4380,1,"[[12,7,-1]]"
TRACK5,17,3,30,3,4420,0,[]
TRACK5,18,1,25,1,4450,0,[]
TRACK5,19,0,150,,4475,3,"[[30,1,0],[10,7,101],[51,26,40]]"
TRACK5,20,5,200,1,4625,0,[]
TRACK5,21,4,600,,4825,0,[]
TRACK5,22,7,100,1,5425,0,[]
TRACK5,23,3,110,3,5525,0,[]
TRACK5,24,4,600,,5635,4,"[[30,1,69],[10,7,17],[11,7,17],[12,1,108]]"
TRACK5,25,0,50,,6235,3,"[[12,7,-1],[70,2,999],[70,3,999]]"
TRACK5,26,0,40,,6285,1,"[[80,55]]"
TRACK5,27,1,100,1,6325,2,"[[10,2,14],[20,1,3]]"
TRACK5,28,0,30,,6425,2,"[[11,2,14],[21,1,2]]"
TRACK5,29,7,80,2,6455,1,"[[50,5,0]]"
TRACK5,30,5,100,1,6535,0,[]
TRACK5,31,3,120,1,6635,0,[]
TRACK5,32,0,200,,6755,2,"[[10,7,103],[20,7,1]]"
TRACK5,33,0,400,,6955,5,"[[30,1,85],[10,3,15],[40,154,0],[60,20,0],[51,26,90]]"
TRACK5,34,3,30,3,7355,0,[]
TRACK5,35,7,30,4,7385,0,[]
TRACK5,36,0,400,,7415,0,[]
TRACK5,37,1,100,1,7815,0,[]
TRACK5,38,6,400,,7915,0,[]
TRACK5,39,7,200,1,8315,0,[]
TRACK5,40,0,80,,8515,0,[]
TRACK5,41,3,200,2,8595,0,[]
TRACK5,42,0,80,,8795,0,[]
TRACK5,43,7,100,2,8875,0,[]
TRACK5,44,0,200,,8975,4,"[[70,2,161],[70,3,16],[11,7,102],[21,7,0]]"
TRACK5,45,0,60,,9175,2,"[[30,2,0],[51,26,60]]"
TRACK5,46,3,10,3,9235,0,[]
TRACK5,47,6,400,,9245,0,[]
TRACK5,48,3,200,1,9645,0,[]
TRACK5,49,0,80,,9845,0,[]
TRACK5,50,7,200,2,9925,0,[]
TRACK5,51,0,80,,10125,3,"[[60,0,0],[40,0,0],[10,7,103]]"
TRACK5,52,3,100,2,10205,1,"[[10,1,17]]"
TRACK5,53,0,30,,10305,2,"[[10,1,15],[30,1,69]]"
TRACK5,54,3,10,3,10335,0,[]
TRACK5,55,6,900,,10345,1,"[[30,2,69]]"
TRACK5,56,3,100,1,11245,4,"[[70,2,999],[70,3,999],[11,7,104],[12,2,105]]"
TRACK5,57,0,40,,11345,1,"[[50,24,0]]"
TRACK5,58,0,230,,11385,1,"[[11,1,17]]"
TRACK5,59,0,30,,11615,3,"[[50,23,0],[11,1,164],[12,7,-1]]"
TRACK5,60,7,110,3,11645,0,[]
TRACK5,61,6,600,,11755,0,[]
TRACK5,62,1,100,1,12355,0,[]
TRACK5,63,3,80,2,12455,0,[]
TRACK5,64,7,120,1,12535,0,[]
TRACK5,65,6,200,,12655,0,[]
TRACK5,66,7,30,3,12855,0,[]
TRACK5,67,3,30,4,12885,0,[]
TRACK5,68,1,400,1,12915,0,[]
TRACK5,69,6,400,,13315,0,[]
TRACK5,70,3,200,1,13715,0,[]
TRACK5,71,0,80,,13915,0,[]
TRACK5,72,7,200,2,13995,0,[]
TRACK5,73,0,80,,14195,0,[]
TRACK5,74,3,100,2,14275,0,[]
TRACK5,75,1,100,1,14375,0,[]
TRACK5,76,7,10,3,14475,0,[]
TRACK5,77,3,100,1,14485,3,"[[10,7,15],[30,1,85],[60,80,0]]"
TRACK5,78,0,120,,14585,5,"[[11,7,164],[30,2,85],[40,154,0],[60,150,0],[51,26,100]]"
TRACK5,79,6,400,,14705,1,"[[30,3,85]]"
TRACK5,80,0,40,,15105,1,"[[40,85,300]]"
TRACK5,81,7,200,1,15145,0,[]
TRACK5,82,0,80,,15345,0,[]
TRACK5,83,3,200,2,15425,0,[]
TRACK5,84,0,80,,15625,0,[]
TRACK5,85,7,100,2,15705,0,[]
TRACK5,86,3,10,3,15805,3,"[[12,1,163],[30,3,147],[40,154,0]]"
TRACK5,87,0,40,,15815,1,"[[12,7,-1]]"
TRACK5,88,0,80,,15855,5,"[[10,7,101],[20,7,0],[11,7,102],[21,7,0],[60,20,0]]"
TRACK5,89,0,40,,15935,6,"[[51,26,70],[60,0,0],[40,0,0],[30,1,0],[70,2,161],[70,3,16]]"
TRACK5,90,0,100,,15975,1,"[[30,2,0]]"
TRACK5,91,6,400,,16075,0,[]
TRACK5,92,7,200,1,16475,0,[]
TRACK5,93,0,80,,16675,0,[]
TRACK5,94,3,200,2,16755,0,[]
TRACK5,95,6,300,,16955,0,[]
TRACK5,96,7,200,1,17255,0,[]
TRACK5,97,0,80,,17455,0,[]
TRACK5,98,3,200,2,17535,0,[]
TRACK5,99,0,80,,17735,0,[]
TRACK5,100,6,1000,,17815,5,"[[21,7,0],[22,7,0],[10,1,90],[11,1,90],[12,1,13]]"
TRACK5,101,0,50,,18815,3,"[[12,7,-1],[10,7,101],[11,7,102]]"
TRACK5,102,0,40,,18865,1,"[[100,1000,0]]"
TRACK6,0,7,180,1,0,0,[]
TRACK6,1,0,900,,180,0,[]
TRACK6,2,3,200,2,1080,0,[]
TRACK6,3,0,80,,1280,0,[]
TRACK6,4,7,100,2,1360,0,[]
TRACK6,5,0,80,,1460,0,[]
TRACK6,6,3,80,2,1540,0,[]
TRACK6,7,4,900,,1620,0,[]
TRACK6,8,7,70,2,2520,0,[]
TRACK6,9,1,200,1,2590,0,[]
TRACK6,10,7,10,1,2790,0,[]
TRACK6,11,0,80,,2800,0,[]
TRACK6,12,3,200,1,2880,0,[]
TRACK6,13,0,80,,3080,0,[]
TRACK6,14,7,200,1,3160,0,[]
TRACK6,15,0,1000,,3360,0,[]
TRACK6,16,5,30,1,4360,0,[]
TRACK6,17,3,150,1,4390,0,[]
TRACK6,18,0,500,,4540,3,"[[51,21,40],[60,10,1],[30,3,147]]"
TRACK6,19,1,500,1,5040,0,[]
TRACK6,20,0,900,,5540,0,[]
TRACK6,21,7,60,2,6440,0,[]
TRACK6,22,4,1000,,6500,0,[]
TRACK6,23,3,30,3,7500,0,[]
TRACK6,24,5,100,1,7530,0,[]
TRACK6,25,7,50,2,7630,0,[]
TRACK6,26,1,100,1,7680,0,[]
TRACK6,27,3,30,3,7780,3,"[[60,20,1],[30,1,152],[40,155,10]]"
TRACK6,28,0,80,,7810,1,"[[30,2,152]]"
TRACK6,29,0,80,,7890,1,"[[30,3,148]]"
TRACK6,30,5,100,1,7970,1,"[[12,1,108]]"
TRACK6,31,0,50,,8070,5,"[[10,7,178],[20,7,1],[11,7,178],[21,7,1],[12,7,-1]]"
TRACK6,32,0,40,,8120,1,"[[80,80]]"
TRACK6,33,0,80,,8160,0,[]
TRACK6,34,7,80,2,8240,1,"[[30,3,149]]"
TRACK6,35,1,100,1,8320,0,[]
TRACK6,36,6,1000,,8420,0,[]
TRACK6,37,3,60,2,9420,3,"[[51,21,70],[60,80,1],[30,1,153]]"
TRACK6,38,0,100,,9480,1,"[[30,2,153]]"
TRACK6,39,0,80,,9580,1,"[[30,3,151]]"
TRACK6,40,1,2000,1,9660,8,"[[70,2,111],[71,2,74],[72,2,0],[73,2,4],[70,3,1112],[71,3,85],[72,3,0],[73,3,4]]"
TRACK6,41,5,100,1,11660,1,"[[20,1,3]]"
TRACK6,42,7,70,3,11760,1,"[[21,2,2]]"
TRACK6,43,1,100,1,11830,0,[]
TRACK6,44,3,30,3,11930,0,[]
TRACK6,45,5,100,1,11960,0,[]
TRACK6,46,7,80,2,12060,0,[]
TRACK6,47,1,100,1,12140,4,"[[10,3,0],[20,1,2],[30,1,155],[21,2,2]]"
TRACK6,48,0,100,,12240,2,"[[30,2,155],[11,2,110]]"
TRACK6,49,0,100,,12340,1,"[[30,3,153]]"
TRACK6,50,5,100,1,12440,2,"[[11,3,0],[10,1,110]]"
TRACK6,51,1,100,1,12540,0,[]
TRACK6,52,3,90,3,12640,0,[]
TRACK6,53,5,100,1,12730,0,[]
TRACK6,54,7,80,2,12830,0,[]
TRACK6,55,1,100,1,12910,1,"[[30,1,157]]"
TRACK6,56,0,150,,13010,1,"[[30,2,157]]"
TRACK6,57,7,110,2,13160,1,"[[30,3,155]]"
TRACK6,58,3,20,4,13270,0,[]
TRACK6,59,5,100,1,13290,1,"[[30,3,156]]"
TRACK6,60,4,600,,13390,0,[]
TRACK6,61,7,100,1,13990,0,[]
TRACK6,62,3,110,3,14090,0,[]
TRACK6,63,4,600,,14200,2,"[[60,40,1],[51,21,40]]"
TRACK6,64,7,30,4,14800,0,[]
TRACK6,65,1,100,1,14830,0,[]
TRACK6,66,0,100,,14930,2,"[[60,10,1],[51,21,30]]"
TRACK6,67,5,100,1,15030,0,[]
TRACK6,68,3,50,3,15130,0,[]
TRACK6,69,0,400,,15180,1,"[[60,0,1]]"
TRACK6,70,1,100,1,15580,0,[]
TRACK6,71,5,200,1,15680,0,[]
TRACK6,72,4,600,,15880,0,[]
TRACK6,73,7,100,1,16480,0,[]
TRACK6,74,3,110,3,16580,0,[]
TRACK6,75,4,600,,16690,0,[]
TRACK6,76,7,120,1,17290,0,[]
TRACK6,77,0,700,,17410,0,[]
TRACK6,78,3,120,2,18110,0,[]
TRACK6,79,0,80,,18230,0,[]
TRACK6,80,7,150,1,18310,0,[]
TRACK6,81,0,1000,,18460,0,[]
TRACK6,82,5,500,1,19460,0,[]
TRACK6,83,7,20,2,19960,0,[]
TRACK6,84,1,500,1,19980,0,[]
TRACK6,85,0,1000,,20480,0,[]
TRACK6,86,3,30,3,21480,0,[]
TRACK6,87,5,100,1,21510,0,[]
TRACK6,88,7,80,2,21610,0,[]
TRACK6,89,1,600,1,21690,0,[]
TRACK6,90,6,800,,22290,0,[]
TRACK6,91,3,200,1,23090,5,"[[21,7,0],[22,7,0],[10,1,90],[11,1,90],[12,1,13]]"
TRACK6,92,0,50,,23290,3,"[[10,7,0],[11,7,0],[12,7,-1]]"
TRACK6,93,0,40,,23340,1,"[[100,1000,0]]"
TRACK11,0,0,10,,0,1,"[[50,6,1]]"
TRACK11,1,0,10,,10,1,"[[50,5,0]]"
TRACK11,2,0,800,,20,1,"[[10,7,11]]"
TRACK11,3,1,200,1,820,0,[]
TRACK11,4,3,50,1,1020,0,[]
TRACK11,5,5,73,1,1070,1,"[[10,5,19]]"
TRACK11,6,0,100,,1143,2,"[[10,2,20],[20,2,2]]"
TRACK11,7,0,500,,1243,0,[]
TRACK11,8,7,150,1,1743,0,[]
TRACK11,9,0,100,,1893,0,[]
TRACK11,10,3,200,1,1993,2,"[[10,7,11],[20,7,0]]"
TRACK11,11,1,100,1,2193,0,[]
TRACK11,12,0,500,,2293,0,[]
TRACK11,13,2,100,,2793,2,"[[10,3,18],[20,2,3]]"
TRACK11,14,7,150,1,2893,0,[]
TRACK11,15,0,1000,,3043,0,[]
TRACK11,16,3,50,1,4043,2,"[[10,7,11],[20,7,0]]"
TRACK11,17,1,200,1,4093,0,[]
TRACK11,18,5,200,1,4293,0,[]
TRACK11,19,1,200,1,4493,0,[]
TRACK11,20,5,73,1,4693,4,"[[11,5,84],[10,7,19],[20,7,1],[30,3,10]]"
TRACK11,21,0,80,,4766,3,"[[40,9,100],[10,2,20],[20,2,3]]"
TRACK11,22,7,500,1,4846,0,[]
TRACK11,23,3,100,1,5346,0,[]
TRACK11,24,7,10,1,5446,0,[]
TRACK11,25,0,1000,,5456,2,"[[20,7,0],[11,6,0]]"
TRACK11,26,3,170,1,6456,1,"[[10,7,11]]"
TRACK11,27,1,700,1,6626,0,[]
TRACK11,28,5,200,1,7326,0,[]
TRACK11,29,7,10,1,7526,0,[]
TRACK11,30,1,200,1,7536,0,[]
TRACK11,31,5,73,1,7736,3,"[[10,7,11],[11,2,14],[30,3,149]]"
TRACK11,32,0,50,,7809,1,"[[40,0,0]]"
TRACK11,33,0,250,,7859,0,[]
TRACK11,34,7,150,1,8109,0,[]
TRACK11,35,0,800,,8259,0,[]
TRACK11,36,3,200,1,9059,3,"[[10,1,90],[11,1,90],[12,1,108]]"
TRACK11,37,0,50,,9259,3,"[[10,7,11],[11,7,11],[12,7,-1]]"
TRACK11,38,0,40,,9309,1,"[[80,30]]"
TRACK11,39,0,10,,9349,2,"[[50,5,0],[30,1,10]]"
TRACK11,40,0,100,,9359,3,"[[50,6,2],[70,3,999],[10,2,14]]"
TRACK11,41,0,25,,9459,1,"[[11,3,14]]"
TRACK11,42,0,1000,,9484,0,[]
TRACK11,43,7,200,1,10484,0,[]
TRACK11,44,1,800,1,10684,0,[]
TRACK11,45,5,220,1,11484,2,"[[10,7,0],[20,3,1]]"
TRACK11,46,3,200,1,11704,0,[]
TRACK11,47,0,800,,11904,0,[]
TRACK11,48,5,200,1,12704,0,[]
TRACK11,49,1,800,1,12904,2,"[[11,7,11],[21,7,0]]"
TRACK11,50,7,80,1,13704,0,[]
TRACK11,51,5,73,1,13784,5,"[[11,3,18],[21,3,4],[30,2,0],[50,6,1],[70,3,1010]]"
TRACK11,52,0,50,,13857,0,[]
TRACK11,53,7,130,1,13907,0,[]
TRACK11,54,0,500,,14037,0,[]
TRACK11,55,4,800,,14537,0,[]
TRACK11,56,0,500,,15337,0,[]
TRACK11,57,0,50,,15837,0,[]
TRACK11,58,0,400,,15887,0,[]
TRACK11,59,7,140,1,16287,0,[]
TRACK11,60,0,650,,16427,0,[]
TRACK11,61,3,90,1,17077,0,[]
TRACK11,62,2,100,,17167,1,"[[10,5,85]]"
TRACK11,63,0,80,,17267,2,"[[11,2,20],[21,2,3]]"
TRACK11,64,3,230,1,17347,0,[]
TRACK11,65,0,400,,17577,1,"[[10,7,11]]"
TRACK11,66,7,10,1,17977,0,[]
TRACK11,67,0,400,,17987,6,"[[21,7,0],[22,7,0],[10,1,90],[11,1,90],[12,1,13],[30,3,10]]"
TRACK11,68,0,50,,18387,4,"[[40,9,80],[10,7,11],[11,7,11],[12,7,-1]]"
TRACK11,69,0,40,,18437,1,"[[50,5,0]]"
TRACK11,70,0,10,,18477,2,"[[50,6,2],[100,1000,0]]"
TRACK12,0,0,800,,0,0,[]
TRACK12,1,7,200,1,800,0,[]
TRACK12,2,0,80,,1000,0,[]
TRACK12,3,3,200,2,1080,0,[]
TRACK12,4,0,80,,1280,0,[]
TRACK12,5,7,100,2,1360,0,[]
TRACK12,6,1,100,1,1460,0,[]
TRACK12,7,3,10,3,1560,0,[]
TRACK12,8,7,50,2,1570,0,[]
TRACK12,9,5,100,1,1620,0,[]
TRACK12,10,0,500,,1720,0,[]
TRACK12,11,1,60,1,2220,0,[]
TRACK12,12,0,700,,2280,0,[]
TRACK12,13,5,60,1,2980,0,[]
TRACK12,14,3,70,3,3040,0,[]
TRACK12,15,0,1000,,3110,0,[]
TRACK12,16,7,190,1,4110,5,"[[10,3,97],[20,3,0],[11,3,97],[21,3,0],[12,3,98]]"
TRACK12,17,0,50,,4300,2,"[[30,3,146],[50,21,1]]"
TRACK12,18,0,900,,4350,1,"[[12,7,-1]]"
TRACK12,19,0,50,,5250,4,"[[30,3,147],[50,21,2],[10,7,89],[11,7,89]]"
TRACK12,20,0,80,,5300,1,"[[11,1,97]]"
TRACK12,21,0,20,,5380,1,"[[10,2,97]]"
TRACK12,22,3,70,2,5400,2,"[[60,10,0],[51,27,60]]"
TRACK12,23,0,400,,5470,7,"[[10,7,181],[20,7,1],[11,2,87],[21,2,1],[40,154,0],[60,40,0],[51,27,80]]"
TRACK12,24,1,60,1,5870,0,[]
TRACK12,25,0,800,,5930,1,"[[11,1,84]]"
TRACK12,26,0,200,,6730,0,[]
TRACK12,27,7,70,3,6930,0,[]
TRACK12,28,5,100,1,7000,3,"[[10,1,90],[11,1,90],[12,1,108]]"
TRACK12,29,0,50,,7100,5,"[[40,154,0],[60,80,0],[10,7,87],[11,7,89],[12,7,-1]]"
TRACK12,30,0,40,,7150,4,"[[80,40],[10,3,86],[11,7,87],[21,7,1]]"
TRACK12,31,0,800,,7190,1,"[[11,2,86]]"
TRACK12,32,0,120,,7990,0,[]
TRACK12,33,3,200,1,8110,0,[]
TRACK12,34,0,700,,8310,6,"[[10,7,97],[11,7,97],[12,7,98],[40,154,0],[60,150,0],[51,27,100]]"
TRACK12,35,0,50,,9010,2,"[[30,3,146],[50,21,1]]"
TRACK12,36,7,80,2,9060,1,"[[51,27,50]]"
TRACK12,37,0,100,,9140,1,"[[12,7,-1]]"
TRACK12,38,0,50,,9240,2,"[[30,3,147],[50,21,2]]"
TRACK12,39,1,70,1,9290,0,[]
TRACK12,40,0,500,,9360,0,[]
TRACK12,41,3,100,2,9860,3,"[[60,0,0],[40,0,0],[50,27,2]]"
TRACK12,42,0,2000,,9960,0,[]
TRACK12,43,5,73,1,11960,2,"[[10,7,86],[20,3,2]]"
TRACK12,44,7,60,1,12033,4,"[[10,3,89],[20,1,3],[11,2,0],[21,2,0]]"
TRACK12,45,0,300,,12093,1,"[[30,2,145]]"
TRACK12,46,0,800,,12393,1,"[[30,1,145]]"
TRACK12,47,7,70,1,13193,2,"[[11,7,89],[10,7,97]]"
TRACK12,48,1,190,1,13263,0,[]
TRACK12,49,0,200,,13453,3,"[[51,27,40],[60,20,0],[40,154,0]]"
TRACK12,50,5,500,1,13653,0,[]
TRACK12,51,7,120,1,14153,0,[]
TRACK12,52,1,600,1,14273,0,[]
TRACK12,53,3,160,1,14873,0,[]
TRACK12,54,0,800,,15033,0,[]
TRACK12,55,5,73,1,15833,0,[]
TRACK12,56,7,150,1,15906,3,"[[30,2,68],[11,7,181],[21,7,1]]"
TRACK12,57,0,1000,,16056,0,[]
TRACK12,58,1,400,1,17056,0,[]
TRACK12,59,3,200,1,17456,0,[]
TRACK12,60,0,1000,,17656,1,"[[30,1,68]]"
TRACK12,61,5,73,1,18656,5,"[[10,7,97],[20,1,0],[11,7,97],[21,1,0],[12,1,13]]"
TRACK12,62,0,40,,18729,1,"[[12,7,98]]"
TRACK12,63,0,50,,18769,2,"[[30,3,146],[100,1000,0]]"
TRACK13,0,3,90,1,0,0,[]
TRACK13,1,0,1000,,90,0,[]
TRACK13,2,7,200,1,1090,3,"[[10,1,30],[11,1,158],[12,1,156]]"
TRACK13,3,0,800,,1290,0,[]
TRACK13,4,3,100,2,2090,1,"[[10,2,14]]"
TRACK13,5,0,40,,2190,4,"[[50,5,0],[20,1,2],[11,7,114],[12,7,-1]]"
TRACK13,6,0,2000,,2230,0,[]
TRACK13,7,7,100,2,4230,2,"[[10,7,113],[11,7,84]]"
TRACK13,8,0,80,,4330,2,"[[20,7,1],[11,7,30]]"
TRACK13,9,0,200,,4410,3,"[[10,3,158],[11,3,158],[12,3,159]]"
TRACK13,10,0,200,,4610,2,"[[11,1,158],[12,1,159]]"
TRACK13,11,0,400,,4810,1,"[[11,7,84]]"
TRACK13,12,3,250,1,5210,0,[]
TRACK13,13,7,100,3,5460,0,[]
TRACK13,14,0,100,,5560,0,[]
TRACK13,15,3,80,2,5660,0,[]
TRACK13,16,7,200,1,5740,3,"[[12,7,-1],[10,7,113],[11,7,114]]"
TRACK13,17,0,80,,5940,0,[]
TRACK13,18,4,800,,6020,1,"[[10,3,14]]"
TRACK13,19,0,40,,6820,1,"[[50,5,0]]"
TRACK13,20,0,40,,6860,2,"[[50,25,1],[11,3,14]]"
TRACK13,21,0,620,,6900,0,[]
TRACK13,22,1,400,1,7520,0,[]
TRACK13,23,5,400,1,7920,3,"[[10,7,158],[11,7,158],[12,7,157]]"
TRACK13,24,0,80,,8320,2,"[[10,3,44],[12,3,156]]"
TRACK13,25,7,200,1,8400,1,"[[12,7,159]]"
TRACK13,26,0,80,,8600,3,"[[12,7,-1],[10,7,30],[11,7,114]]"
TRACK13,27,3,100,2,8680,0,[]
TRACK13,28,0,80,,8780,0,[]
TRACK13,29,7,90,1,8860,0,[]
TRACK13,30,0,400,,8950,1,"[[10,3,85]]"
TRACK13,31,0,40,,9350,0,[]
TRACK13,32,3,130,2,9390,3,"[[30,1,64],[10,7,89],[20,3,2]]"
TRACK13,33,0,400,,9520,0,[]
TRACK13,34,7,90,2,9920,0,[]
TRACK13,35,1,100,1,10010,0,[]
TRACK13,36,4,800,,10110,0,[]
TRACK13,37,7,90,1,10910,0,[]
TRACK13,38,5,73,1,11000,5,"[[10,1,90],[20,7,1],[11,1,90],[21,7,1],[12,1,108]]"
TRACK13,39,0,50,,11073,3,"[[10,7,158],[11,7,158],[12,7,159]]"
TRACK13,40,0,40,,11123,4,"[[50,25,2],[80,50],[50,5,0],[30,1,203]]"
TRACK13,41,0,400,,11163,3,"[[10,7,85],[11,7,30],[12,7,-1]]"
TRACK13,42,0,100,,11563,0,[]
TRACK13,43,3,90,2,11663,0,[]
TRACK13,44,1,9,1,11753,2,"[[10,7,44],[12,2,157]]"
TRACK13,45,3,75,1,11762,0,[]
TRACK13,46,0,1000,,11837,4,"[[10,2,14],[11,7,45],[12,7,-1],[50,25,1]]"
TRACK13,47,0,50,,12837,1,"[[11,2,14]]"
TRACK13,48,7,220,1,12887,0,[]
TRACK13,49,0,1500,,13107,0,[]
TRACK13,50,3,110,2,14607,0,[]
TRACK13,51,0,1000,,14717,0,[]
TRACK13,52,7,100,2,15717,0,[]
TRACK13,53,0,700,,15817,0,[]
TRACK13,54,3,240,1,16517,2,"[[10,7,113],[11,7,30]]"
TRACK13,55,7,100,3,16757,0,[]
TRACK13,56,0,100,,16857,0,[]
TRACK13,57,3,80,2,16957,1,"[[10,2,44]]"
TRACK13,58,7,200,1,17037,0,[]
TRACK13,59,0,80,,17237,1,"[[11,7,30]]"
TRACK13,60,3,105,2,17317,0,[]
TRACK13,61,0,500,,17422,2,"[[10,7,44],[11,7,45]]"
TRACK13,62,0,40,,17922,1,"[[10,2,14]]"
TRACK13,63,0,40,,17962,1,"[[11,2,14]]"
TRACK13,64,1,400,1,18002,1,"[[50,5,1]]"
TRACK13,65,5,400,1,18402,4,"[[50,5,1],[10,1,30],[11,1,30],[12,1,156]]"
TRACK13,66,7,200,1,18802,0,[]
TRACK13,67,0,80,,19002,0,[]
TRACK13,68,3,80,2,19082,0,[]
TRACK13,69,0,80,,19162,0,[]
TRACK13,70,7,100,1,19242,0,[]
TRACK13,71,0,300,,19342,3,"[[10,1,30],[11,1,30],[12,1,157]]"
TRACK13,72,3,100,1,19642,0,[]
TRACK13,73,0,300,,19742,0,[]
TRACK13,74,7,90,2,20042,0,[]
TRACK13,75,0,300,,20132,0,[]
TRACK13,76,3,50,2,20432,1,"[[12,7,-1]]"
TRACK13,77,0,1000,,20482,5,"[[21,7,0],[22,7,0],[10,1,90],[11,1,90],[12,1,13]]"
TRACK13,78,0,50,,21482,3,"[[12,7,-1],[10,7,14],[11,7,45]]"
TRACK13,79,0,40,,21532,2,"[[50,5,2],[100,1000,0]]"
TRACK14,0,0,700,,0,2,"[[12,7,-1],[11,7,11]]"
TRACK14,1,0,40,,700,2,"[[30,3,117],[40,115,40]]"
TRACK14,2,7,140,1,740,0,[]
TRACK14,3,0,300,,880,0,[]
TRACK14,4,3,100,2,1180,3,"[[10,7,47],[11,7,104],[20,7,1]]"
TRACK14,5,0,40,,1280,2,"[[10,2,17],[20,2,2]]"
TRACK14,6,4,600,,1320,1,"[[10,2,17]]"
TRACK14,7,3,150,1,1920,0,[]
TRACK14,8,0,400,,2070,0,[]
TRACK14,9,7,130,2,2470,0,[]
TRACK14,10,0,200,,2600,2,"[[30,1,67],[11,7,17]]"
TRACK14,11,3,120,1,2800,1,"[[11,1,47]]"
TRACK14,12,4,700,,2920,0,[]
TRACK14,13,3,110,2,3620,0,[]
TRACK14,14,4,300,,3730,0,[]
TRACK14,15,7,150,1,4030,0,[]
TRACK14,16,3,80,1,4180,2,"[[12,3,105],[50,23,0]]"
TRACK14,17,7,130,2,4260,1,"[[50,24,1]]"
TRACK14,18,1,100,1,4390,0,[]
TRACK14,19,3,80,2,4490,1,"[[50,23,0]]"
TRACK14,20,0,400,,4570,1,"[[50,23,0]]"
TRACK14,21,4,400,,4970,2,"[[12,7,-1],[50,24,2]]"
TRACK14,22,5,150,1,5370,2,"[[10,3,48],[20,2,2]]"
TRACK14,23,3,150,1,5520,1,"[[30,1,116]]"
TRACK14,24,4,400,,5670,2,"[[10,7,103],[20,7,1]]"
TRACK14,25,3,130,1,6070,3,"[[11,7,104],[21,7,1],[12,3,160]]"
TRACK14,26,0,50,,6200,1,"[[30,3,116]]"
TRACK14,27,0,100,,6250,0,[]
TRACK14,28,7,140,2,6350,0,[]
TRACK14,29,0,200,,6490,2,"[[12,7,-1],[10,4,47]]"
TRACK14,30,0,50,,6690,1,"[[30,3,117]]"
TRACK14,31,0,20,,6740,1,"[[11,3,11]]"
TRACK14,32,3,170,1,6760,0,[]
TRACK14,33,7,190,1,6930,0,[]
TRACK14,34,1,300,1,7120,0,[]
TRACK14,35,6,500,,7420,4,"[[10,7,48],[20,1,3],[11,7,48],[20,2,2]]"
TRACK14,36,3,180,1,7920,0,[]
TRACK14,37,1,100,1,8100,0,[]
TRACK14,38,0,100,,8200,2,"[[10,3,17],[11,4,17]]"
TRACK14,39,2,100,,8300,1,"[[30,2,67]]"
TRACK14,40,7,120,1,8400,0,[]
TRACK14,41,4,500,,8520,1,"[[30,1,67]]"
TRACK14,42,3,200,1,9020,1,"[[12,1,108]]"
TRACK14,43,0,50,,9220,5,"[[10,7,11],[20,7,1],[11,7,11],[21,7,1],[12,7,-1]]"
TRACK14,44,0,40,,9270,1,"[[80,55]]"
TRACK14,45,0,80,,9310,0,[]
TRACK14,46,7,120,2,9390,0,[]
TRACK14,47,4,600,,9510,3,"[[12,3,105],[50,24,1],[50,23,1]]"
TRACK14,48,7,180,1,10110,0,[]
TRACK14,49,0,80,,10290,0,[]
TRACK14,50,3,100,2,10370,0,[]
TRACK14,51,2,400,,10470,0,[]
TRACK14,52,3,100,1,10870,0,[]
TRACK14,53,0,200,,10970,0,[]
TRACK14,54,1,50,1,11170,0,[]
TRACK14,55,7,100,2,11220,3,"[[12,7,-1],[50,24,2],[50,23,2]]"
TRACK14,56,6,500,,11320,3,"[[10,7,103],[11,7,104],[12,3,160]]"
TRACK14,57,0,123,,11820,0,[]
TRACK14,58,3,140,1,11943,0,[]
TRACK14,59,0,300,,12083,0,[]
TRACK14,60,7,100,2,12383,2,"[[12,7,-1],[10,2,47]]"
TRACK14,61,0,70,,12483,1,"[[11,3,47]]"
TRACK14,62,4,600,,12553,0,[]
TRACK14,63,7,150,1,13153,0,[]
TRACK14,64,0,400,,13303,0,[]
TRACK14,65,3,170,2,13703,2,"[[10,7,17],[11,7,17]]"
TRACK14,66,0,200,,13873,1,"[[10,2,48]]"
TRACK14,67,7,120,1,14073,0,[]
TRACK14,68,4,700,,14193,2,"[[11,2,47],[12,2,160]]"
TRACK14,69,7,110,2,14893,0,[]
TRACK14,70,4,300,,15003,0,[]
TRACK14,71,3,150,1,15303,0,[]
TRACK14,72,7,80,1,15453,3,"[[12,7,-1],[30,3,116],[40,116,70]]"
TRACK14,73,3,130,2,15533,0,[]
TRACK14,74,1,100,1,15663,0,[]
TRACK14,75,7,80,2,15763,0,[]
TRACK14,76,0,80,,15843,0,[]
TRACK14,77,4,400,,15923,0,[]
TRACK14,78,5,150,1,16323,1,"[[12,3,160]]"
TRACK14,79,7,150,1,16473,0,[]
TRACK14,80,4,400,,16623,1,"[[12,7,-1]]"
TRACK14,81,7,180,1,17023,0,[]
TRACK14,82,0,100,,17203,0,[]
TRACK14,83,3,140,2,17303,0,[]
TRACK14,84,0,200,,17443,0,[]
TRACK14,85,7,170,1,17643,0,[]
TRACK14,86,3,190,1,17813,0,[]
TRACK14,87,1,300,1,18003,4,"[[70,3,83],[73,2,7],[71,3,97],[71,2,95]]"
TRACK14,88,6,300,,18303,3,"[[30,1,231],[10,7,11],[20,7,0]]"
TRACK14,89,7,180,1,18603,0,[]
TRACK14,90,0,300,,18783,0,[]
TRACK14,91,3,120,1,19083,0,[]
TRACK14,92,6,500,,19203,0,[]
TRACK14,93,7,200,1,19703,0,[]
TRACK14,94,0,80,,19903,0,[]
TRACK14,95,3,120,2,19983,0,[]
TRACK14,96,6,400,,20103,0,[]
TRACK14,97,3,180,1,20503,0,[]
TRACK14,98,0,80,,20683,0,[]
TRACK14,99,7,100,2,20763,1,"[[30,1,66]]"
TRACK14,100,1,400,1,20863,4,"[[70,3,1042],[73,3,8],[71,3,105],[71,2,85]]"
TRACK14,101,7,100,1,21263,0,[]
TRACK14,102,0,200,,21363,0,[]
TRACK14,103,3,100,2,21563,0,[]
TRACK14,104,6,500,,21663,0,[]
TRACK14,105,21,7,0,22163,0,[]
TRACK14,106,22,7,0,22170,3,"[[10,1,90],[11,1,90],[12,1,13]]"
TRACK14,107,0,50,,22177,3,"[[12,7,160],[10,7,103],[11,7,104]]"
TRACK14,108,0,40,,22227,3,"[[30,3,115],[40,0,0],[100,1000,0]]"
TRACK15,0,0,40,,0,0,[]
TRACK15,1,7,90,2,40,0,[]
TRACK15,2,0,800,,130,0,[]
TRACK15,3,4,600,,930,0,[]
TRACK15,4,1,30,1,1530,0,[]
TRACK15,5,7,70,2,1560,0,[]
TRACK15,6,0,600,,1630,0,[]
TRACK15,7,4,800,,2230,2,"[[30,2,69],[11,7,104]]"
TRACK15,8,0,80,,3030,1,"[[11,2,17]]"
TRACK15,9,3,200,1,3110,0,[]
TRACK15,10,5,120,1,3310,0,[]
TRACK15,11,7,170,2,3430,0,[]
TRACK15,12,1,80,1,3600,0,[]
TRACK15,13,3,100,2,3680,0,[]
TRACK15,14,0,100,,3780,0,[]
TRACK15,15,6,500,,3880,1,"[[12,1,162]]"
TRACK15,16,0,40,,4380,1,"[[12,7,-1]]"
TRACK15,17,3,30,3,4420,0,[]
TRACK15,18,1,25,1,4450,0,[]
TRACK15,19,0,150,,4475,3,"[[30,1,0],[10,7,101],[51,26,40]]"
TRACK15,20,5,200,1,4625,1,"[[40,153,20]]"
TRACK15,21,4,600,,4825,0,[]
TRACK15,22,7,100,1,5425,0,[]
TRACK15,23,3,110,3,5525,0,[]
TRACK15,24,4,600,,5635,4,"[[30,1,69],[10,7,17],[11,7,17],[12,1,108]]"
TRACK15,25,0,50,,6235,3,"[[12,7,-1],[70,2,999],[70,3,999]]"
TRACK15,26,0,40,,6285,2,"[[40,0,0],[80,45]]"
TRACK15,27,1,100,1,6325,2,"[[10,2,14],[20,1,3]]"
TRACK15,28,0,30,,6425,2,"[[11,2,14],[21,1,2]]"
TRACK15,29,7,80,2,6455,1,"[[50,5,0]]"
TRACK15,30,5,100,1,6535,0,[]
TRACK15,31,3,120,1,6635,0,[]
TRACK15,32,0,200,,6755,2,"[[10,7,103],[20,7,1]]"
TRACK15,33,0,400,,6955,5,"[[30,1,85],[10,3,15],[40,154,0],[60,20,0],[51,26,90]]"
TRACK15,34,3,30,3,7355,0,[]
TRACK15,35,7,30,4,7385,0,[]
TRACK15,36,0,400,,7415,0,[]
TRACK15,37,1,100,1,7815,0,[]
TRACK15,38,6,400,,7915,0,[]
TRACK15,39,7,200,1,8315,0,[]
TRACK15,40,0,80,,8515,0,[]
TRACK15,41,3,200,2,8595,0,[]
TRACK15,42,0,80,,8795,0,[]
TRACK15,43,7,100,2,8875,0,[]
TRACK15,44,0,200,,8975,4,"[[70,2,161],[70,3,16],[11,7,102],[21,7,0]]"
TRACK15,45,0,60,,9175,2,"[[30,2,0],[51,26,60]]"
TRACK15,46,3,10,3,9235,0,[]
TRACK15,47,6,400,,9245,0,[]
TRACK15,48,3,200,1,9645,0,[]
TRACK15,49,0,80,,9845,0,[]
TRACK15,50,7,200,2,9925,0,[]
TRACK15,51,0,80,,10125,3,"[[60,0,0],[40,0,0],[10,7,103]]"
TRACK15,52,3,100,2,10205,1,"[[10,1,17]]"
TRACK15,53,0,30,,10305,2,"[[10,1,15],[30,1,69]]"
TRACK15,54,3,10,3,10335,0,[]
TRACK15,55,6,900,,10345,1,"[[30,2,69]]"
TRACK15,56,3,100,1,11245,4,"[[70,2,999],[70,3,999],[11,7,104],[12,2,105]]"
TRACK15,57,0,40,,11345,1,"[[50,24,0]]"
TRACK15,58,0,230,,11385,1,"[[11,1,17]]"
TRACK15,59,0,30,,11615,3,"[[50,23,0],[11,1,164],[12,7,-1]]"
TRACK15,60,7,110,3,11645,0,[]
TRACK15,61,6,600,,11755,0,[]
TRACK15,62,1,100,1,12355,0,[]
TRACK15,63,3,80,2,12455,0,[]
TRACK15,64,7,120,1,12535,0,[]
TRACK15,65,6,200,,12655,0,[]
TRACK15,66,7,30,3,12855,0,[]
TRACK15,67,3,30,4,12885,0,[]
TRACK15,68,1,400,1,12915,0,[]
TRACK15,69,6,400,,13315,0,[]
TRACK15,70,3,200,1,13715,0,[]
TRACK15,71,0,80,,13915,0,[]
TRACK15,72,7,200,2,13995,0,[]
TRACK15,73,0,80,,14195,0,[]
TRACK15,74,3,100,2,14275,0,[]
TRACK15,75,1,100,1,14375,0,[]
TRACK15,76,7,10,3,14475,0,[]
TRACK15,77,3,100,1,14485,3,"[[10,7,15],[30,1,85],[60,80,0]]"
TRACK15,78,0,120,,14585,5,"[[11,7,164],[30,2,85],[40,154,0],[60,150,0],[51,26,100]]"
TRACK15,79,6,400,,14705,1,"[[30,3,85]]"
TRACK15,80,0,40,,15105,1,"[[40,85,300]]"
TRACK15,81,7,200,1,15145,0,[]
TRACK15,82,0,80,,15345,0,[]
TRACK15,83,3,200,2,15425,0,[]
TRACK15,84,0,80,,15625,0,[]
TRACK15,85,7,100,2,15705,0,[]
TRACK15,86,3,10,3,15805,3,"[[12,1,163],[30,3,147],[40,154,0]]"
TRACK15,87,0,40,,15815,1,"[[12,7,-1]]"
TRACK15,88,0,80,,15855,5,"[[10,7,101],[20,7,0],[11,7,102],[21,7,0],[60,20,0]]"
TRACK15,89,0,40,,15935,6,"[[51,26,70],[60,0,0],[40,153,20],[30,1,0],[70,2,161],[70,3,16]]"
TRACK15,90,0,100,,15975,1,"[[30,2,0]]"
TRACK15,91,6,400,,16075,0,[]
TRACK15,92,7,200,1,16475,0,[]
TRACK15,93,0,80,,16675,0,[]
TRACK15,94,3,200,2,16755,0,[]
TRACK15,95,6,300,,16955,0,[]
TRACK15,96,7,200,1,17255,0,[]
TRACK15,97,0,80,,17455,0,[]
TRACK15,98,3,200,2,17535,0,[]
TRACK15,99,0,80,,17735,0,[]
TRACK15,100,6,1000,,17815,5,"[[21,7,0],[22,7,0],[10,1,90],[11,1,90],[12,1,13]]"
TRACK15,101,0,50,,18815,3,"[[12,7,-1],[10,7,101],[11,7,102]]"
TRACK15,102,0,40,,18865,1,"[[100,1000,0]]"
TRACK16,0,7,180,1,0,0,[]
TRACK16,1,0,900,,180,0,[]
TRACK16,2,3,200,2,1080,0,[]
TRACK16,3,0,80,,1280,0,[]
TRACK16,4,7,100,2,1360,0,[]
TRACK16,5,0,80,,1460,0,[]
TRACK16,6,3,80,2,1540,0,[]
TRACK16,7,4,900,,1620,0,[]
TRACK16,8,7,70,2,2520,0,[]
TRACK16,9,1,200,1,2590,1,"[[30,152,3]]"
TRACK16,10,7,10,1,2790,0,[]
TRACK16,11,0,80,,2800,0,[]
TRACK16,12,3,200,1,2880,0,[]
TRACK16,13,0,80,,3080,0,[]
TRACK16,14,7,200,1,3160,0,[]
TRACK16,15,0,1000,,3360,0,[]
TRACK16,16,5,30,1,4360,0,[]
TRACK16,17,3,150,1,4390,0,[]
TRACK16,18,0,500,,4540,0,[]
TRACK16,19,1,500,1,5040,0,[]
TRACK16,20,0,900,,5540,0,[]
TRACK16,21,7,60,2,6440,1,"[[30,153,3]]"
TRACK16,22,4,1000,,6500,0,[]
TRACK16,23,3,30,3,7500,0,[]
TRACK16,24,5,100,1,7530,0,[]
TRACK16,25,7,50,2,7630,0,[]
TRACK16,26,1,100,1,7680,0,[]
TRACK16,27,3,30,3,7780,0,[]
TRACK16,28,0,160,,7810,0,[]
TRACK16,29,5,100,1,7970,1,"[[12,1,108]]"
TRACK16,30,0,50,,8070,5,"[[10,7,178],[20,7,1],[11,7,178],[21,7,1],[12,7,-1]]"
TRACK16,31,0,40,,8120,2,"[[30,154,3],[80,80]]"
TRACK16,32,0,80,,8160,0,[]
TRACK16,33,7,80,2,8240,0,[]
TRACK16,34,1,100,1,8320,0,[]
TRACK16,35,6,1000,,8420,0,[]
TRACK16,36,3,60,2,9420,0,[]
TRACK16,37,0,180,,9480,0,[]
TRACK16,38,0,80,,9660,0,[]
TRACK16,39,1,2000,1,9740,8,"[[70,2,111],[71,2,74],[72,2,0],[73,2,4],[70,3,1112],[71,3,85],[72,3,0],[73,3,4]]"
TRACK16,40,5,100,1,11740,1,"[[20,1,3]]"
TRACK16,41,7,70,3,11840,1,"[[21,2,2]]"
TRACK16,42,1,100,1,11910,0,[]
TRACK16,43,3,30,3,12010,0,[]
TRACK16,44,5,100,1,12040,0,[]
TRACK16,45,7,80,2,12140,0,[]
TRACK16,46,1,100,1,12220,3,"[[10,3,0],[20,1,2],[21,2,2]]"
TRACK16,47,0,100,,12320,2,"[[30,155,3],[11,2,110]]"
TRACK16,48,0,100,,12420,0,[]
TRACK16,49,5,100,1,12520,2,"[[11,3,0],[10,1,110]]"
TRACK16,50,1,100,1,12620,0,[]
TRACK16,51,3,90,3,12720,0,[]
TRACK16,52,5,100,1,12810,0,[]
TRACK16,53,7,80,2,12910,0,[]
TRACK16,54,1,100,1,12990,0,[]
TRACK16,55,0,150,,13090,0,[]
TRACK16,56,7,110,2,13240,0,[]
TRACK16,57,3,20,4,13350,0,[]
TRACK16,58,5,100,1,13370,0,[]
TRACK16,59,4,600,,13470,0,[]
TRACK16,60,7,100,1,14070,0,[]
TRACK16,61,3,110,3,14170,0,[]
TRACK16,62,4,600,,14280,0,[]
TRACK16,63,7,30,4,14880,0,[]
TRACK16,64,1,100,1,14910,0,[]
TRACK16,65,0,100,,15010,1,"[[30,156,3]]"
TRACK16,66,5,100,1,15110,0,[]
TRACK16,67,3,50,3,15210,0,[]
TRACK16,68,0,400,,15260,0,[]
TRACK16,69,1,100,1,15660,0,[]
TRACK16,70,5,200,1,15760,0,[]
TRACK16,71,4,600,,15960,0,[]
TRACK16,72,7,100,1,16560,0,[]
TRACK16,73,3,110,3,16660,0,[]
TRACK16,74,4,600,,16770,0,[]
TRACK16,75,7,120,1,17370,0,[]
TRACK16,76,0,700,,17490,0,[]
TRACK16,77,3,120,2,18190,0,[]
TRACK16,78,0,80,,18310,0,[]
TRACK16,79,7,150,1,18390,0,[]
TRACK16,80,0,1000,,18540,0,[]
TRACK16,81,5,500,1,19540,0,[]
TRACK16,82,7,20,2,20040,0,[]
TRACK16,83,1,500,1,20060,0,[]
TRACK16,84,0,1000,,20560,0,[]
TRACK16,85,3,30,3,21560,0,[]
TRACK16,86,5,100,1,21590,0,[]
TRACK16,87,7,80,2,21690,0,[]
TRACK16,88,1,600,1,21770,0,[]
TRACK16,89,6,800,,22370,0,[]
TRACK16,90,3,200,1,23170,5,"[[21,7,0],[22,7,0],[10,1,90],[11,1,90],[12,1,13]]"
TRACK16,91,0,50,,23370,3,"[[10,7,0],[11,7,0],[12,7,-1]]"
TRACK16,92,0,40,,23420,1,"[[100,1000,0]]"
