address,dos_ah,dos_service,previous_ax,instruction
152df,25,OTHER,253d,int    $0x21
161e5,40,WRITE,,int    $0x21
161fd,3f,READ,,int    $0x21
162a6,35,OTHER,3524,int    $0x21
162c2,25,OTHER,2524,int    $0x21
162dc,25,OTHER,2524,int    $0x21
16526,25,OTHER,2509,int    $0x21
165a5,49,FREE,,int    $0x21
165d5,49,FREE,,int    $0x21
165fd,49,FREE,,int    $0x21
16614,3e,CLOSE,,int    $0x21
1661e,49,FREE,,int    $0x21
16634,3e,CLOSE,,int    $0x21
1688a,48,OTHER,,int    $0x21
16a7d,35,OTHER,3509,int    $0x21
16a94,25,OTHER,2509,int    $0x21
16ae2,25,OTHER,2509,int    $0x21
16c24,62,OTHER,,int    $0x21
16d3f,48,OTHER,,int    $0x21
17161,3d,OPEN,3d00,int    $0x21
1728b,3f,READ,,int    $0x21
17294,3e,CLOSE,3e00,int    $0x21
172a9,3e,CLOSE,3e00,int    $0x21
172b9,3e,CLOSE,3e00,int    $0x21
172c9,3e,CLOSE,3e00,int    $0x21
172d9,3e,CLOSE,3e00,int    $0x21
172e9,3e,CLOSE,3e00,int    $0x21
17320,3d,OPEN,3d00,int    $0x21
17331,42,LSEEK,4200,int    $0x21
17374,3f,READ,,int    $0x21
17384,3e,CLOSE,3e00,int    $0x21
17399,3e,CLOSE,3e00,int    $0x21
173a9,3e,CLOSE,3e00,int    $0x21
17510,49,FREE,,int    $0x21
17579,49,FREE,,int    $0x21
1785d,3e,CLOSE,3e00,int    $0x21
17881,5b,OTHER,5b00,int    $0x21
178a3,41,OTHER,4100,int    $0x21
178c7,3d,OPEN,3d02,int    $0x21
178f7,56,OTHER,5600,int    $0x21
17914,36,OTHER,3600,int    $0x21
17939,42,LSEEK,4202,int    $0x21
17956,42,LSEEK,4201,int    $0x21
17973,42,LSEEK,4200,int    $0x21
179b1,3f,READ,3f00,int    $0x21
179f0,40,WRITE,4000,int    $0x21
17ae1,41,OTHER,,int    $0x21
17ae7,4f,OTHER,,int    $0x21
17b1f,56,OTHER,,int    $0x21
17b63,1a,OTHER,,int    $0x21
17b6a,4e,OTHER,,int    $0x21
17b77,19,OTHER,,int    $0x21
17b7c,0d,OTHER,,int    $0x21
17b83,0e,OTHER,,int    $0x21
17c09,4f,OTHER,,int    $0x21
17c13,36,OTHER,,int    $0x21
17cc1,5c,OTHER,,int    $0x21
17dd1,44,OTHER,4406,int    $0x21
17efa,3d,OPEN,3d01,int    $0x21
17f03,44,OTHER,4400,int    $0x21
17f12,44,OTHER,4401,int    $0x21
17f1c,44,OTHER,440a,int    $0x21
17f33,3e,CLOSE,,int    $0x21
17f4a,40,WRITE,,int    $0x21
17f5b,3e,CLOSE,,int    $0x21
180af,35,OTHER,,int    $0x21
180bc,25,OTHER,,int    $0x21
183c2,25,OTHER,,int    $0x21
1858e,48,OTHER,,int    $0x21
18c8c,19,OTHER,,int    $0x21
18c9c,47,GETCWD,,int    $0x21
18e43,42,LSEEK,,int    $0x21
18f8c,,UNKNOWN,,int    $0x21
1906a,3f,READ,,int    $0x21
19090,40,WRITE,,int    $0x21
190a1,3e,CLOSE,,int    $0x21
19133,3c,OTHER,,int    $0x21
191c7,44,OTHER,,int    $0x21
191dd,44,OTHER,,int    $0x21
1926e,3d,OPEN,,int    $0x21
195a7,3e,CLOSE,,int    $0x21
1985e,35,OTHER,351c,int    $0x21
19874,25,OTHER,251c,int    $0x21
19a39,25,OTHER,2509,int    $0x21
1a0b6,44,OTHER,,int    $0x21
1a1a0,44,OTHER,,int    $0x21
1a25a,35,OTHER,3508,int    $0x21
1a267,35,OTHER,351c,int    $0x21
1a274,35,OTHER,3509,int    $0x21
1a28f,25,OTHER,251c,int    $0x21
1a297,35,OTHER,35ef,int    $0x21
1a2a4,25,OTHER,2509,int    $0x21
1a2ab,35,OTHER,35f0,int    $0x21
1a2b8,25,OTHER,2508,int    $0x21
1a2c2,25,OTHER,25ef,int    $0x21
1a2cd,25,OTHER,25f0,int    $0x21
1a2dd,35,OTHER,351c,int    $0x21
1a310,35,OTHER,3509,int    $0x21
1a31d,25,OTHER,25ef,int    $0x21
1a324,35,OTHER,3508,int    $0x21
1a331,25,OTHER,25f0,int    $0x21
1a33c,25,OTHER,2508,int    $0x21
1a346,25,OTHER,251c,int    $0x21
1a350,25,OTHER,2509,int    $0x21
1aa2d,,UNKNOWN,,int    $0x21
1ac94,25,OTHER,2508,int    $0x21
1b8cd,40,WRITE,,int    $0x21
1bf19,06,OTHER,,int    $0x21
1bf48,44,OTHER,4400,int    $0x21
1bf66,33,OTHER,,int    $0x21
1bf72,33,OTHER,,int    $0x21
1bf7d,33,OTHER,,int    $0x21
1bfc2,0c,OTHER,0c07,int    $0x21
1bfd2,35,OTHER,3500,int    $0x21
1bfdf,35,OTHER,3504,int    $0x21
1bfec,35,OTHER,3524,int    $0x21
1c001,25,OTHER,2500,int    $0x21
1c009,25,OTHER,2504,int    $0x21
1c011,25,OTHER,2524,int    $0x21
1c134,0d,OTHER,,int    $0x21
1c14b,30,OTHER,,int    $0x21
1c1c5,59,OTHER,,int    $0x21
1c1ff,25,OTHER,2500,int    $0x21
1c209,25,OTHER,2504,int    $0x21
1c213,25,OTHER,2524,int    $0x21
1ca3c,0c,OTHER,0c00,int    $0x21
1ca90,35,OTHER,35ef,int    $0x21
1ca9d,35,OTHER,35f0,int    $0x21
1caac,35,OTHER,3509,int    $0x21
1cab9,25,OTHER,25ef,int    $0x21
1cac0,35,OTHER,3508,int    $0x21
1cacd,25,OTHER,25f0,int    $0x21
1cad9,35,OTHER,351c,int    $0x21
1cb9b,30,OTHER,,int    $0x21
1cd6b,25,OTHER,251c,int    $0x21
1cd72,35,OTHER,35ef,int    $0x21
1cd7f,25,OTHER,2509,int    $0x21
1cd8a,25,OTHER,25ef,int    $0x21
1cd95,25,OTHER,25f0,int    $0x21
1cf0f,06,OTHER,0601,int    $0x21
1cf20,06,OTHER,,int    $0x21
1cf35,3f,READ,,int    $0x21
1cf59,40,WRITE,,int    $0x21
1eeb3,2c,OTHER,,int    $0x21
1f0d9,29,OTHER,2901,int    $0x21
1f0db,29,OTHER,2901,int    $0x21
1f0e0,29,OTHER,2901,int    $0x21
1f0f6,4b,OTHER,4b00,int    $0x21
1f187,48,OTHER,,int    $0x21
1f1dd,4a,RESIZE,,int    $0x21
1f23a,4a,RESIZE,,int    $0x21
1f2a6,35,OTHER,3500,int    $0x21
1f2b8,25,OTHER,2500,int    $0x21
1f349,44,OTHER,4400,int    $0x21
1f3e3,4c,OTHER,,int    $0x21
1f3fa,25,OTHER,2500,int    $0x21
1f40e,25,OTHER,,int    $0x21
20327,40,WRITE,,int    $0x21
20333,40,WRITE,,int    $0x21
203b4,35,OTHER,3534,int    $0x21
203e3,25,OTHER,2534,int    $0x21
203ea,25,OTHER,2534,int    $0x21
203ef,,UNKNOWN,,int    $0x21
203ff,25,OTHER,2534,int    $0x21
207f8,4c,OTHER,,int    $0x21
22660,35,OTHER,3502,int    $0x21
22670,25,OTHER,2502,int    $0x21
22675,35,OTHER,3523,int    $0x21
22685,25,OTHER,2523,int    $0x21
22694,25,OTHER,2502,int    $0x21
226a8,25,OTHER,2523,int    $0x21
