address,muldiv_count,arith_instruction_count,hex_constant_count,screen_related_constants,disassembly
136280,3,22,10,,"21458:	f7 e7                	mul    %di 21464:	f7 e7                	mul    %di 21466:	03 f0                	add    %ax,%si 21468:	13 ea                	adc    %dx,%bp 21471:	f7 e7                	mul    %di 21473:	03 e8                	add    %ax,%bp 21475:	83 d2 00             	adc    $0x0,%dx 2147e:	2b d3                	sub    %bx,%dx 21480:	1b ce                	sbb    %si,%cx 21483:	1b dd                	sbb    %bp,%bx 21486:	1b e8                	sbb    %ax,%bp 2148f:	03 0e 96 00          	add    0x96,%cx 21493:	13 1e 98 00          	adc    0x98,%bx 21497:	13 06 9a 00          	adc    0x9a,%ax 2149b:	13 16 9c 00          	adc    0x9c,%dx 214a3:	2b 0e 96 00          	sub    0x96,%cx 214a7:	1b 1e 98 00          	sbb    0x98,%bx 214ab:	1b 06 9a 00          	sbb    0x9a,%ax 214af:	03 0e"
130233,3,9,2,,"1fcb9:	f7 e2                	mul    %dx 1fcbe:	f6 e4                	mul    %ah 1fcc0:	03 c8                	add    %ax,%cx 1fcc2:	13 d7                	adc    %di,%dx 1fcc6:	f6 e7                	mul    %bh 1fcc8:	03 c8                	add    %ax,%cx 1fcca:	13 fa                	adc    %dx,%di 1fccc:	81 e9 f4 12          	sub    $0x12f4,%cx 1fcd0:	81 df 43 13          	sbb    $0x1343,%di"
128227,3,5,0,,"1f4e3:	f7 e3                	mul    %bx 1f4eb:	f7 e3                	mul    %bx 1f4f5:	03 c8                	add    %ax,%cx 1f4fa:	f7 e3                	mul    %bx 1f4fc:	03 d1                	add    %cx,%dx"
128309,3,6,0,,"1f535:	1d 00 00             	sbb    $0x0,%ax 1f54a:	f7 f1                	div    %cx 1f551:	f7 f1                	div    %cx 1f563:	d1 eb                	shr    $1,%bx 1f567:	d1 ea                	shr    $1,%dx 1f56f:	f7 f1                	div    %cx"
135818,3,12,0,,"2128a:	f7 e2                	mul    %dx 2128c:	03 d8                	add    %ax,%bx 2128e:	13 ea                	adc    %dx,%bp 21290:	83 d1 00             	adc    $0x0,%cx 212a1:	f7 e2                	mul    %dx 212a3:	03 d8                	add    %ax,%bx 212a5:	13 ea                	adc    %dx,%bp 212a7:	83 d1 00             	adc    $0x0,%cx 212b7:	f7 e2                	mul    %dx 212b9:	03 d8                	add    %ax,%bx 212bb:	13 ea                	adc    %dx,%bp 212bd:	83 d1 00             	adc    $0x0,%cx"
135887,3,15,0,,"212cf:	03 e8                	add    %ax,%bp 212d1:	13 ca                	adc    %dx,%cx 212d3:	83 d3 00             	adc    $0x0,%bx 212e4:	f7 e2                	mul    %dx 212e6:	03 e8                	add    %ax,%bp 212e8:	13 ca                	adc    %dx,%cx 212ea:	83 d3 00             	adc    $0x0,%bx 212fb:	f7 e2                	mul    %dx 212fd:	03 e8                	add    %ax,%bp 212ff:	13 ca                	adc    %dx,%cx 21301:	83 d3 00             	adc    $0x0,%bx 2130d:	f7 e2                	mul    %dx 2130f:	03 e8                	add    %ax,%bp 21311:	13 ca                	adc    %dx,%cx 21313:	83 d3 00             	adc    $0x0,%bx"
135981,3,20,0,,"2132d:	03 c8                	add    %ax,%cx 2132f:	13 da                	adc    %dx,%bx 21331:	83 d5 00             	adc    $0x0,%bp 21342:	f7 e2                	mul    %dx 21344:	03 c8                	add    %ax,%cx 21346:	13 da                	adc    %dx,%bx 21348:	83 d5 00             	adc    $0x0,%bp 21355:	f7 e2                	mul    %dx 21357:	03 c8                	add    %ax,%cx 21359:	13 da                	adc    %dx,%bx 2135b:	83 d5 00             	adc    $0x0,%bp 2136b:	03 d8                	add    %ax,%bx 2136d:	13 ea                	adc    %dx,%bp 2136f:	83 d1 00             	adc    $0x0,%cx 2137c:	f7 e2                	mul    %dx 2137e:	03 d8                	add    %ax,%bx 21380:	13 ea                	adc    %dx,%bp 21382:	83 d1 00             	adc    $0x0,%cx 2138b:	03 c5   "
118764,2,23,6,,"1cfec:	f7 e1                	mul    %cx 1cff1:	f7 e1                	mul    %cx 1cff6:	03 c2                	add    %dx,%ax 1cffb:	00 00                	add    %al,(%bx,%si) 1cffd:	01 02                	add    %ax,(%bp,%si) 1cfff:	03 04                	add    (%si),%ax 1d001:	05 06 0e             	add    $0xe06,%ax 1d005:	1a 1b                	sbb    (%bp,%di),%bl 1d009:	1b 10                	sbb    (%bx,%si),%dx 1d00b:	11 18                	adc    %bx,(%bx,%si) 1d00d:	19 00                	sbb    %ax,(%bx,%si) 1d00f:	01 02                	add    %ax,(%bp,%si) 1d011:	03 04                	add    (%si),%ax 1d013:	05 06 87             	add    $0x8706,%ax 1d01e:	10 11                	adc    %dl,(%bx,%di) 1d020:	12 13                	adc    (%bp,%di),%dl 1d022:	14 15                	adc    $0x"
126555,2,6,2,,"1ee5b:	f7 e1                	mul    %cx 1ee63:	f7 e1                	mul    %cx 1ee65:	03 d8                	add    %ax,%bx 1ee6e:	03 d8                	add    %ax,%bx 1ee70:	03 3e a4 3a          	add    0x3aa4,%di 1ee74:	12 1e a4 3a          	adc    0x3aa4,%bl"
119971,2,4,1,,"1d4a3:	f7 f1                	div    %cx 1d4a7:	f7 f1                	div    %cx 1d4aa:	04 30                	add    $0x30,%al 1d4b6:	2b c6                	sub    %si,%ax"
128472,2,3,0,,"1f5d8:	1d 00 00             	sbb    $0x0,%ax 1f5ed:	f7 f1                	div    %cx 1f5f2:	f7 f1                	div    %cx"
135768,2,8,0,,"21258:	f7 e2                	mul    %dx 2125a:	03 c8                	add    %ax,%cx 2125c:	13 da                	adc    %dx,%bx 2125e:	83 d5 00             	adc    $0x0,%bp 2126e:	f7 e2                	mul    %dx 21270:	03 c8                	add    %ax,%cx 21272:	13 da                	adc    %dx,%bx 21274:	83 d5 00             	adc    $0x0,%bp"
130441,1,36,9,"100,40","1fd89:	83 c1 12             	add    $0x12,%cx 1fd98:	00 00                	add    %al,(%bx,%si) 1fd9a:	00 00                	add    %al,(%bx,%si) 1fd9c:	00 00                	add    %al,(%bx,%si) 1fd9e:	00 a0 02 40          	add    %ah,0x4002(%bx,%si) 1fda2:	00 00                	add    %al,(%bx,%si) 1fda4:	00 00                	add    %al,(%bx,%si) 1fda6:	00 00                	add    %al,(%bx,%si) 1fda8:	00 c8                	add    %cl,%al 1fdaa:	05 40 00             	add    $0x40,%ax 1fdad:	00 00                	add    %al,(%bx,%si) 1fdaf:	00 00                	add    %al,(%bx,%si) 1fdb1:	00 00                	add    %al,(%bx,%si) 1fdb7:	00 00                	add    %al,(%bx,%si) 1fdb9:	00 00                	add    %al,(%bx,%si) 1fdbb:	00 40 9c             	add    %al,-0x64(%bx,%si) 1fd"
133987,1,38,7,80,"20b63:	00 00                	add    %al,(%bx,%si) 20b65:	01 00                	add    %ax,(%bx,%si) 20b67:	00 00                	add    %al,(%bx,%si) 20b69:	00 00                	add    %al,(%bx,%si) 20b6b:	00 00                	add    %al,(%bx,%si) 20b70:	00 00                	add    %al,(%bx,%si) 20b7d:	00 9e 53 65          	add    %bl,0x6553(%bp) 20b86:	00 00                	add    %al,(%bx,%si) 20b88:	00 00                	add    %al,(%bx,%si) 20b8d:	6b c1 91             	imul   $0xff91,%cx,%ax 20b94:	00 00                	add    %al,(%bx,%si) 20b9c:	04 b5                	add    $0xb5,%al 20ba6:	00 00                	add    %al,(%bx,%si) 20ba8:	00 80 01 00          	add    %al,0x1(%bx,%si) 20bac:	00 00                	add    %al,(%bx,%si) 20bb6:	01 00                	add    %ax,(%bx,%s"
130616,1,1,2,,"1fe38:	6b 55 27 39          	imul   $0x39,0x27(%di),%dx"
118437,1,9,1,80,"1cea5:	d1 e7                	shl    $1,%di 1cea9:	02 c1                	add    %cl,%al 1ceb4:	f6 e4                	mul    %ah 1ceb6:	02 c2                	add    %dl,%al 1ceb8:	80 d4 00             	adc    $0x0,%ah 1cebb:	d1 e0                	shl    $1,%ax 1cebd:	36 03 85 f8 3d       	add    %ss:0x3df8(%di),%ax 1cec8:	02 d1                	add    %cl,%dl 1ced6:	2a ce                	sub    %dh,%cl"
120761,1,3,1,,"1d7b9:	f6 f1                	div    %cl 1d7bb:	05 30 30             	add    $0x3030,%ax 1d7c2:	83 c6 04             	add    $0x4,%si"
126635,1,3,1,,"1eeab:	00 55 8b             	add    %dl,-0x75(%di) 1eeb7:	f6 e5                	mul    %ch 1eebb:	03 c1                	add    %cx,%ax"
115249,1,5,0,,"1c231:	d1 e2                	shl    $1,%dx 1c233:	d1 e2                	shl    $1,%dx 1c235:	d1 e2                	shl    $1,%dx 1c237:	d1 e2                	shl    $1,%dx 1c23d:	f7 e2                	mul    %dx"
120274,1,3,0,,"1d5d2:	f6 f1                	div    %cl 1d5d4:	2a cc                	sub    %ah,%cl 1d5d9:	05 0e 00             	add    $0xe,%ax"
126429,1,1,0,,1eddd:	f6 f3                	div    %bl
128522,1,3,0,,"1f60a:	d1 eb                	shr    $1,%bx 1f60e:	d1 ea                	shr    $1,%dx 1f616:	f7 f1                	div    %cx"
135748,1,1,0,,21244:	f7 e2                	mul    %dx
136264,1,1,0,,21448:	f7 f6                	div    %si
134235,0,46,17,80,"20c5b:	00 ce                	add    %cl,%dh 20c65:	00 00                	add    %al,(%bx,%si) 20c67:	00 9f 89 2b          	add    %bl,0x2b89(%bx) 20c70:	05 00 00             	add    $0x0,%ax 20c73:	00 65 42             	add    %ah,0x42(%di) 20c7d:	00 00                	add    %al,(%bx,%si) 20c7f:	00 90 4b ad          	add    %dl,-0x52b5(%bx,%si) 20c88:	05 00 00             	add    $0x0,%ax 20c8b:	00 03                	add    %al,(%bp,%di) 20c8d:	00 10                	add    %dl,(%bx,%si) 20c95:	f0 03 00             	lock add (%bx,%si),%ax 20c98:	00 00                	add    %al,(%bx,%si) 20ca2:	05 00 00             	add    $0x0,%ax 20ca5:	00 3b                	add    %bh,(%bp,%di) 20caf:	00 00                	add    %al,(%bx,%si) 20cb1:	00 90 4b ad          	add    %dl,-0x52b5(%bx,%si) 20c"
133757,0,9,9,,"20a7d:	1c 7f                	sbb    $0x7f,%al 20a83:	1d aa 1d             	sbb    $0x1daa,%ax 20a87:	1d b0 1d             	sbb    $0x1db0,%ax 20a8f:	1d b0 1d             	sbb    $0x1db0,%ax 20a93:	1d 9c 1d             	sbb    $0x1d9c,%ax 20a97:	1d 9c 1d             	sbb    $0x1d9c,%ax 20a9d:	1d 9c 1d             	sbb    $0x1d9c,%ax 20aa3:	1d 87 1d             	sbb    $0x1d87,%ax 20aa7:	1d a3 1d             	sbb    $0x1da3,%ax"
133683,0,12,6,32,"20a33:	13 fd                	adc    %bp,%di 20a35:	18 d4                	sbb    %dl,%ah 20a37:	15 48 18             	adc    $0x1848,%ax 20a3b:	14 53                	adc    $0x53,%al 20a3d:	19 08                	sbb    %cx,(%bx,%si) 20a45:	1b 7f 0d             	sbb    0xd(%bx),%di 20a4d:	1c e8                	sbb    $0xe8,%al 20a4f:	1c 0f                	sbb    $0xf,%al 20a51:	1a 32                	sbb    (%bp,%si),%dh 20a54:	19 1e 1e 1e          	sbb    %bx,0x1e1e 20a58:	14 1e                	adc    $0x1e,%al 20a5e:	2d 1e 7f             	sub    $0x7f1e,%ax"
118927,0,5,5,,"1d08f:	18 50 19             	sbb    %dl,0x19(%bx,%si) 1d093:	10 52 13             	adc    %dl,0x13(%bp,%si) 1d099:	14 55                	adc    $0x55,%al 1d09f:	11 58 2d             	adc    %bx,0x2d(%bx,%si) 1d0a3:	15 5a 2c             	adc    $0x2c5a,%ax"
118878,0,4,4,,"1d05e:	28 43 29             	sub    %al,0x29(%bp,%di) 1d062:	2a 85 2b 86          	sub    -0x79d5(%di),%al 1d066:	2c 87                	sub    $0x87,%al 1d068:	2d 88 2e             	sub    $0x2e88,%ax"
131723,0,9,4,,"2028b:	02 a8 04 75          	add    0x7504(%bx,%si),%ch 2029a:	00 00                	add    %al,(%bx,%si) 2029c:	00 00                	add    %al,(%bx,%si) 2029e:	00 00                	add    %al,(%bx,%si) 202a6:	05 0a 67             	add    $0x670a,%ax 202b6:	03 01                	add    (%bx,%di),%ax 202bb:	05 b7 05             	add    $0x5b7,%ax 202bf:	05 99 05             	add    $0x599,%ax 202c3:	00 d1                	add    %dl,%cl"
116148,0,3,3,,"1c5b4:	36 03 06 39 3e       	add    %ss:0x3e39,%ax 1c5c0:	36 03 06 39 3e       	add    %ss:0x3e39,%ax 1c5cc:	36 2b 06 39 3e       	sub    %ss:0x3e39,%ax"
123471,0,4,3,,"1e24f:	00 53 8b             	add    %dl,-0x75(%bp,%di) 1e253:	02 3b                	add    (%bp,%di),%bh 1e255:	1c 74                	sbb    $0x74,%al 1e257:	12 8a 07 43          	adc    0x4307(%bp,%si),%cl"
128972,0,5,3,,"1f7cc:	05 0b 06             	add    $0x60b,%ax 1f7d0:	05 05 05             	add    $0x505,%ax 1f7d4:	05 05 2c             	add    $0x2c05,%ax 1f7e0:	83 c4 08             	add    $0x8,%sp 1f7f3:	83 c4 06             	add    $0x6,%sp"
129443,0,3,3,,"1f9a3:	03 3e 36 38          	add    0x3836,%di 1f9a7:	03 3e 3a 38          	add    0x383a,%di 1f9b0:	2b 3e 3c 38          	sub    0x383c,%di"
115625,0,3,2,,"1c3a9:	d1 e9                	shr    $1,%cx 1c3ab:	81 c3 00 05          	add    $0x500,%bx 1c3bb:	81 c3 38 01          	add    $0x138,%bx"
118964,0,3,2,,"1d0b4:	10 fe                	adc    %bh,%dh 1d0b6:	12 52 1a             	adc    0x1a(%bp,%si),%dl 1d0bc:	1d 4b 1e             	sbb    $0x1e4b,%ax"
119675,0,4,2,,"1d37b:	00 50 9a             	add    %dl,-0x66(%bx,%si) 1d37f:	03 f2                	add    %dx,%si 1d381:	1b c3                	sbb    %bx,%ax 1d383:	00 55 8b             	add    %dl,-0x75(%di)"
126468,0,3,2,,"1ee04:	1c cd                	sbb    $0xcd,%al 1ee09:	05 f2 1b             	add    $0x1bf2,%ax 1ee1c:	2b d0                	sub    %ax,%dx"
127440,0,8,2,40,"1f1d0:	83 c3 0f             	add    $0xf,%bx 1f1d5:	d1 eb                	shr    $1,%bx 1f1d7:	d1 eb                	shr    $1,%bx 1f1d9:	d1 eb                	shr    $1,%bx 1f1e7:	00 b4 30 cd          	add    %dh,-0x32d0(%si) 1f1ed:	02 73 02             	add    0x2(%bp,%di),%dh 1f1f9:	2b f7                	sub    %di,%si 1f207:	81 c4 ee 40          	add    $0x40ee,%sp"
128022,0,5,2,,"1f416:	83 ef 04             	sub    $0x4,%di 1f42d:	00 00                	add    %al,(%bx,%si) 1f42f:	00 93 b7 9a          	add    %dl,-0x6549(%bp,%di) 1f43d:	00 59 5a             	add    %bl,0x5a(%bx,%di) 1f442:	2b d8                	sub    %ax,%bx"
128876,0,2,2,,"1f76c:	83 ec 12             	sub    $0x12,%sp 1f77a:	83 ec 12             	sub    $0x12,%sp"
129920,0,3,2,,"1fb80:	2c 30                	sub    $0x30,%al 1fb88:	2c 11                	sub    $0x11,%al 1fb8c:	04 0a                	add    $0xa,%al"
130326,0,6,2,,"1fd16:	81 e9 fe 3f          	sub    $0x3ffe,%cx 1fd22:	d1 eb                	shr    $1,%bx 1fd2e:	81 d6 9a 03          	adc    $0x39a,%si 1fd32:	13 e9                	adc    %cx,%bp 1fd34:	13 d1                	adc    %cx,%dx 1fd36:	13 d9                	adc    %cx,%bx"
131228,0,6,2,,"2009c:	2d ff 3f             	sub    $0x3fff,%ax 200a8:	05 3f 00             	add    $0x3f,%ax 200b2:	d2 e5                	shl    %cl,%ch 200b7:	d1 e8                	shr    $1,%ax 200b9:	d1 e8                	shr    $1,%ax 200bb:	d1 e8                	shr    $1,%ax"
132892,0,2,2,40,"2071c:	81 e9 3e 40          	sub    $0x403e,%cx 20720:	01 4e 1a             	add    %cx,0x1a(%bp)"
115971,0,1,1,,"1c503:	00 56 57             	add    %dl,0x57(%bp)"
116052,0,1,1,,"1c554:	03 0e a4 37          	add    0x37a4,%cx"
116257,0,7,1,80,"1c621:	00 00                	add    %al,(%bx,%si) 1c623:	00 00                	add    %al,(%bx,%si) 1c625:	28 19                	sub    %bl,(%bx,%di) 1c628:	01 c8                	add    %cx,%ax 1c62a:	00 00                	add    %al,(%bx,%si) 1c62f:	02 80 00 07          	add    0x700(%bx,%si),%al 1c635:	00 00                	add    %al,(%bx,%si)"
116299,0,6,1,,"1c64b:	00 02                	add    %al,(%bp,%si) 1c64d:	00 50 19             	add    %dl,0x19(%bx,%si) 1c653:	00 00                	add    %al,(%bx,%si) 1c658:	04 00                	add    $0x0,%al 1c65a:	01 03                	add    %ax,(%bp,%di) 1c65e:	00 00                	add    %al,(%bx,%si)"
116340,0,7,1,,"1c674:	00 07                	add    %al,(%bx) 1c676:	00 50 19             	add    %dl,0x19(%bx,%si) 1c67c:	01 00                	add    %ax,(%bx,%si) 1c680:	02 04                	add    (%si),%al 1c682:	00 01                	add    %al,(%bx,%di) 1c684:	00 07                	add    %al,(%bx) 1c687:	00 00                	add    %al,(%bx,%si)"
116982,0,10,1,,"1c8f6:	00 01                	add    %al,(%bx,%di) 1c8f8:	02 03                	add    (%bp,%di),%al 1c8fa:	04 05                	add    $0x5,%al 1c8fe:	10 11                	adc    %dl,(%bx,%di) 1c900:	12 13                	adc    (%bp,%di),%dl 1c902:	14 15                	adc    $0x15,%al 1c906:	00 01                	add    %al,(%bx,%di) 1c908:	02 03                	add    (%bp,%di),%al 1c90a:	04 05                	add    $0x5,%al 1c90c:	14 07                	adc    $0x7,%al"
117321,0,5,1,80,"1ca49:	00 00                	add    %al,(%bx,%si) 1ca4b:	00 00                	add    %al,(%bx,%si) 1ca4d:	00 00                	add    %al,(%bx,%si) 1ca4f:	00 80 3e 2b          	add    %al,0x2b3e(%bx,%si) 1ca53:	3e 00 74 03          	add    %dh,%ds:0x3(%si)"
118567,0,1,1,,"1cf27:	00 53 51             	add    %dl,0x51(%bp,%di)"
120664,0,1,1,,"1d758:	02 1e 9c 3d          	add    0x3d9c,%bl"
120823,0,3,1,,"1d7f7:	00 02                	add    %al,(%bp,%si) 1d7fb:	03 05                	add    (%di),%ax 1d7fe:	05 fd 5f             	add    $0x5ffd,%ax"
120866,0,1,1,32,"1d822:	14 32                	adc    $0x32,%al"
121113,0,1,1,32,"1d919:	2c 20                	sub    $0x20,%al"
121305,0,2,1,,"1d9d9:	2b 16 7c 3f          	sub    0x3f7c,%dx 1d9dd:	03 d3                	add    %bx,%dx"
121350,0,4,1,,"1da06:	03 ca                	add    %dx,%cx 1da16:	2b cb                	sub    %bx,%cx 1da24:	03 fa                	add    %dx,%di 1da34:	01 16 7c 3f          	add    %dx,0x3f7c"
121416,0,1,1,,"1da48:	01 0e 7a 3f          	add    %cx,0x3f7a"
121493,0,4,1,,"1da95:	2b cb                	sub    %bx,%cx 1da98:	2b ca                	sub    %dx,%cx 1daa0:	03 f2                	add    %dx,%si 1daa4:	29 16 7c 3f          	sub    %dx,0x3f7c"
122197,0,1,1,,"1dd55:	00 55 8b             	add    %dl,-0x75(%di)"
122270,0,4,1,,"1dd9e:	2b c8                	sub    %ax,%cx 1dda2:	03 c1                	add    %cx,%ax 1dda6:	d1 e9                	shr    $1,%cx 1ddad:	00 55 8b             	add    %dl,-0x75(%di)"
122493,0,1,1,,"1de7d:	00 55 8b             	add    %dl,-0x75(%di)"
124759,0,4,1,80,"1e757:	00 80 0e 14          	add    %al,0x140e(%bx,%si) 1e763:	00 eb                	add    %ch,%bl 1e76a:	14 0b                	adc    $0xb,%al 1e76c:	14 0b                	adc    $0xb,%al"
124923,0,1,1,,"1e7fb:	00 53 51             	add    %dl,0x51(%bp,%di)"
125064,0,1,1,32,"1e888:	00 6f e0             	add    %ch,-0x20(%bx)"
125089,0,1,1,,"1e8a1:	01 43 c8             	add    %ax,-0x38(%bp,%di)"
125430,0,2,1,,"1e9f6:	d1 e0                	shl    $1,%ax 1e9f8:	05 1e 38             	add    $0x381e,%ax"
125469,0,2,1,,"1ea1d:	83 c3 f4             	add    $0xfff4,%bx 1ea20:	d1 eb                	shr    $1,%bx"
125759,0,1,1,,"1eb3f:	00 55 8b             	add    %dl,-0x75(%di)"
126986,0,1,1,,"1f00a:	05 30 00             	add    $0x30,%ax"
127027,0,2,1,,"1f033:	00 c7                	add    %al,%bh 1f03b:	00 b8 50 62          	add    %bh,0x6250(%bx,%si)"
127133,0,4,1,,"1f09d:	00 c7                	add    %al,%bh 1f0a0:	00 38                	add    %bh,(%bx,%si) 1f0a6:	02 38                	add    (%bx,%si),%bh 1f0ab:	00 56 57             	add    %dl,0x57(%bp)"
127643,0,1,1,,"1f29b:	00 b4 30 cd          	add    %dh,-0x32d0(%si)"
128173,0,1,1,,"1f4ad:	00 8b 0e dc          	add    %cl,-0x23f2(%bp,%di)"
128398,0,3,1,,"1f58e:	83 ee 01             	sub    $0x1,%si 1f59d:	83 da 00             	sbb    $0x0,%dx 1f5a9:	00 55 8b             	add    %dl,-0x75(%di)"
129986,0,1,1,,"1fbc2:	2c 30                	sub    $0x30,%al"
130374,0,10,1,,"1fd46:	d0 e4                	shl    $1,%ah 1fd52:	d0 e4                	shl    $1,%ah 1fd5f:	12 e5                	adc    %ch,%ah 1fd62:	13 f1                	adc    %cx,%si 1fd65:	13 e9                	adc    %cx,%bp 1fd68:	13 d1                	adc    %cx,%dx 1fd6b:	13 d9                	adc    %cx,%bx 1fd6d:	14 00                	adc    $0x0,%al 1fd6f:	d0 e4                	shl    $1,%ah 1fd7c:	04 30                	add    $0x30,%al"
130676,0,2,1,,"1fe74:	2c 65                	sub    $0x65,%al 1fe76:	19 e2                	sbb    %sp,%dx"
130700,0,1,1,,"1fe8c:	05 bd 37             	add    $0x37bd,%ax"
130850,0,9,1,,"1ff22:	81 c3 46 00          	add    $0x46,%bx 1ff2c:	d1 ef                	shr    $1,%di 1ff2e:	d1 ef                	shr    $1,%di 1ff30:	d1 ef                	shr    $1,%di 1ff39:	d0 e0                	shl    $1,%al 1ff3d:	d0 e0                	shl    $1,%al 1ff3f:	d0 e0                	shl    $1,%al 1ff41:	02 c4                	add    %ah,%al 1ff45:	03 d8                	add    %ax,%bx"
130939,0,4,1,,"1ff7b:	d0 e1                	shl    $1,%cl 1ff7d:	d0 f9                	sar    $1,%cl 1ff8d:	03 d8                	add    %ax,%bx 1ff8f:	83 c3 10             	add    $0x10,%bx"
131019,0,8,1,,"1ffcb:	d0 e5                	shl    $1,%ch 1ffcd:	d0 fd                	sar    $1,%ch 1ffd8:	d0 e1                	shl    $1,%cl 1ffda:	d0 f9                	sar    $1,%cl 1ffe3:	d0 e4                	shl    $1,%ah 1ffe5:	d0 e4                	shl    $1,%ah 1fff0:	03 d8                	add    %ax,%bx 1fff2:	83 c3 10             	add    $0x10,%bx"
131099,0,3,1,,"2001b:	1c 00                	sbb    $0x0,%al 20024:	10 75 16             	adc    %dh,0x16(%di) 20036:	00 7f 04             	add    %bh,0x4(%bx)"
131174,0,1,1,,"20066:	1d 01 cd             	sbb    $0xcd01,%ax"
131311,0,1,1,,"200ef:	c0 e9 35             	shr    $0x35,%cl"
132129,0,1,1,,"20421:	83 ec 1c             	sub    $0x1c,%sp"
132271,0,1,1,,"204af:	83 c4 1c             	add    $0x1c,%sp"
132739,0,2,1,,"20683:	83 c6 0c             	add    $0xc,%si 20698:	81 c1 04 01          	add    $0x104,%cx"
133640,0,1,1,,"20a08:	36 1d 8a 0d          	ss sbb $0xd8a,%ax"
133848,0,1,1,,"20ad8:	02 0e db 0d          	add    0xddb,%cl"
133896,0,12,1,40,"20b08:	02 0e 04 06          	add    0x604,%cl 20b0e:	01 03                	add    %ax,(%bp,%di) 20b10:	05 07 00             	add    $0x7,%ax 20b13:	00 00                	add    %al,(%bx,%si) 20b15:	00 00                	add    %al,(%bx,%si) 20b17:	00 00                	add    %al,(%bx,%si) 20b19:	00 01                	add    %al,(%bx,%di) 20b26:	00 40 00             	add    %al,0x0(%bx,%si) 20b29:	03 00                	add    (%bx,%si),%ax 20b2b:	00 00                	add    %al,(%bx,%si) 20b2d:	00 00                	add    %al,(%bx,%si) 20b2f:	00 00                	add    %al,(%bx,%si)"
134620,0,4,1,80,"20ddc:	80 e9 34             	sub    $0x34,%cl 20de8:	d1 e3                	shl    $1,%bx 20df9:	03 76 00             	add    0x0(%bp),%si 20e03:	03 d0                	add    %ax,%dx"
135528,0,1,1,,"21168:	83 ee 10             	sub    $0x10,%si"
136904,0,1,1,,"216c8:	2c 7f                	sub    $0x7f,%al"
136977,0,2,1,,"21711:	2c 7f                	sub    $0x7f,%al 21716:	d1 e7                	shl    $1,%di"
137071,0,3,1,,"2176f:	04 7f                	add    $0x7f,%al 21776:	d0 e0                	shl    $1,%al 21778:	d0 e1                	shl    $1,%cl"
137262,0,1,1,,"2182e:	05 82 ff             	add    $0xff82,%ax"
137432,0,5,1,,"218d8:	d1 e8                	shr    $1,%ax 218da:	d1 e8                	shr    $1,%ax 218dc:	d1 e8                	shr    $1,%ax 218de:	d1 e8                	shr    $1,%ax 218ea:	2d ff 03             	sub    $0x3ff,%ax"
137500,0,2,1,,"2191c:	2d ff 03             	sub    $0x3ff,%ax 2192c:	d1 e5                	shl    $1,%bp"
137816,0,10,1,,"21a58:	05 ff 03             	add    $0x3ff,%ax 21a5b:	d1 e0                	shl    $1,%ax 21a5d:	d1 e0                	shl    $1,%ax 21a5f:	d1 e0                	shl    $1,%ax 21a61:	d1 e0                	shl    $1,%ax 21a6f:	83 ef 06             	sub    $0x6,%di 21a81:	d0 e9                	shr    $1,%cl 21a83:	d0 e9                	shr    $1,%cl 21a85:	d0 e9                	shr    $1,%cl 21a89:	d0 e9                	shr    $1,%cl"
137909,0,3,1,,"21ab5:	81 c5 ff 03          	add    $0x3ff,%bp 21abd:	83 c1 04             	add    $0x4,%cx 21ad2:	d0 ea                	shr    $1,%dl"
138198,0,3,1,,"21bd6:	83 c5 01             	add    $0x1,%bp 21bd9:	83 d7 00             	adc    $0x0,%di 21bed:	2d 10 00             	sub    $0x10,%ax"
138406,0,1,1,32,"21ca6:	2d 20 00             	sub    $0x20,%ax"
138640,0,2,1,,"21d90:	03 c1                	add    %cx,%ax 21da3:	83 e9 3f             	sub    $0x3f,%cx"
138695,0,3,1,,"21dc7:	83 e9 30             	sub    $0x30,%cx 21dca:	d1 ef                	shr    $1,%di 21dd8:	d1 ef                	shr    $1,%di"
138876,0,1,1,,"21e7c:	2d ff 3f             	sub    $0x3fff,%ax"
139050,0,2,1,,"21f2a:	83 ee 0c             	sub    $0xc,%si 21f3b:	05 ff 3f             	add    $0x3fff,%ax"
115002,0,2,0,,"1c13a:	00 c6                	add    %al,%dh 1c13f:	00 e8                	add    %ch,%al"
115047,0,2,0,,"1c167:	00 2f                	add    %ch,(%bx) 1c16e:	83 c6 0a             	add    $0xa,%si"
115594,0,2,0,,"1c38a:	d3 e0                	shl    %cl,%ax 1c38c:	d3 e2                	shl    %cl,%dx"
115722,0,2,0,,"1c40a:	03 da                	add    %dx,%bx 1c40c:	03 da                	add    %dx,%bx"
116381,0,5,0,,"1c69d:	00 08                	add    %cl,(%bx,%si) 1c6a5:	00 18                	add    %bl,(%bx,%si) 1c6a7:	18 18                	sbb    %bl,(%bx,%si) 1c6a9:	18 18                	sbb    %bl,(%bx,%si) 1c6ab:	18 18                	sbb    %bl,(%bx,%si)"
116439,0,1,0,,"1c6d7:	02 c4                	add    %ah,%al"
116479,0,1,0,,"1c6ff:	d0 ec                	shr    $1,%ah"
116647,0,2,0,,"1c7a7:	d3 e3                	shl    %cl,%bx 1c7b1:	03 c3                	add    %bx,%ax"
116922,0,2,0,,"1c8ba:	d0 e2                	shl    $1,%dl 1c8c6:	d2 e4                	shl    %cl,%ah"
117131,0,1,0,,"1c98b:	d0 e4                	shl    $1,%ah"
117868,0,1,0,80,"1cc6c:	80 e9 09             	sub    $0x9,%cl"
117889,0,1,0,,"1cc81:	d3 e3                	shl    %cl,%bx"
119028,0,1,0,,"1d0f4:	d2 e8                	shr    %cl,%al"
119048,0,1,0,,"1d108:	2c 0e                	sub    $0xe,%al"
119215,0,1,0,,"1d1af:	1a e4                	sbb    %ah,%ah"
119311,0,1,0,,"1d20f:	d0 e0                	shl    $1,%al"
119377,0,1,0,,"1d251:	00 e8                	add    %ch,%al"
119851,0,1,0,,"1d42b:	03 c1                	add    %cx,%ax"
119953,0,1,0,,"1d491:	13 c3                	adc    %bx,%ax"
120011,0,4,0,,"1d4cb:	03 f9                	add    %cx,%di 1d4d2:	2b c1                	sub    %cx,%ax 1d4d4:	03 d0                	add    %ax,%dx 1d4d6:	2b f8                	sub    %ax,%di"
120060,0,3,0,80,"1d4fc:	2a e1                	sub    %cl,%ah 1d4fe:	02 d4                	add    %ah,%dl 1d500:	80 d6 00             	adc    $0x0,%dh"
120154,0,1,0,,"1d55a:	03 d8                	add    %ax,%bx"
120342,0,1,0,,"1d616:	2a c4                	sub    %ah,%al"
120443,0,2,0,,"1d67b:	83 c6 0a             	add    $0xa,%si 1d689:	83 c5 02             	add    $0x2,%bp"
120502,0,1,0,,"1d6b6:	d1 e9                	shr    $1,%cx"
120731,0,3,0,,"1d79b:	d1 e0                	shl    $1,%ax 1d79d:	d1 e0                	shl    $1,%ax 1d79f:	03 f0                	add    %ax,%si"
121174,0,1,0,,"1d956:	83 c6 03             	add    $0x3,%si"
121214,0,1,0,,"1d97e:	2b cb                	sub    %bx,%cx"
121807,0,1,0,,"1dbcf:	2b ca                	sub    %dx,%cx"
121847,0,1,0,,"1dbf7:	2b cb                	sub    %bx,%cx"
121873,0,1,0,,"1dc11:	2b cb                	sub    %bx,%cx"
122066,0,1,0,,"1dcd2:	d0 e9                	shr    $1,%cl"
122155,0,1,0,,"1dd2b:	83 ee 04             	sub    $0x4,%si"
122359,0,1,0,,"1ddf7:	03 1d                	add    (%di),%bx"
122391,0,1,0,,"1de17:	d1 e9                	shr    $1,%cx"
122596,0,3,0,,"1dee4:	03 fb                	add    %bx,%di 1dee6:	2b ca                	sub    %dx,%cx 1deeb:	2b c8                	sub    %ax,%cx"
122628,0,1,0,,"1df04:	2b d9                	sub    %cx,%bx"
122702,0,1,0,,"1df4e:	2b ca                	sub    %dx,%cx"
122744,0,1,0,,"1df78:	2b c1                	sub    %cx,%ax"
122837,0,1,0,,"1dfd5:	d1 e9                	shr    $1,%cx"
123018,0,2,0,,"1e08a:	2b 57 02             	sub    0x2(%bx),%dx 1e092:	03 f9                	add    %cx,%di"
123115,0,1,0,,"1e0eb:	d1 e9                	shr    $1,%cx"
123154,0,1,0,,"1e112:	2b c1                	sub    %cx,%ax"
123233,0,1,0,,"1e161:	2b d9                	sub    %cx,%bx"
123432,0,2,0,,"1e228:	03 f9                	add    %cx,%di 1e22a:	2b ca                	sub    %dx,%cx"
123537,0,2,0,,"1e291:	03 c3                	add    %bx,%ax 1e29f:	2b 44 0a             	sub    0xa(%si),%ax"
123583,0,1,0,,"1e2bf:	83 c4 02             	add    $0x2,%sp"
123638,0,2,0,,"1e2f6:	2b c1                	sub    %cx,%ax 1e2fa:	2d 0a 00             	sub    $0xa,%ax"
123674,0,2,0,,"1e31a:	2b e1                	sub    %cx,%sp 1e329:	d1 e9                	shr    $1,%cx"
123714,0,2,0,,"1e342:	d1 e1                	shl    $1,%cx 1e344:	03 e1                	add    %cx,%sp"
123732,0,2,0,,"1e354:	d1 e0                	shl    $1,%ax 1e359:	03 f0                	add    %ax,%si"
124103,0,1,0,,"1e4c7:	83 c7 04             	add    $0x4,%di"
124216,0,2,0,,"1e538:	03 f0                	add    %ax,%si 1e53c:	83 c3 04             	add    $0x4,%bx"
124458,0,1,0,,"1e62a:	83 ee 04             	sub    $0x4,%si"
124724,0,3,0,,"1e734:	2b 45 02             	sub    0x2(%di),%ax 1e744:	03 f0                	add    %ax,%si 1e747:	d1 e9                	shr    $1,%cx"
124857,0,1,0,,"1e7b9:	14 00                	adc    $0x0,%al"
124878,0,1,0,,"1e7ce:	10 00                	adc    %al,(%bx,%si)"
124985,0,1,0,,"1e839:	d1 e0                	shl    $1,%ax"
125107,0,4,0,,"1e8b3:	d1 e0                	shl    $1,%ax 1e8bd:	d1 e0                	shl    $1,%ax 1e8bf:	d1 e0                	shl    $1,%ax 1e8c1:	03 f0                	add    %ax,%si"
125380,0,1,0,,"1e9c4:	d1 e3                	shl    $1,%bx"
125647,0,2,0,,"1eacf:	d1 e8                	shr    $1,%ax 1ead1:	d0 e4                	shl    $1,%ah"
125868,0,1,0,,"1ebac:	2b ce                	sub    %si,%cx"
126207,0,1,0,,"1ecff:	83 c4 04             	add    $0x4,%sp"
126299,0,2,0,,"1ed5b:	83 ef 04             	sub    $0x4,%di 1ed5f:	d1 e9                	shr    $1,%cx"
126334,0,2,0,,"1ed7e:	2b c2                	sub    %dx,%ax 1ed87:	03 c1                	add    %cx,%ax"
126381,0,1,0,,"1edad:	2b c3                	sub    %bx,%ax"
126401,0,1,0,,"1edc1:	03 d1                	add    %cx,%dx"
126519,0,3,0,80,"1ee37:	02 d4                	add    %ah,%dl 1ee39:	80 d6 00             	adc    $0x0,%dh 1ee3c:	14 00                	adc    $0x0,%al"
126769,0,4,0,,"1ef31:	00 c7                	add    %al,%bh 1ef39:	00 c7                	add    %al,%bh 1ef3e:	19 2b                	sbb    %bp,(%bp,%di) 1ef5b:	00 c7                	add    %al,%bh"
126849,0,6,0,,"1ef81:	00 c7                	add    %al,%bh 1ef90:	1a 37                	sbb    (%bx),%dh 1efad:	00 c7                	add    %al,%bh 1efb5:	00 c7                	add    %al,%bh 1efba:	01 3c                	add    %di,(%si) 1efc3:	00 c7                	add    %al,%bh"
127089,0,1,0,,"1f071:	00 c7                	add    %al,%bh"
127278,0,1,0,,"1f12e:	00 00                	add    %al,(%bx,%si)"
127335,0,1,0,,"1f167:	83 c6 04             	add    $0x4,%si"
127356,0,2,0,,"1f17c:	83 c3 0f             	add    $0xf,%bx 1f183:	d3 eb                	shr    %cl,%bx"
127406,0,2,0,,"1f1ae:	83 c6 04             	add    $0x4,%si 1f1bc:	03 1c                	add    (%si),%bx"
127525,0,3,0,,"1f225:	d3 e0                	shl    %cl,%ax 1f22c:	03 f7                	add    %di,%si 1f234:	2b de                	sub    %si,%bx"
127581,0,1,0,,"1f25d:	2b cf                	sub    %di,%cx"
128206,0,1,0,,"1f4ce:	00 00                	add    %al,(%bx,%si)"
128284,0,1,0,,"1f51c:	1d 00 00             	sbb    $0x0,%ax"
128449,0,1,0,,"1f5c1:	1d 00 00             	sbb    $0x0,%ax"
128563,0,6,0,,"1f633:	2b 46 0a             	sub    0xa(%bp),%ax 1f636:	1b 56 0c             	sbb    0xc(%bp),%dx 1f639:	2b 46 06             	sub    0x6(%bp),%ax 1f63c:	1b 56 08             	sbb    0x8(%bp),%dx 1f647:	83 da 00             	sbb    $0x0,%dx 1f65e:	00 00                	add    %al,(%bx,%si)"
128644,0,2,0,,"1f684:	83 c4 04             	add    $0x4,%sp 1f68f:	83 ec 02             	sub    $0x2,%sp"
128672,0,1,0,,"1f6a0:	83 ec 04             	sub    $0x4,%sp"
128690,0,1,0,,"1f6b2:	83 ec 04             	sub    $0x4,%sp"
128716,0,1,0,,"1f6cc:	83 c4 02             	add    $0x2,%sp"
128792,0,1,0,,"1f718:	83 ec 02             	sub    $0x2,%sp"
128817,0,1,0,,"1f731:	03 cd                	add    %bp,%cx"
129052,0,1,0,,"1f81c:	03 ce                	add    %si,%cx"
129182,0,1,0,,"1f89e:	83 db 00             	sbb    $0x0,%bx"
129243,0,9,0,80,"1f8db:	d1 e7                	shl    $1,%di 1f8e1:	d1 e7                	shl    $1,%di 1f8e7:	03 fd                	add    %bp,%di 1f8e9:	13 da                	adc    %dx,%bx 1f8eb:	80 d5 00             	adc    $0x0,%ch 1f8ee:	d1 e7                	shl    $1,%di 1f8f4:	03 f8                	add    %ax,%di 1f8f6:	83 d3 00             	adc    $0x0,%bx 1f8f9:	80 d5 00             	adc    $0x0,%ch"
129614,0,4,0,,"1fa4e:	03 d0                	add    %ax,%dx 1fa50:	83 d3 00             	adc    $0x0,%bx 1fa53:	83 d5 00             	adc    $0x0,%bp 1fa56:	83 d7 00             	adc    $0x0,%di"
129692,0,5,0,,"1fa9c:	03 d0                	add    %ax,%dx 1fa9f:	13 d8                	adc    %ax,%bx 1faa2:	13 e8                	adc    %ax,%bp 1faa5:	13 f8                	adc    %ax,%di 1faa7:	d1 e2                	shl    $1,%dx"
129735,0,1,0,,"1fac7:	83 db 00             	sbb    $0x0,%bx"
129815,0,3,0,,"1fb17:	03 dd                	add    %bp,%bx 1fb1c:	03 f8                	add    %ax,%di 1fb1e:	83 d3 00             	adc    $0x0,%bx"
129880,0,5,0,,"1fb58:	d1 e3                	shl    $1,%bx 1fb5a:	03 c3                	add    %bx,%ax 1fb5c:	d1 e3                	shl    $1,%bx 1fb5e:	d1 e3                	shl    $1,%bx 1fb60:	03 d8                	add    %ax,%bx"
130639,0,1,0,,"1fe4f:	f2 29 2f             	repnz sub %bp,(%bx)"
130832,0,1,0,,"1ff10:	00 fd                	add    %bh,%ch"
131336,0,1,0,,"20108:	02 c3                	add    %bl,%al"
131445,0,1,0,,"20175:	03 c3                	add    %bx,%ax"
131535,0,1,0,,"201cf:	04 0a                	add    $0xa,%al"
131694,0,4,0,,"2026e:	d0 e0                	shl    $1,%al 20270:	d0 f8                	sar    $1,%al 20274:	d0 ec                	shr    $1,%ah 20276:	d0 ec                	shr    $1,%ah"
131866,0,1,0,,"2031a:	2b fb                	sub    %bx,%di"
131907,0,1,0,,"20343:	d0 e8                	shr    $1,%al"
132028,0,1,0,,"203bc:	83 c7 04             	add    $0x4,%di"
132099,0,1,0,,"20403:	83 c7 04             	add    $0x4,%di"
132296,0,1,0,,"204c8:	83 c4 02             	add    $0x2,%sp"
132320,0,2,0,,"204e0:	d0 e9                	shr    $1,%cl 204e2:	d0 e9                	shr    $1,%cl"
132397,0,1,0,,"2052d:	83 c6 0c             	add    $0xc,%si"
132487,0,1,0,,"20587:	83 ee 0c             	sub    $0xc,%si"
132513,0,4,0,,"205a1:	d1 eb                	shr    $1,%bx 205a3:	d1 eb                	shr    $1,%bx 205ad:	d1 e3                	shl    $1,%bx 205af:	d1 e3                	shl    $1,%bx"
132572,0,1,0,,"205dc:	83 ee 0c             	sub    $0xc,%si"
132613,0,2,0,,"20605:	d3 e2                	shl    %cl,%dx 20611:	d0 e2                	shl    $1,%dl"
133366,0,1,0,,"208f6:	83 ee 0c             	sub    $0xc,%si"
133441,0,3,0,,"20941:	d0 e8                	shr    $1,%al 20943:	d0 e8                	shr    $1,%al 20945:	d0 e8                	shr    $1,%al"
133513,0,1,0,,"20989:	29 04                	sub    %ax,(%si)"
133952,0,5,0,,"20b40:	00 00                	add    %al,(%bx,%si) 20b42:	00 00                	add    %al,(%bx,%si) 20b4a:	00 00                	add    %al,(%bx,%si) 20b4c:	00 00                	add    %al,(%bx,%si) 20b4e:	00 00                	add    %al,(%bx,%si)"
134536,0,1,0,,"20d88:	83 ec 02             	sub    $0x2,%sp"
134675,0,2,0,,"20e13:	03 76 00             	add    0x0(%bp),%si 20e1d:	03 d0                	add    %ax,%dx"
134715,0,5,0,,"20e3b:	03 f0                	add    %ax,%si 20e4b:	d0 ed                	shr    $1,%ch 20e4d:	d0 ed                	shr    $1,%ch 20e4f:	d0 ed                	shr    $1,%ch 20e51:	d0 ed                	shr    $1,%ch"
134772,0,1,0,,"20e74:	83 ef 0c             	sub    $0xc,%di"
134798,0,4,0,,"20e8e:	d0 eb                	shr    $1,%bl 20e90:	d0 eb                	shr    $1,%bl 20e92:	d0 eb                	shr    $1,%bl 20e94:	d0 eb                	shr    $1,%bl"
134870,0,1,0,,"20ed6:	83 ee 0c             	sub    $0xc,%si"
134909,0,4,0,,"20efd:	d0 e6                	shl    $1,%dh 20eff:	02 d6                	add    %dh,%dl 20f03:	2b fa                	sub    %dx,%di 20f12:	83 c4 02             	add    $0x2,%sp"
135017,0,1,0,,"20f69:	83 ee 0c             	sub    $0xc,%si"
135131,0,3,0,,"20fdb:	d0 eb                	shr    $1,%bl 20fe7:	d0 eb                	shr    $1,%bl 20ff3:	d0 eb                	shr    $1,%bl"
135246,0,4,0,,"2104e:	d0 e0                	shl    $1,%al 21050:	d0 e0                	shl    $1,%al 21056:	d1 e0                	shl    $1,%ax 21058:	03 d8                	add    %ax,%bx"
135354,0,2,0,,"210ba:	83 ef 0c             	sub    $0xc,%di 210bd:	83 ee 0c             	sub    $0xc,%si"
135375,0,2,0,,"210cf:	83 ef 0c             	sub    $0xc,%di 210d2:	83 ee 0c             	sub    $0xc,%si"
135414,0,2,0,,"210f6:	2b c1                	sub    %cx,%ax 210fe:	03 c8                	add    %ax,%cx"
135465,0,4,0,,"21129:	83 ea 01             	sub    $0x1,%dx 2112c:	83 d9 00             	sbb    $0x0,%cx 2112f:	83 db 00             	sbb    $0x0,%bx 21132:	83 df 00             	sbb    $0x0,%di"
135571,0,2,0,,"21193:	83 ee 08             	sub    $0x8,%si 2119a:	d1 e5                	shl    $1,%bp"
135604,0,1,0,,"211b4:	d1 e8                	shr    $1,%ax"
135635,0,4,0,,"211d3:	03 14                	add    (%si),%dx 211d5:	13 4c 02             	adc    0x2(%si),%cx 211d8:	13 5c 04             	adc    0x4(%si),%bx 211db:	13 7c 06             	adc    0x6(%si),%di"
135669,0,4,0,,"211f5:	2b 14                	sub    (%si),%dx 211f7:	1b 4c 02             	sbb    0x2(%si),%cx 211fa:	1b 5c 04             	sbb    0x4(%si),%bx 211fd:	1b 7c 06             	sbb    0x6(%si),%di"
135695,0,4,0,,"2120f:	13 d6                	adc    %si,%dx 21211:	13 ce                	adc    %si,%cx 21213:	13 de                	adc    %si,%bx 21215:	13 fe                	adc    %si,%di"
135724,0,1,0,,"2122c:	03 c1                	add    %cx,%ax"
136102,0,3,0,,"213a6:	1b c1                	sbb    %cx,%ax 213ae:	83 c6 06             	add    $0x6,%si 213b1:	83 c7 06             	add    $0x6,%di"
136153,0,1,0,,"213d9:	d1 ea                	shr    $1,%dx"
136193,0,1,0,,"21401:	d1 e1                	shl    $1,%cx"
136427,0,1,0,,"214eb:	83 ee 08             	sub    $0x8,%si"
136461,0,1,0,,"2150d:	d1 e5                	shl    $1,%bp"
136496,0,2,0,,"21530:	d0 e8                	shr    $1,%al 21534:	d0 e8                	shr    $1,%al"
136521,0,5,0,80,"21549:	d0 e4                	shl    $1,%ah 2154f:	d0 e8                	shr    $1,%al 21555:	d0 e4                	shl    $1,%ah 2155b:	80 c7 01             	add    $0x1,%bh 2155e:	83 d7 00             	adc    $0x0,%di"
136565,0,2,0,,"21575:	d0 e8                	shr    $1,%al 21579:	d0 e8                	shr    $1,%al"
136596,0,2,0,,"21594:	d0 e8                	shr    $1,%al 21598:	d0 e8                	shr    $1,%al"
136621,0,10,0,80,"215ad:	d0 e4                	shl    $1,%ah 215b3:	d0 e8                	shr    $1,%al 215b9:	d0 e4                	shl    $1,%ah 215c1:	80 c6 08             	add    $0x8,%dh 215c4:	13 cd                	adc    %bp,%cx 215c6:	13 dd                	adc    %bp,%bx 215c8:	13 fd                	adc    %bp,%di 215d6:	d0 e8                	shr    $1,%al 215e1:	d0 e8                	shr    $1,%al 215e5:	d0 e8                	shr    $1,%al"
136698,0,7,0,,"215fa:	d0 e4                	shl    $1,%ah 21600:	d0 e8                	shr    $1,%al 21606:	d0 e4                	shl    $1,%ah 2160e:	83 c2 01             	add    $0x1,%dx 21611:	13 cd                	adc    %bp,%cx 21613:	13 dd                	adc    %bp,%bx 21615:	13 fd                	adc    %bp,%di"
136794,0,5,0,,"2165a:	d0 e8                	shr    $1,%al 2165c:	d0 e8                	shr    $1,%al 2165e:	d0 e8                	shr    $1,%al 21662:	d0 e8                	shr    $1,%al 21670:	d0 e8                	shr    $1,%al"
136881,0,1,0,,"216b1:	83 c6 0c             	add    $0xc,%si"
137018,0,1,0,,"2173a:	d1 e0                	shl    $1,%ax"
137110,0,8,0,,"21796:	d0 e9                	shr    $1,%cl 21798:	d0 e9                	shr    $1,%cl 2179a:	d0 e9                	shr    $1,%cl 2179e:	d0 e9                	shr    $1,%cl 217b1:	83 c3 01             	add    $0x1,%bx 217b4:	15 00 00             	adc    $0x0,%ax 217bd:	d1 e2                	shl    $1,%dx 217ca:	d0 e9                	shr    $1,%cl"
137187,0,4,0,,"217e3:	d0 e9                	shr    $1,%cl 217e5:	d0 e9                	shr    $1,%cl 217e7:	d0 e9                	shr    $1,%cl 217eb:	d0 e9                	shr    $1,%cl"
137219,0,1,0,,"21803:	d0 e9                	shr    $1,%cl"
137293,0,1,0,,"2184d:	d1 eb                	shr    $1,%bx"
137347,0,1,0,,"21883:	83 c6 0c             	add    $0xc,%si"
137374,0,3,0,,"2189e:	d1 e5                	shl    $1,%bp 218a6:	d1 e5                	shl    $1,%bp 218ae:	d1 e5                	shl    $1,%bp"
137574,0,3,0,,"21966:	d0 e9                	shr    $1,%cl 2196e:	d0 e9                	shr    $1,%cl 21976:	d0 e9                	shr    $1,%cl"
137696,0,4,0,,"219e0:	d0 e8                	shr    $1,%al 219e2:	d0 e8                	shr    $1,%al 219e4:	d0 e8                	shr    $1,%al 219e8:	d0 e8                	shr    $1,%al"
137730,0,10,0,80,"21a02:	83 c2 08             	add    $0x8,%dx 21a05:	83 d3 00             	adc    $0x0,%bx 21a08:	15 00 00             	adc    $0x0,%ax 21a0b:	80 d1 00             	adc    $0x0,%cl 21a1c:	d0 e1                	shl    $1,%cl 21a22:	d0 e8                	shr    $1,%al 21a26:	d0 e1                	shl    $1,%cl 21a36:	d0 e9                	shr    $1,%cl 21a3e:	d0 e9                	shr    $1,%cl 21a46:	d0 e9                	shr    $1,%cl"
137885,0,1,0,,"21a9d:	d0 e9                	shr    $1,%cl"
137990,0,1,0,,"21b06:	83 c6 0c             	add    $0xc,%si"
138030,0,1,0,,"21b2e:	83 c6 0c             	add    $0xc,%si"
138173,0,1,0,,"21bbd:	83 c6 0c             	add    $0xc,%si"
138294,0,2,0,,"21c36:	83 c2 01             	add    $0x1,%dx 21c39:	83 d3 00             	adc    $0x0,%bx"
138365,0,1,0,,"21c7d:	83 c6 0c             	add    $0xc,%si"
138494,0,1,0,,"21cfe:	83 ee 0c             	sub    $0xc,%si"
138541,0,3,0,,"21d2d:	83 d3 00             	adc    $0x0,%bx 21d30:	83 d5 00             	adc    $0x0,%bp 21d33:	83 d7 00             	adc    $0x0,%di"
138620,0,1,0,,"21d7c:	d1 e2                	shl    $1,%dx"
138749,0,5,0,,"21dfd:	d0 ec                	shr    $1,%ah 21e03:	83 c2 01             	add    $0x1,%dx 21e06:	13 d8                	adc    %ax,%bx 21e08:	13 e8                	adc    %ax,%bp 21e0a:	13 f8                	adc    %ax,%di"
138817,0,1,0,,"21e41:	83 c6 0c             	add    $0xc,%si"
138848,0,1,0,,"21e60:	83 ef 08             	sub    $0x8,%di"
138981,0,1,0,,"21ee5:	83 ee 0c             	sub    $0xc,%si"
139017,0,1,0,,"21f09:	83 ee 0c             	sub    $0xc,%si"
139090,0,2,0,,"21f52:	83 ee 08             	sub    $0x8,%si 21f5e:	83 ee 0c             	sub    $0xc,%si"
139157,0,4,0,,"21f95:	83 ef 0c             	sub    $0xc,%di 21f9f:	2a c8                	sub    %al,%cl 21fa4:	d3 e8                	shr    %cl,%ax 21faf:	03 44 08             	add    0x8(%si),%ax"
139250,0,3,0,,"21ff2:	d0 e3                	shl    $1,%bl 21ff4:	d0 e3                	shl    $1,%bl 21ff9:	d0 e3                	shl    $1,%bl"
139289,0,2,0,,"22019:	83 c6 06             	add    $0x6,%si 2201c:	83 c7 06             	add    $0x6,%di"
139391,0,1,0,,"2207f:	83 ee 0c             	sub    $0xc,%si"
139437,0,1,0,,"220ad:	d1 e3                	shl    $1,%bx"
139490,0,1,0,,"220e2:	83 c6 0c             	add    $0xc,%si"
139527,0,3,0,,"22107:	83 c6 0c             	add    $0xc,%si 22113:	83 c7 0c             	add    $0xc,%di 22118:	83 ef 0c             	sub    $0xc,%di"
139608,0,1,0,,"22158:	83 c6 0c             	add    $0xc,%si"
139664,0,1,0,,"22190:	83 ee 0c             	sub    $0xc,%si"
139691,0,2,0,,"221ab:	83 ee 0c             	sub    $0xc,%si 221b1:	2b 44 08             	sub    0x8(%si),%ax"
139913,0,6,0,,"22289:	d1 e2                	shl    $1,%dx 22295:	d1 e5                	shl    $1,%bp 222a1:	2b 14                	sub    (%si),%dx 222a3:	1b 4c 02             	sbb    0x2(%si),%cx 222a6:	1b 5c 04             	sbb    0x4(%si),%bx 222a9:	1b 44 06             	sbb    0x6(%si),%ax"
