index,name,width,height,pixels,unique_indices,dominant_index,dominant_count,zero_count,zero_pct,border_dominant_index,border_dominant_count,corner_indices
0,rock,79,79,6241,52,0,1920,1920,30.76,0,258,"0,0,0,0"
1,ghini3,88,37,3256,57,167,812,408,12.53,0,137,"0,0,0,0"
2,vette,86,38,3268,35,82,701,570,17.44,0,154,"0,0,0,0"
3,pors,80,37,2960,32,199,432,355,11.99,0,120,"0,0,0,0"
4,porr,80,39,3120,64,199,451,377,12.08,0,123,"0,0,0,0"
5,porb,83,40,3320,53,0,491,491,14.79,0,145,"0,0,0,0"
6,cruz,80,39,3120,46,98,389,332,10.64,0,113,"0,0,0,0"
7,rarri,84,35,2940,56,0,370,370,12.59,0,141,"0,0,0,0"
8,vip,86,35,3010,57,0,389,389,12.92,0,141,"0,0,0,0"
9,pol,85,45,3825,55,0,610,610,15.95,0,139,"0,0,0,0"
10,sea,320,47,15040,15,236,3266,0,0.0,88,262,"89,88,89,235"
11,tree,85,99,8415,52,0,4815,4815,57.22,0,331,"0,0,0,0"
12,start,289,27,7803,15,180,2165,29,0.37,181,222,"178,178,0,0"
13,finish,289,27,7803,15,180,2101,29,0.37,181,222,"178,178,0,0"
14,ppl,48,24,1152,45,0,473,473,41.06,0,117,"0,0,0,0"
15,spring,76,76,5776,65,86,826,612,10.6,0,171,"0,0,0,0"
16,fall2,320,77,24640,52,154,3514,260,1.06,170,195,"206,206,170,170"
17,bush,76,61,4636,45,48,730,627,13.52,0,195,"0,0,0,0"
18,boat,46,76,3496,47,0,2282,2282,65.27,0,230,"0,0,0,0"
19,wsurf,37,61,2257,83,0,1226,1226,54.32,0,168,"0,0,0,150"
20,wsurfs,50,64,3200,129,0,1630,1630,50.94,0,188,"0,0,0,150"
21,ghini3l,88,38,3344,60,167,754,439,13.13,0,138,"0,0,0,0"
22,vettel,88,36,3168,40,0,660,660,20.83,0,164,"0,0,0,0"
23,porsl,82,36,2952,40,199,426,287,9.72,0,122,"0,0,0,0"
24,porrl,84,38,3192,67,0,518,518,16.23,0,138,"0,0,0,0"
25,porbl,87,40,3480,55,0,448,448,12.87,0,153,"0,0,0,0"
26,cruzl,84,38,3192,54,0,519,519,16.26,0,138,"0,0,0,0"
27,rarril,86,35,3010,79,0,401,401,13.32,0,139,"0,0,0,0"
28,vipl,87,35,3045,94,0,341,341,11.2,0,124,"0,0,0,0"
29,poll,83,44,3652,59,0,565,565,15.47,0,145,"0,0,0,0"
30,light,39,103,4017,35,0,2333,2333,58.08,0,238,"0,0,0,0"
31,ghini3r,88,38,3344,60,167,754,439,13.13,0,138,"0,0,0,0"
32,vetter,88,36,3168,40,0,660,660,20.83,0,164,"0,0,0,0"
33,porsr,82,36,2952,40,199,426,287,9.72,0,122,"0,0,0,0"
34,porrr,84,38,3192,67,0,518,518,16.23,0,138,"0,0,0,0"
35,porbr,87,40,3480,55,0,448,448,12.87,0,153,"0,0,0,0"
36,cruzr,84,38,3192,54,0,519,519,16.26,0,138,"0,0,0,0"
37,rarrir,86,35,3010,79,0,401,401,13.32,0,139,"0,0,0,0"
38,vipr,87,35,3045,94,0,341,341,11.2,0,124,"0,0,0,0"
39,polr,83,44,3652,59,0,565,565,15.47,0,145,"0,0,0,0"
40,orsky,320,70,22400,7,123,7123,0,0.0,122,330,"122,122,128,128"
41,sun,29,22,638,16,14,202,147,23.04,0,76,"0,0,0,0"
42,casky,320,77,24640,10,158,5979,0,0.0,154,585,"154,155,154,154"
43,casky2,272,68,18496,6,0,14223,14223,76.9,0,668,"0,0,0,0"
44,lblock,78,105,8190,71,113,869,656,8.01,0,100,"152,0,113,0"
45,rblock,78,105,8190,71,113,869,656,8.01,0,100,"0,152,0,113"
46,pts,30,13,390,15,15,193,12,3.08,109,70,"0,0,0,0"
47,fern,75,78,5850,88,0,1566,1566,26.77,0,250,"0,0,0,0"
48,fern2,67,86,5762,84,0,1524,1524,26.45,0,236,"0,0,0,0"
49,clou,320,57,18240,13,15,7133,0,0.0,92,339,"92,92,180,180"
50,0,12,17,204,5,0,75,75,36.76,0,35,"0,0,0,0"
51,1,11,17,187,5,0,112,112,59.89,0,47,"0,131,0,0"
52,2,12,17,204,5,0,81,81,39.71,0,36,"0,0,120,0"
53,3,12,17,204,5,0,85,85,41.67,0,41,"0,0,0,0"
54,4,12,17,204,5,0,93,93,45.59,0,43,"0,131,0,0"
55,5,13,17,221,5,0,79,79,35.75,0,41,"0,131,0,0"
56,6,12,17,204,5,0,61,61,29.9,0,39,"0,0,0,0"
57,7,12,17,204,5,0,118,118,57.84,0,42,"0,131,0,0"
58,8,12,17,204,5,0,62,62,30.39,0,40,"0,0,0,0"
59,9,12,17,204,5,0,62,62,30.39,0,39,"0,0,0,0"
60,0r,11,19,209,6,45,64,24,11.48,37,26,"0,0,0,0"
61,1r,9,19,171,6,0,53,53,30.99,0,30,"0,0,0,0"
62,2r,11,19,209,6,45,58,51,24.4,0,33,"0,0,0,0"
63,3r,11,19,209,6,45,66,28,13.4,0,27,"0,0,0,0"
64,4r,12,19,228,6,0,57,57,25.0,0,44,"0,0,0,0"
65,5r,11,19,209,6,45,62,22,10.53,37,31,"0,0,0,0"
66,6r,11,19,209,6,45,60,26,12.44,0,26,"0,0,0,0"
67,7r,10,19,190,6,0,67,67,35.26,0,39,"0,0,0,0"
68,8r,11,19,209,6,45,64,26,12.44,0,26,"0,0,0,0"
69,9r,11,19,209,6,45,64,26,12.44,0,26,"0,0,0,0"
70,0g,11,11,121,4,68,35,20,16.53,68,24,"0,0,0,0"
71,1g,9,11,99,4,0,31,31,31.31,0,23,"0,0,0,0"
72,2g,11,11,121,4,68,39,30,24.79,0,23,"0,0,0,0"
73,3g,11,11,121,4,68,38,22,18.18,68,23,"0,0,0,0"
74,4g,12,11,132,4,0,38,38,28.79,0,33,"0,0,0,0"
75,5g,11,11,121,4,68,43,16,13.22,68,26,"0,0,0,0"
76,6g,11,11,121,4,68,37,21,17.36,68,23,"0,0,0,0"
77,7g,10,11,110,4,0,38,38,34.55,0,26,"0,0,0,0"
78,8g,11,11,121,4,68,34,20,16.53,68,24,"0,0,0,0"
79,9g,11,11,121,4,68,37,21,17.36,68,23,"0,0,0,0"
80,time,35,13,455,11,15,227,12,2.64,109,80,"0,0,0,0"
81,lap,31,13,403,12,15,203,12,2.98,109,72,"0,0,0,0"
82,blip,3,5,15,4,131,6,4,26.67,0,6,"0,131,120,0"
83,hill,320,21,6720,44,0,2195,2195,32.66,0,346,"0,0,228,228"
84,left,42,86,3612,14,0,1113,1113,30.81,0,165,"0,0,0,0"
85,right,42,86,3612,14,0,1113,1113,30.81,0,165,"0,0,0,0"
86,noak,89,86,7654,54,0,2614,2614,34.15,0,282,"0,0,0,0"
87,flor2,98,12,1176,51,221,173,72,6.12,0,59,"0,0,0,0"
88,rox,319,37,11803,26,0,6176,6176,52.33,0,368,"0,0,176,174"
89,etree,73,95,6935,73,0,2762,2762,39.83,0,314,"0,0,0,0"
90,pole,15,96,1440,5,0,472,472,32.78,0,197,"0,0,0,0"
91,yghi,198,46,9108,95,0,1422,1422,15.61,0,261,"0,0,0,0"
92,dunes,110,46,5060,40,0,938,938,18.54,0,136,"0,0,51,204"
93,glogo,209,63,13167,16,0,5093,5093,38.68,0,448,"0,0,0,0"
94,rlogo,216,77,16632,46,131,3598,3361,20.21,0,321,"0,0,0,0"
95,road,80,38,3040,6,172,2140,0,0.0,172,131,"172,169,8,172"
96,fhills,320,10,3200,43,0,865,865,27.03,0,300,"0,0,228,228"
97,pillar,53,94,4982,19,173,754,391,7.85,0,184,"0,0,0,0"
98,beam,289,31,8959,19,173,1313,969,10.82,0,428,"0,0,0,0"
99,pos,32,13,416,16,15,179,12,2.88,109,74,"0,0,0,0"
100,blsky,234,56,13104,24,103,9833,0,0.0,103,558,"103,103,103,103"
101,gatel,44,47,2068,65,0,906,906,43.81,0,95,"12,0,0,0"
102,gater,44,47,2068,65,0,906,906,43.81,0,95,"0,12,0,0"
103,sstonel,79,77,6083,57,0,1318,1318,21.67,0,253,"0,0,0,0"
104,sstoner,79,77,6083,57,0,1318,1318,21.67,0,253,"0,0,0,0"
105,bird,99,54,5346,63,0,4316,4316,80.73,0,288,"0,0,0,0"
106,bird2,90,50,4500,61,0,3448,3448,76.62,0,271,"0,0,0,0"
107,lagoon,320,20,6400,31,54,1624,0,0.0,53,175,"53,53,193,192"
108,check,289,27,7803,16,76,1944,29,0.37,181,222,"178,178,0,0"
109,spray,37,13,481,2,0,393,393,81.7,0,87,"0,0,0,0"
110,srock,39,39,1521,36,0,440,440,28.93,0,120,"0,0,0,0"
111,alp1,320,11,3520,17,0,2279,2279,64.74,0,351,"0,0,175,175"
112,alp2,320,83,26560,23,169,3280,32,0.12,156,109,"171,171,175,169"
113,wbuildl,82,95,7790,95,0,1135,1135,14.57,0,163,"200,0,167,0"
114,wbuildr,82,95,7790,95,0,1135,1135,14.57,0,163,"0,200,0,167"
115,tsmoke1,69,8,552,10,0,235,235,42.57,0,109,"0,0,0,0"
116,tsmoke2,86,10,860,11,0,382,382,44.42,0,146,"0,0,0,0"
117,drift,80,30,2400,17,0,666,666,27.75,0,133,"0,0,0,174"
118,bltile,80,50,4000,7,163,2527,0,0.0,163,260,"163,163,163,163"
119,exc,5,18,90,9,0,30,30,33.33,0,31,"0,47,0,0"
120,a,11,18,198,9,0,81,81,40.91,0,45,"0,0,34,0"
121,b,10,18,180,9,47,39,37,20.56,0,22,"0,0,0,0"
122,c,10,18,180,9,0,63,63,35.0,0,33,"0,0,0,0"
123,d,10,18,180,9,0,52,52,28.89,0,26,"0,0,0,0"
124,e,8,18,144,9,0,42,42,29.17,34,22,"0,0,0,0"
125,f,8,18,144,9,0,55,55,38.19,0,26,"0,0,0,0"
126,g,11,18,198,9,0,70,70,35.35,0,41,"0,0,0,0"
127,h,10,18,180,9,34,38,36,20.0,34,20,"0,47,0,0"
128,i,4,18,72,9,34,19,3,4.17,34,18,"0,47,0,0"
129,j,8,18,144,9,0,60,60,41.67,0,28,"0,47,0,0"
130,k,10,18,180,9,0,55,55,30.56,0,27,"0,47,34,0"
131,l,8,18,144,9,0,61,61,42.36,0,29,"0,0,0,0"
132,m,12,18,216,9,34,47,28,12.96,34,20,"0,0,0,0"
133,n,10,18,180,9,34,40,19,10.56,34,23,"0,47,34,0"
134,o,12,18,216,9,0,82,82,37.96,0,38,"0,0,0,0"
135,p,9,18,162,9,0,56,56,34.57,0,27,"0,0,0,0"
136,q,13,20,260,10,0,108,108,41.54,0,51,"0,0,0,0"
137,r,11,18,198,9,0,52,52,26.26,0,28,"0,0,0,0"
138,s,11,18,198,9,0,78,78,39.39,0,41,"0,0,0,0"
139,t,10,18,180,9,0,95,95,52.78,0,44,"0,47,0,0"
140,u,10,18,180,9,0,46,46,25.56,0,20,"0,47,0,0"
141,v,11,18,198,9,0,90,90,45.45,0,48,"0,0,0,0"
142,w,16,18,288,9,0,97,97,33.68,0,52,"0,0,0,0"
143,x,11,18,198,9,0,84,84,42.42,0,46,"0,47,0,0"
144,y,11,18,198,9,0,102,102,51.52,0,46,"0,47,0,0"
145,z,11,18,198,9,0,98,98,49.49,0,38,"0,0,0,0"
146,card1,160,100,16000,147,92,6145,0,0.0,92,244,"92,92,236,3"
147,card2,160,100,16000,102,123,1619,0,0.0,122,170,"122,122,50,48"
148,card3,160,100,16000,163,172,1968,0,0.0,172,163,"103,103,172,172"
149,card4,160,100,16000,77,114,5143,0,0.0,114,218,"121,121,114,114"
150,card5,160,100,16000,117,92,2729,0,0.0,92,197,"92,92,167,49"
151,card6,160,100,16000,53,158,3221,31,0.19,154,197,"155,154,158,176"
152,lambor,160,100,16000,120,202,2561,0,0.0,201,177,"200,201,189,177"
153,cit1,180,50,9000,50,0,4835,4835,53.72,0,268,"0,0,200,200"
154,cit2,320,19,6080,45,0,2516,2516,41.38,0,244,"0,0,200,200"
155,cit3,320,31,9920,90,200,2511,23,0.23,200,216,"200,200,156,156"
156,saint,289,27,7803,17,111,1566,27,0.35,104,212,"104,104,0,0"
157,goruns,289,27,7803,11,4,1938,47,0.6,16,233,"16,16,0,45"
158,mpole,8,100,800,11,149,289,5,0.62,200,187,"0,0,0,0"
159,string,283,27,7641,13,0,5616,5616,73.5,0,580,"0,190,0,0"
160,flowpole,288,28,8064,84,48,1499,780,9.67,0,318,"0,0,0,0"
161,falssm,320,38,12160,52,154,1458,534,4.39,0,274,"206,206,170,170"
162,azfal,289,27,7803,13,157,1689,31,0.4,157,234,"157,157,0,0"
163,bbfal,289,27,7803,13,157,1771,31,0.4,157,235,"157,157,0,0"
164,spring2,76,76,5776,65,86,826,612,10.6,0,171,"0,0,0,0"
165,w1,133,80,10640,42,150,987,3,0.03,151,57,"147,150,169,151"
166,w2,133,80,10640,40,15,997,0,0.0,15,90,"151,180,153,15"
167,w3,133,80,10640,24,15,3107,0,0.0,15,159,"15,15,180,147"
168,w4,133,80,10640,34,171,1368,0,0.0,151,42,"150,149,176,151"
169,w5,133,80,10640,45,169,1172,52,0.49,180,57,"181,179,170,170"
170,w6,133,80,10640,42,15,1133,0,0.0,152,51,"15,181,203,171"
171,w7,133,80,10640,25,150,1860,0,0.0,150,130,"151,181,149,150"
172,w8,133,80,10640,37,179,1240,0,0.0,179,84,"178,156,149,150"
173,w9,133,80,10640,45,153,997,61,0.57,153,66,"152,152,152,176"
174,w10,133,80,10640,43,150,727,13,0.12,167,56,"201,181,151,199"
175,w11,133,80,10640,40,149,1564,0,0.0,15,106,"15,15,151,145"
176,troph,75,99,7425,21,0,3790,3790,51.04,0,319,"0,0,0,0"
177,parkpol,160,100,16000,63,169,2967,0,0.0,169,107,"169,169,170,170"
178,snowtree,71,93,6603,19,0,4519,4519,68.44,0,314,"0,0,0,0"
179,dbl1,140,149,20860,241,0,5810,5810,27.85,0,392,"0,0,0,0"
180,dbl2,140,149,20860,216,0,7957,7957,38.14,0,421,"0,0,0,0"
181,flor,96,26,2496,53,48,472,211,8.45,0,106,"0,0,0,0"
