track,rows,sum_col0,min_col0,max_col0,sum_abs_col1,min_col2,max_col2,profile
TRACK1,10,84,0,20,16,0,14,19 -1 11 | 1 0 0 | 18 12 14 | 1 0 1 | 11 -1 11 | 0 0 0 | 20 -1 14 | 3 0 0 | 11 -1 11 | 0 0 0
TRACK2,10,180,0,86,16,1,89,0 -1 87 | 2 0 1 | 0 12 89 | 1 0 1 | 0 -1 89 | 2 0 1 | 86 -1 87 | 2 0 1 | 86 -1 87 | 1 0 1
TRACK3,10,329,1,89,16,1,89,89 -1 30 | 1 0 1 | 30 12 86 | 1 0 1 | 86 -1 89 | 1 0 1 | 89 -1 30 | 1 0 1 | 30 -1 86 | 1 0 1
TRACK4,10,522,1,103,652,1,104,103 160 104 | 1 0 1 | 103 12 104 | 2 0 1 | 103 160 104 | 1 0 1 | 103 160 104 | 1 0 2 | 103 160 104 | 2 0 1
TRACK5,10,257,0,103,16,0,102,17 -1 102 | 0 0 0 | 103 12 90 | 0 0 0 | 17 -1 102 | 0 0 0 | 103 -1 102 | 0 0 0 | 17 -1 102 | 0 0 0
TRACK6,10,222,0,110,16,0,110,110 -1 0 | 0 0 0 | 0 12 0 | 1 0 0 | 0 -1 110 | 1 0 0 | 110 -1 0 | 0 0 0 | 0 -1 110 | 0 0 0
TRACK11,10,84,0,20,16,0,14,19 -1 11 | 1 0 0 | 18 12 14 | 1 0 1 | 11 -1 11 | 0 0 0 | 20 -1 14 | 3 0 0 | 11 -1 11 | 0 0 0
TRACK12,10,180,0,86,16,1,89,0 -1 87 | 2 0 1 | 0 12 89 | 1 0 1 | 0 -1 89 | 2 0 1 | 86 -1 87 | 2 0 1 | 86 -1 87 | 1 0 1
TRACK13,10,329,1,89,16,1,89,89 -1 30 | 1 0 1 | 30 12 86 | 1 0 1 | 86 -1 89 | 1 0 1 | 89 -1 30 | 1 0 1 | 30 -1 86 | 1 0 1
TRACK14,10,522,1,103,652,1,104,103 160 104 | 1 0 1 | 103 12 104 | 2 0 1 | 103 160 104 | 1 0 1 | 103 160 104 | 1 0 2 | 103 160 104 | 2 0 1
TRACK15,10,257,0,103,16,0,102,17 -1 102 | 0 0 0 | 103 12 90 | 0 0 0 | 17 -1 102 | 0 0 0 | 103 -1 102 | 0 0 0 | 17 -1 102 | 0 0 0
TRACK16,10,222,0,110,16,0,110,110 -1 0 | 0 0 0 | 0 12 0 | 1 0 0 | 0 -1 110 | 1 0 0 | 110 -1 0 | 0 0 0 | 0 -1 110 | 0 0 0
