track,profile_rows,values,negative_minus1,nonnegative,within_palette_0_255,palette_domain_ratio,unique_nonnegative,profile
TRACK1,10,30,4,26,26,1.0,9,19 -1 11 | 1 0 0 | 18 12 14 | 1 0 1 | 11 -1 11 | 0 0 0 | 20 -1 14 | 3 0 0 | 11 -1 11 | 0 0 0
TRACK2,10,30,4,26,26,1.0,7,0 -1 87 | 2 0 1 | 0 12 89 | 1 0 1 | 0 -1 89 | 2 0 1 | 86 -1 87 | 2 0 1 | 86 -1 87 | 1 0 1
TRACK3,10,30,4,26,26,1.0,6,89 -1 30 | 1 0 1 | 30 12 86 | 1 0 1 | 86 -1 89 | 1 0 1 | 89 -1 30 | 1 0 1 | 30 -1 86 | 1 0 1
TRACK4,10,30,0,30,30,1.0,7,103 160 104 | 1 0 1 | 103 12 104 | 2 0 1 | 103 160 104 | 1 0 1 | 103 160 104 | 1 0 2 | 103 160 104 | 2 0 1
TRACK5,10,30,4,26,26,1.0,6,17 -1 102 | 0 0 0 | 103 12 90 | 0 0 0 | 17 -1 102 | 0 0 0 | 103 -1 102 | 0 0 0 | 17 -1 102 | 0 0 0
TRACK6,10,30,4,26,26,1.0,4,110 -1 0 | 0 0 0 | 0 12 0 | 1 0 0 | 0 -1 110 | 1 0 0 | 110 -1 0 | 0 0 0 | 0 -1 110 | 0 0 0
TRACK11,10,30,4,26,26,1.0,9,19 -1 11 | 1 0 0 | 18 12 14 | 1 0 1 | 11 -1 11 | 0 0 0 | 20 -1 14 | 3 0 0 | 11 -1 11 | 0 0 0
TRACK12,10,30,4,26,26,1.0,7,0 -1 87 | 2 0 1 | 0 12 89 | 1 0 1 | 0 -1 89 | 2 0 1 | 86 -1 87 | 2 0 1 | 86 -1 87 | 1 0 1
TRACK13,10,30,4,26,26,1.0,6,89 -1 30 | 1 0 1 | 30 12 86 | 1 0 1 | 86 -1 89 | 1 0 1 | 89 -1 30 | 1 0 1 | 30 -1 86 | 1 0 1
TRACK14,10,30,0,30,30,1.0,7,103 160 104 | 1 0 1 | 103 12 104 | 2 0 1 | 103 160 104 | 1 0 1 | 103 160 104 | 1 0 2 | 103 160 104 | 2 0 1
TRACK15,10,30,4,26,26,1.0,6,17 -1 102 | 0 0 0 | 103 12 90 | 0 0 0 | 17 -1 102 | 0 0 0 | 103 -1 102 | 0 0 0 | 17 -1 102 | 0 0 0
TRACK16,10,30,4,26,26,1.0,4,110 -1 0 | 0 0 0 | 0 12 0 | 1 0 0 | 0 -1 110 | 1 0 0 | 110 -1 0 | 0 0 0 | 0 -1 110 | 0 0 0
