target_offset,count
0004,5
004D,1
0298,9
02B3,5
02BA,1
02E5,12
02EC,12
181C,12
1963,13
1B10,1
230C,6
2352,3
23AA,5
2433,1
2470,1
2498,1
24C7,3
2914,10
2917,32
29F0,773
2A82,1
2AAE,16
4039,2
4053,1
4160,1
41CF,7
4279,1
428B,3
4290,18
44F4,1
4F3A,5
4F51,5
4FA0,1
58FC,3
5A62,1
5A6C,1
5A7B,16
5A80,30
5BB4,32
61C2,2
61D9,18
6202,32
620E,33
62C3,1
62FE,158
6337,57
6374,27
63B3,27
63CE,3
63DD,18
63ED,23
640C,1
6470,2
6486,5
6493,5
64AA,28
6500,1
6533,5
6577,3
657C,2
65B5,20
65B8,2
65F8,19
6607,1
6623,44
6648,30
6714,1
6726,122
6739,4
6752,2
682A,116
6855,115
6884,4
68B0,3
6923,1
698F,3
6B22,31
6FBD,3
6FFA,4
6FFF,4
7009,100
7046,1
7090,13
7370,2
73E9,1
73FC,13
