entry,description,direct_call_count,direct_callers_sample
0x17ef7,DOS OPEN device helper,0,
0x17f48,DOS WRITE one-byte helper,0,
0x18e41,DOS LSEEK,0,
0x18f7d,DOS WRITE stream,0,
0x19062,DOS READ stream,0,
0x1908e,DOS WRITE buffered stream,0,
0x1909e,DOS CLOSE stream,2,"0x18d21,0x19257"
0x1926c,DOS OPEN higher-level stream,0,
0x19356,QB runtime dispatcher,6,"0x17e17,0x17eb6,0x19467,0x1948b,0x1e5a0,0x1e6c9"
0x19399,runtime input/line setup,3,"0x192f6,0x1934d,0x19eb5"
0x1944b,runtime character input,7,"0x1e5b3,0x1e632,0x1e656,0x1e670,0x1e690,0x1e699,0x1e6b9"
0x19474,runtime output/stream op,7,"0x194ec,0x19503,0x19521,0x19529,0x1952e,0x19535,0x19559"
