address,kind,instruction
193b4,write,"c7 06 c3 40 00 00    	movw   $0x0,0x40c3"
19442,write,"c7 06 c3 40 00 00    	movw   $0x0,0x40c3"
1944c,write,"8b 36 c3 40          	mov    0x40c3,%si"
19475,write,"8b 36 c3 40          	mov    0x40c3,%si"
19491,write,"8b 36 c3 40          	mov    0x40c3,%si"
194a2,write,"8b 36 c3 40          	mov    0x40c3,%si"
194b3,write,"8b 36 c3 40          	mov    0x40c3,%si"
194c4,write,"8b 36 c3 40          	mov    0x40c3,%si"
194dc,write,"8b 36 c3 40          	mov    0x40c3,%si"
19549,write,"8b 36 c3 40          	mov    0x40c3,%si"
19ebd,write,"89 36 c3 40          	mov    %si,0x40c3"
19ece,write,"c7 06 c3 40 00 00    	movw   $0x0,0x40c3"
1b2f7,read/test,"26 3b 1e c3 40       	cmp    %es:0x40c3,%bx"
1b2fe,write,"26 01 06 c3 40       	add    %ax,%es:0x40c3"
1b925,read/test,"83 3e c3 40 00       	cmpw   $0x0,0x40c3"
1b94f,read/test,"39 16 c3 40          	cmp    %dx,0x40c3"
1b971,read/test,"83 3e c3 40 00       	cmpw   $0x0,0x40c3"
1ba0a,read/test,"83 3e c3 40 00       	cmpw   $0x0,0x40c3"
1d3e0,write,"c7 06 c3 40 00 00    	movw   $0x0,0x40c3"
1d3f6,write,"c7 06 c3 40 00 00    	movw   $0x0,0x40c3"
1d416,write,"c7 06 c3 40 00 00    	movw   $0x0,0x40c3"
1d632,write,"8b 36 c3 40          	mov    0x40c3,%si"
1d63a,write,"c7 06 c3 40 00 00    	movw   $0x0,0x40c3"
1d6d2,write,"c7 06 c3 40 00 00    	movw   $0x0,0x40c3"
1e579,write,"89 36 c3 40          	mov    %si,0x40c3"
1e5bf,write,"c7 06 c3 40 00 00    	movw   $0x0,0x40c3"
1e5f1,write,"89 36 c3 40          	mov    %si,0x40c3"
1e6aa,write,"8b 1e c3 40          	mov    0x40c3,%bx"
1e6c3,write,"8b 36 c3 40          	mov    0x40c3,%si"
1ea3e,write,"c7 06 c3 40 ac 40    	movw   $0x40ac,0x40c3"
1ea5b,write,"89 36 c3 40          	mov    %si,0x40c3"
1ea87,write,"89 36 c3 40          	mov    %si,0x40c3"
1eb00,write,"c7 06 c3 40 00 00    	movw   $0x0,0x40c3"
