index,name,bank,offset,absolute_offset,size,width,height,get_payload,tail_size,tail_zero_bytes,tail_unique_bytes,field0,field4,max_run,zero_ratio,nonzero,unique,first16,last16
0,rock,0,7330,7330,6404,79,79,6245,159,159,1,0,0,159,1.0,0,1,00000000000000000000000000000000,00000000000000000000000000000000
1,ghini3,0,13734,13734,3386,88,37,3260,126,19,19,0,0,19,0.150794,107,19,c7c743a7c7c7c7c7c7c7c7c7aaa9c8aa,acadafafadafadadadaeadacadadaacb
2,vette,0,17120,17120,3397,86,38,3272,125,28,17,0,0,19,0.224,97,17,0000c8aacacbaccbaaaac8c7c870aaa9,acadadaacbaaaaaaac00000000000000
3,pors,0,20517,20517,3082,80,37,2964,118,5,5,0,0,36,0.042373,113,5,a7a7a7a7a7a7a7a7a7a7a7a7a7a7a7a7,c8c8c8c8c8c8c8c8c8a7a7a7a7a7a7a7
4,porr,0,23599,23599,3244,80,39,3124,120,44,5,0,0,40,0.366667,76,5,c8c8c8c8c8c8c8c8c8c8c8c8c8c8c8c8,00000000000000000000000000000000
5,porb,0,26843,26843,3448,83,40,3324,124,24,17,0,0,18,0.193548,100,17,0000000000000870c7c7c7c7c7c7c7c7,c8cbcacb35cecac9c7c7aac9cacaa9ac
6,cruz,0,30291,30291,3244,80,39,3124,120,8,5,0,0,43,0.066667,112,5,a9a9a9a9a9a9a9a9a9a9c7c7c7c7c7c7,b7b7c7c7b7b7b7b7b7b7b70000000000
7,rarri,0,33535,33535,3064,84,35,2944,120,5,8,0,0,43,0.041667,115,8,0000c8c8c7c7c8c8c8c8c8c8c8c7c7c8,a97070a7a77070aaaaaaaaaaaaaaaaaa
8,vip,0,36599,36599,3136,86,35,3014,122,46,9,0,0,41,0.377049,76,9,0000aaaaaaaaaaaaaaaaaaaac7c8c7c7,a908ab00a9a9a9a9a9a9a9a9a9a9c7c7
9,pol,0,39735,39735,3960,85,45,3829,131,29,16,0,0,14,0.221374,102,16,0000cba9cac9aaabcac9ababcaa9aaab,a9af0000000000000000000000000008
10,sea,0,43695,43695,15412,320,47,15044,368,368,1,0,0,368,1.0,0,1,00000000000000000000000000000000,00000000000000000000000000000000
11,tree,0,59107,59107,8604,85,99,8419,185,2,12,0,0,4,0.010811,183,12,00005aec5aec5bec5aeb5aec59eb59eb,5aeb5aec5aec5aeb5903580358eb59eb
12,start,1,2175,67711,8124,289,27,7807,317,294,5,0,0,79,0.927445,23,5,00000000000000000000000000000000,0000000000000000000000007374d777
13,finish,1,10299,75835,8124,289,27,7807,317,294,5,0,0,79,0.927445,23,5,00000000000000000000000000000000,0000000000000000000000007374d777
14,ppl,1,18423,83959,1229,48,24,1156,73,0,3,0,0,34,0.0,73,3,b2b2b2b2b2b2b2b2b2b2b2b2b2b2b2b2,b5b5b5b5b5b5b5b5b5b5b5b5b5b5b5b5
15,spring,1,19652,85188,5933,76,76,5780,153,2,9,0,0,36,0.013072,151,9,b2b2b2b20000b2b2b2b2b2b2b2b2b2b2,2e2e2e2e2e2eb5b4b52828282e2e2e2e
16,fall2,1,25585,91121,25042,320,77,24644,398,398,1,0,0,398,1.0,0,1,00000000000000000000000000000000,00000000000000000000000000000000
17,bush,1,50627,116163,4778,76,61,4640,138,0,13,0,0,14,0.0,138,13,0f0f0f0f0f0f0f0f0f0f0f0f0fb50f0f,99999a9a9a9c9d9a9a9a9a9a9a9a9999
18,boat,1,55405,120941,3623,46,76,3500,123,5,20,0,0,4,0.04065,118,20,000030303230e2e1e24244444230a945,023333333331433031403232e1c8b872
19,wsurf,1,59028,124564,2360,37,61,2261,99,54,17,0,0,22,0.545455,45,17,000000000000000000000000000093ae,9f000000000000000000000000000000
20,wsurfs,1,61388,126924,3319,50,64,3204,115,50,13,0,0,23,0.434783,65,13,00009b999997999b9a9b9b9a9a9a9a9a,9b9a9a9a9a9a9a9a9a00000000000000
21,ghini3l,1,64707,130243,3475,88,38,3348,127,96,14,0,0,37,0.755906,31,14,acadadd0999a9a9a9a99000000000000,00000000000000000000000000000000
22,vettel,2,2646,133718,3297,88,36,3172,125,31,7,0,0,52,0.248,94,7,00000000000000aba970a97070c7a7a7,aaaaaaaaaaaa00000000000000000000
23,porsl,2,5943,137015,3075,82,36,2956,119,15,5,0,0,48,0.12605,104,5,c8c8c8c8c8c8c8c8c8c8c8c8c8c8a7a7,c8c8c8c8c8c8c8a7a7a7a7a7a7a7a7a7
24,porrl,2,9018,140090,3319,84,38,3196,123,46,6,0,0,48,0.373984,77,6,aaaaaaaaaaaaaaaaaaaaaaaaaaaaaaaa,00000000000000000000000000000000
25,porbl,2,12337,143409,3612,87,40,3484,128,16,23,0,0,9,0.125,112,23,0000000098d0cdcfd000000000000000,44434442434045303232330233333333
26,cruzl,2,15949,147021,3319,84,38,3196,123,21,4,0,0,43,0.170732,102,4,c7c7c7c7c7c7c7c7c7c7c7c7c7c7c7c7,c7c7c7c7a70000000000000000000000
27,rarril,2,19268,150340,3136,86,35,3014,122,25,8,0,0,48,0.204918,97,8,0000c7c7c7c7c8c8c7a7a7aaaa000000,0000aaaa70707070a7a7c7c7c7a7a9aa
28,vipl,2,22404,153476,3172,87,35,3049,123,44,6,0,0,48,0.357724,79,6,0000aaaaaaaaaaaaaaaaaaaaaaaaaaaa,00000000000000000000000000000000
29,poll,2,25576,156648,3784,83,44,3656,128,8,24,0,0,5,0.0625,120,24,32303230e14242e1e1c8b87270707044,4a34ba44b843e1424140404045404131
30,light,2,29360,160432,4164,39,103,4021,143,6,22,0,0,10,0.041958,137,22,32323232323030000000003434343332,444242414345d24445d2d2d3d3bab942
31,ghini3r,2,33524,164596,3475,88,38,3348,127,103,7,0,0,31,0.811024,24,7,00000000000000000000000000000000,a9000000000000000000000000000000
32,vetter,2,36999,168071,3297,88,36,3172,125,39,8,0,0,52,0.312,86,8,00000000000070c7c7c7c7c7c7c7c770,00000000000000000000000000000000
33,porsr,2,40296,171368,3075,82,36,2956,119,15,6,0,0,48,0.12605,104,6,a7a7a7a7c8c8c8c8c8c8a7a7a7a7a7a7,c8c8c8a7a7a7a7a7a7a7a7a7a7a7a7a9
34,porrr,2,43371,174443,3319,84,38,3196,123,55,8,0,0,44,0.447154,68,8,aaaaaaaaaaaaaaaaaaaaaaaaaaaaaaaa,00000000000000000000000000000000
35,porbr,2,46690,177762,3612,87,40,3484,128,100,6,0,0,31,0.78125,28,6,000000000000009292959a959392a900,000000000000000000000000a992959a
36,cruzr,2,50302,181374,3319,84,38,3196,123,20,5,0,0,43,0.162602,103,5,c7c7c7c7c7c7c7c7c7c7c7c7c7c7c7c7,00000000000000000000c7c7c7c7c7c7
37,rarrir,2,53621,184693,3136,86,35,3014,122,35,9,0,0,48,0.286885,87,9,000070aeaa0000000000000000000000,aacaaaaaaaaaaa000000000000000000
38,vipr,2,56757,187829,3172,87,35,3049,123,54,8,0,0,39,0.439024,69,8,0000aaaaaaaaaaaaaaaaaaaaaaaaaaaa,00000000000000000000aaaaaaaaaaaa
39,polr,2,59929,191001,3784,83,44,3656,128,104,6,0,0,31,0.8125,24,6,00000000000000000000000000000000,959392a9000000000000000000000000
40,orsky,2,63713,194785,22795,320,70,22404,391,0,20,0,0,50,0.0,391,20,aaaaaaaaaaaaaaaaaaaaaaaaaaaaaaaa,9a9a9a9a9a9a9a9a9a9a9a9c9a9a9a9c
41,sun,3,20972,217580,694,29,22,642,52,0,1,0,0,52,0.0,52,1,7a7a7a7a7a7a7a7a7a7a7a7a7a7a7a7a,7a7a7a7a7a7a7a7a7a7a7a7a7a7a7a7a
42,casky,3,21666,218274,25042,320,77,24644,398,398,1,0,0,398,1.0,0,1,00000000000000000000000000000000,00000000000000000000000000000000
43,casky2,3,46708,243316,18841,272,68,18500,341,2,9,0,0,20,0.005865,339,9,00009e9e9f9e9e9e9eb49eb49e9e9e9e,b49fb49fb49f9fb49f9fb49f9fb49f9f
44,lblock,4,13,262157,8378,78,105,8194,184,117,4,0,0,47,0.63587,67,4,00000000000000000000000000000000,00b4b49fb4b4b4b4b4b4b4b4b5b4b4b4
45,rblock,4,8391,270535,8378,78,105,8194,184,117,4,0,0,47,0.63587,67,4,00000000000000000000000000000000,00b4b49fb4b4b4b4b4b4b4b4b5b4b4b4
46,pts,4,16769,278913,438,30,13,394,44,35,6,0,0,35,0.795455,9,6,00000000000000000000000000000000,00000000000000d094cca9a9a9caa9a9
47,fern,4,17207,279351,6008,75,78,5854,154,0,14,0,0,7,0.0,154,14,a9a970b8c8b8c8c87070707070b87070,72b771c77171727270b7b87171717272
48,fern2,4,23215,285359,5920,67,86,5766,154,65,13,0,0,43,0.422078,89,13,00000000000000000000000000000000,c7c77171717171712020717171717171
49,clou,4,29135,291279,18622,320,57,18244,378,256,8,0,0,157,0.677249,122,8,00000000000000000000000000000000,9eb49f9fb49f9fb49f9fb49f9fb49fb4
50,0,4,47757,309901,238,12,17,208,30,0,1,0,0,30,0.0,30,1,5c5c5c5c5c5c5c5c5c5c5c5c5c5c5c5c,5c5c5c5c5c5c5c5c5c5c5c5c5c5c5c5c
51,1,4,47995,310139,220,11,17,191,29,12,3,0,0,12,0.413793,17,3,78000000000000787878780000000000,000000005c5c5c5c5c5c5c5c5c5c5c5c
52,2,4,48215,310359,238,12,17,208,30,2,2,0,0,28,0.066667,28,2,00005c5c5c5c5c5c5c5c5c5c5c5c5c5c,5c5c5c5c5c5c5c5c5c5c5c5c5c5c5c5c
53,3,4,48453,310597,238,12,17,208,30,2,2,0,0,28,0.066667,28,2,00005c5c5c5c5c5c5c5c5c5c5c5c5c5c,5c5c5c5c5c5c5c5c5c5c5c5c5c5c5c5c
54,4,4,48691,310835,238,12,17,208,30,2,2,0,0,28,0.066667,28,2,00005c5c5c5c5c5c5c5c5c5c5c5c5c5c,5c5c5c5c5c5c5c5c5c5c5c5c5c5c5c5c
55,5,4,48929,311073,256,13,17,225,31,2,2,0,0,29,0.064516,29,2,00005c5c5c5c5c5c5c5c5c5c5c5c5c5c,5c5c5c5c5c5c5c5c5c5c5c5c5c5c5c5c
56,6,4,49185,311329,238,12,17,208,30,14,3,0,0,11,0.466667,16,3,00000000000078787878780000000000,00000000005c5c5c5c5c5c5c5c5c5c5c
57,7,4,49423,311567,238,12,17,208,30,14,3,0,0,11,0.466667,16,3,00000000000078787878780000000000,00000000005c5c5c5c5c5c5c5c5c5c5c
58,8,4,49661,311805,238,12,17,208,30,14,3,0,0,11,0.466667,16,3,00000000000078787878780000000000,00000000005c5c5c5c5c5c5c5c5c5c5c
59,9,4,49899,312043,238,12,17,208,30,14,3,0,0,11,0.466667,16,3,00000000000078787878780000000000,00000000005c5c5c5c5c5c5c5c5c5c5c
60,0r,4,50137,312281,244,11,19,213,31,8,5,0,0,17,0.258065,23,5,252d7878787800000000000000005c5c,5c5c5c5c5c5c5c5c5c5c5c5c5c5c5c5c
61,1r,4,50381,312525,204,9,19,175,29,8,4,0,0,7,0.275862,21,4,83832d2d2500252d2d2d2d2d2d2d2500,2d25000000252d2d2d2d2d2500000000
62,2r,4,50585,312729,244,11,19,213,31,9,3,0,0,17,0.290323,22,3,00787878787800000000000000005c5c,5c5c5c5c5c5c5c5c5c5c5c5c5c5c5c5c
63,3r,4,50829,312973,244,11,19,213,31,9,3,0,0,17,0.290323,22,3,00787878787800000000000000005c5c,5c5c5c5c5c5c5c5c5c5c5c5c5c5c5c5c
64,4r,4,51073,313217,264,12,19,232,32,2,2,0,0,30,0.0625,30,2,00005c5c5c5c5c5c5c5c5c5c5c5c5c5c,5c5c5c5c5c5c5c5c5c5c5c5c5c5c5c5c
65,5r,4,51337,313481,244,11,19,213,31,11,4,0,0,10,0.354839,20,4,252d2d2d2d2500000000000000252525,2525000000005c5c5c5c5c5c5c5c5c5c
66,6r,4,51581,313725,244,11,19,213,31,11,4,0,0,10,0.354839,20,4,252d2d2d2d2500000000000000252525,2525000000005c5c5c5c5c5c5c5c5c5c
67,7r,4,51825,313969,224,10,19,194,30,13,3,0,0,5,0.433333,17,3,2d2d2d2d2d2500000000002525252525,2525000000252d2d2d2d250000000000
68,8r,4,52049,314193,244,11,19,213,31,11,4,0,0,10,0.354839,20,4,252d2d2d2d2500000000000000252525,2525000000005c5c5c5c5c5c5c5c5c5c
69,9r,4,52293,314437,244,11,19,213,31,11,4,0,0,10,0.354839,20,4,252d2d2d2d2500000000000000252525,2525000000005c5c5c5c5c5c5c5c5c5c
70,0g,4,52537,314681,148,11,11,125,23,4,3,0,0,8,0.173913,19,3,00000c0c0c0c0c0c0c0c2900290c0c0c,0c0c0c2900290c0c0c0c0c0c0c0c2900
71,1g,4,52685,314829,124,9,11,103,21,9,3,0,0,5,0.428571,12,3,0000444c4c4c4c4c4400000000004444,4c4c4c44000000000044444444440000
72,2g,4,52809,314953,148,11,11,125,23,20,3,0,0,19,0.869565,3,3,00000000000000000000000000000000,0000000000000000000000000c0c2900
73,3g,4,52957,315101,148,11,11,125,23,20,3,0,0,19,0.869565,3,3,00000000000000000000000000000000,0000000000000000000000000c0c2900
74,4g,4,53105,315249,160,12,11,136,24,9,6,0,0,8,0.375,15,6,00000000000000000c0c290029292929,0c0c290029292929292f2f2f2f29252d
75,5g,4,53265,315409,148,11,11,125,23,16,4,0,0,10,0.695652,7,4,00000000004444444400000000000000,4444000000000000000000000c0c2900
76,6g,4,53413,315557,148,11,11,125,23,20,3,0,0,19,0.869565,3,3,00000000000000000000000000000000,0000000000000000000000000c0c2900
77,7g,4,53561,315705,136,10,11,114,22,22,1,0,0,22,1.0,0,1,00000000000000000000000000000000,00000000000000000000000000000000
78,8g,4,53697,315841,148,11,11,125,23,20,3,0,0,19,0.869565,3,3,00000000000000000000000000000000,0000000000000000000000000c0c2900
79,9g,4,53845,315989,148,11,11,125,23,20,3,0,0,19,0.869565,3,3,00000000000000000000000000000000,0000000000000000000000000c0c2900
80,time,4,53993,316137,508,35,13,459,49,2,3,0,0,36,0.040816,47,3,00009a5c5c9a9a9a5c5c5c5c5c5c5c5c,5c5c5c5c5c5c5c5c5c5c5c9a9a9a5c5c
81,lap,4,54501,316645,452,31,13,407,45,3,3,0,0,26,0.066667,42,3,0f0f0f0f0f0f0f0f0f0f0f0f0f0f0f6d,6d6d6d6d6d6d6d6d6d6d6d6d6d6d6d6d
82,blip,4,54953,317097,28,3,5,19,9,5,2,0,0,5,0.555556,4,2,00000000006d6d6d6d,00000000006d6d6d6d
83,hill,4,54981,317125,7066,320,21,6724,342,0,3,0,0,81,0.0,342,3,b5b5b5b50f0f0f0f0f0f0f0f0f0f0f0f,0f0f0f0f0f0f0f0f0f0f0f0f0f0f0f0f
84,left,4,62047,324191,3745,42,86,3616,129,2,16,0,0,9,0.015504,127,16,0000e7cce4cdcecdcccccbcbe4e4e4e4,c9c9c9e2e4e2cbe4e4e4e4e4cbcbcccc
85,right,5,256,327936,3745,42,86,3616,129,2,16,0,0,9,0.015504,127,16,0000e7cce4cdcecdcccccbcbe4e4e4e4,c9c9c9e2e4e2cbe4e4e4e4e4cbcbcccc
86,noak,5,4001,331681,7834,89,86,7658,176,0,3,0,0,90,0.0,176,3,0f0f0f0f0f0f0f0f0f0f0f0f0f0f0f0f,0f0f0f0f0f0f0f0f0f0f0f0f0f0f0f0f
87,flor2,5,11835,339515,1291,98,12,1180,111,33,15,0,0,33,0.297297,78,15,44444344444444314432323533313233,44453033333630323232323031323433
88,rox,5,13126,340806,12164,319,37,11807,357,2,4,0,0,90,0.005602,355,4,00000f0f0f0f0f0f0f0f0f0f0f0f0f0f,0f0f0f0f0f0f0f0f0f0f0f0f0f0f0f0f
89,etree,5,25290,352970,7108,73,95,6939,169,96,13,0,0,77,0.568047,73,13,00009393949392949596969597949292,92920000000000000000000000000000
90,pole,5,32398,360078,1556,15,96,1444,112,13,19,0,0,14,0.116071,99,19,00003033303030303030303030303030,00c235343537c1c0c0c1c1bf34c13533
91,yghi,5,33954,361634,9357,198,46,9112,245,82,14,0,0,65,0.334694,163,14,9596aeae95ae959494959494ae969494,00000000000000000000000000000000
92,dunes,5,43311,370991,5221,110,46,5064,157,5,33,0,0,37,0.031847,152,33,0000dd7b7b7a7b7b7b7b7b7b7b7b7b7b,7b7b7a7a7b7b7b7a7776767676787b7a
93,glogo,5,48532,376212,13444,209,63,13171,273,2,5,0,0,55,0.007326,271,5,00000f0f0f0f0f0fb5b5b5b4b4b4b4b3,b50f0f0f0f0f0f0f0f0f0f0f0f0f0f0f
94,rlogo,5,61976,389656,16930,216,77,16636,294,2,4,0,0,61,0.006803,292,4,0000b4b4b4b4b4b4b4b4b4b4b4b4b4b4,b4b4b4b4b4b4b4b4b4b4b4b4b4b4b4b4
95,road,6,13370,406586,3163,80,38,3044,119,15,19,0,0,35,0.12605,104,19,00007a7b808383838383838383848484,777a7a7c838585858585848484848484
96,fhills,6,16533,409749,3535,320,10,3204,331,61,30,0,0,34,0.18429,270,30,838383c2d7b7000000000000d1777a7a,848484848484848585858585858585c3
97,pillar,6,20068,413284,5134,53,94,4986,148,23,26,0,0,19,0.155405,125,26,da797a7c818383838383838383838383,d1777a7a7b8284848484848484848484
98,beam,6,25202,418418,9284,289,31,8963,321,55,31,0,0,40,0.17134,266,31,00000000000000b7d5787a7bc5858585,838383838383838383838382c1d40000
99,pos,6,34486,427702,466,32,13,420,46,2,10,0,0,3,0.043478,44,10,0000a9adacabaeadadacadacacabaaab,aba9c9aaa9aaa9aa70aaaaac080808aa
100,blsky,6,34952,428168,13399,234,56,13108,291,58,30,0,0,34,0.199313,233,30,858585858585858585858585858585c5,00000000000000000000000000000071
101,gatel,6,48351,441567,2164,44,47,2072,92,0,2,0,0,38,0.0,92,2,67676767676767676767676767676767,67676767676767676767676767676767
102,gater,6,50515,443731,2164,44,47,2072,92,0,2,0,0,38,0.0,92,2,67676767676767676767676767676767,67676767676767676767676767676767
103,sstonel,6,52679,445895,6244,79,77,6087,157,0,9,0,0,71,0.0,157,9,67676767676767676767676767676767,69686869686768686768686768686767
104,sstoner,6,58923,452139,6244,79,77,6087,157,0,9,0,0,71,0.0,157,9,67676767676767676767676767676767,69686869686768686768686768686767
105,bird,6,65167,458383,5504,99,54,5350,154,33,11,0,0,20,0.214286,121,11,70b870d17072a7a7a7b7a7b7c8a7c8a7,a7c8a7a7c87171d170707271a771b772
106,bird2,7,5135,463887,4645,90,50,4504,141,101,21,0,0,48,0.716312,40,21,00000000bc1419062c2c2c76c0494948,00000000000000000000000000000000
107,lagoon,7,9780,468532,6745,320,20,6404,341,0,13,0,0,44,0.0,341,13,67676767676768686768686868686868,68686868686868686868686867686768
108,check,7,16525,475277,8124,289,27,7807,317,0,13,0,0,20,0.0,317,13,68676867676768686868686968696968,69686868686768686867686867686867
109,spray,7,24649,483401,536,37,13,485,51,0,3,0,0,34,0.0,51,3,b4b4b4b4b4b4b4b4b4b4b4b4b4b4b4b4,b2b2b2b2b2b2b2b2b2b2b2b2b2b2b2b5
110,srock,7,25185,483937,1604,39,39,1525,79,0,3,0,0,15,0.0,79,3,4c4c4c4c4c4c4c4cb5b5b5b54c4c4c4c,4c4c4c4cb4b4b4b54c4c4c4c4c4cb5b5
111,alp1,7,26789,485541,3856,320,11,3524,332,0,9,0,0,30,0.0,332,9,b4b4b4b4b4b4b4b4b4b4b4b4b4434c4c,4c4c4cb4b4b4b44c4c4c4c4c4c4c4343
112,alp2,7,30645,489397,26968,320,83,26564,404,404,1,0,0,404,1.0,0,1,00000000000000000000000000000000,00000000000000000000000000000000
113,wbuildl,7,57613,516365,7972,82,95,7794,178,0,15,0,0,10,0.0,178,15,b59fb59fb5b5b5b5b5b5b5b5b5b59faf,b39c979cb5b59fb50fb50f0f0fb5b5b5
114,wbuildr,8,49,524337,7972,82,95,7794,178,0,15,0,0,10,0.0,178,15,b59fb59fb5b5b5b5b5b5b5b5b5b59faf,b39c979cb5b59fb50fb50f0f0fb5b5b5
115,tsmoke1,8,8021,532309,634,69,8,556,78,40,18,0,0,40,0.512821,38,18,92939495960707afae92cbb8a7a9a970,92cbe394989896969293929292979494
116,tsmoke2,8,8655,532943,961,86,10,864,97,25,26,0,0,13,0.257732,72,26,cbcac896979898989495959597af9797,cb63e3b896b0af98989696969695af97
117,drift,8,9616,533904,2515,80,30,2404,111,0,38,0,0,3,0.0,111,38,c8a97011abaaaaae24aaaaaaacacac15,1515b0b0b012ab339633333535af3838
118,bltile,8,12131,536419,4135,80,50,4004,131,0,35,0,0,3,0.0,131,35,b2b0b095939562cb63aaaaaa6363aac8,b82525af7070701222aacca9aeae1123
119,exc,8,16266,540554,118,5,18,94,24,0,1,0,0,24,0.0,24,1,a3a3a3a3a3a3a3a3a3a3a3a3a3a3a3a3,a3a3a3a3a3a3a3a3a3a3a3a3a3a3a3a3
120,a,8,16384,540672,232,11,18,202,30,0,6,0,0,11,0.0,30,6,a3a3a3a3a3a3a3a3a3a3a3a4a5a56901,69016a6a6a6a6a6a01a5a3a3a3a3a3a3
121,b,8,16616,540904,213,10,18,184,29,10,4,0,0,11,0.344828,19,4,00000022222f2f222200000000000022,0000222200a3a3a3a3a3a3a3a3a3a3a3
122,c,8,16829,541117,213,10,18,184,29,10,4,0,0,11,0.344828,19,4,00000022222f2f222200000000000022,0000222200a3a3a3a3a3a3a3a3a3a3a3
123,d,8,17042,541330,213,10,18,184,29,10,4,0,0,11,0.344828,19,4,00000022222f2f222200000000000022,0000222200a3a3a3a3a3a3a3a3a3a3a3
124,e,8,17255,541543,175,8,18,148,27,13,3,0,0,6,0.481481,14,3,2f2f2f000000222f2f2f2f2f00000000,2f000000002222222f2f000000000000
125,f,8,17430,541718,175,8,18,148,27,13,3,0,0,6,0.481481,14,3,2f2f2f000000222f2f2f2f2f00000000,2f000000002222222f2f000000000000
126,g,8,17605,541893,232,11,18,202,30,0,6,0,0,11,0.0,30,6,a3a3a3a3a3a3a3a3a3a3a3a4a5a56901,69016a6a6a6a6a6a01a5a3a3a3a3a3a3
127,h,8,17837,542125,213,10,18,184,29,10,4,0,0,11,0.344828,19,4,2f2f2f2f000000000000222222220000,2200000000a3a3a3a3a3a3a3a3a3a3a3
128,i,8,18050,542338,99,4,18,76,23,0,3,0,0,9,0.0,23,3,82828282828282822284848484848484,82228484848484848484842284848422
129,j,8,18149,542437,175,8,18,148,27,7,3,0,0,3,0.259259,20,3,0000222f2f2f222f2f2f0000222f2f2f,00222f2f2f22222f2f000022222f2f00
130,k,8,18324,542612,213,10,18,184,29,10,4,0,0,11,0.344828,19,4,2f2f2f2f000000000000222222220000,2200000000a3a3a3a3a3a3a3a3a3a3a3
131,l,8,18537,542825,175,8,18,148,27,7,3,0,0,3,0.259259,20,3,0022222f2f00222f2f2f0000222f2f2f,00222f2f2f222f2f2f000022222f0022
132,m,8,18712,543000,251,12,18,220,31,0,4,0,0,25,0.0,31,4,6a6a6a6a01a5a3a3a3a3a3a3a3a3a3a3,a3a3a3a3a3a3a3a3a3a3a3a3a3a3a3a3
133,n,8,18963,543251,213,10,18,184,29,10,3,0,0,4,0.344828,19,3,222f2f2f00220000222f2f2f22222f2f,222f2f0000000022222f2f0022220000
134,o,8,19176,543464,251,12,18,220,31,0,4,0,0,25,0.0,31,4,6a6a6a6a01a5a3a3a3a3a3a3a3a3a3a3,a3a3a3a3a3a3a3a3a3a3a3a3a3a3a3a3
135,p,8,19427,543715,194,9,18,166,28,9,4,0,0,7,0.321429,19,4,00227c7c7c000022222f2f00002f2f2f,002f2f2f00000000222f2f2f2f2f2f2f
136,q,8,19621,543909,298,13,20,264,34,0,5,0,0,27,0.0,34,5,a3a3a3a3a3a3a3a3a3a3a3a3a3a3a3a3,a3a3a3a3a3a3a3a3a3a4a5a5016a6a01
137,r,8,19919,544207,232,11,18,202,30,11,4,0,0,7,0.366667,19,4,7c7c7c7c7c7c7c00000000002222222f,222f2f2f2f2f2f000000000000222222
138,s,8,20151,544439,232,11,18,202,30,11,4,0,0,7,0.366667,19,4,7c7c7c7c7c7c7c00000000002222222f,222f2f2f2f2f2f000000000000222222
139,t,8,20383,544671,213,10,18,184,29,13,4,0,0,7,0.448276,16,4,222f2f2f2f0000000000002222222200,22220000007c7c7c7c7c7c7c00000000
140,u,8,20596,544884,213,10,18,184,29,13,4,0,0,7,0.448276,16,4,222f2f2f2f0000000000002222222200,22220000007c7c7c7c7c7c7c00000000
141,v,8,20809,545097,232,11,18,202,30,11,4,0,0,7,0.366667,19,4,7c7c7c7c7c7c7c00000000002222222f,222f2f2f2f2f2f000000000000222222
142,w,8,21041,545329,327,16,18,292,35,0,4,0,0,20,0.0,35,4,a5a5016a6a01016a6a6a6a6a6a6aa5a3,a3a3a3a3a3a3a3a3a3a3a3a3a3a3a3a3
143,x,8,21368,545656,232,11,18,202,30,8,5,0,0,5,0.266667,22,5,7d227d7d7d7d7d00000000227c7c7c7c,7c7c7c22227c7c7c7c00000000222f2f
144,y,8,21600,545888,232,11,18,202,30,8,5,0,0,5,0.266667,22,5,7d227d7d7d7d7d00000000227c7c7c7c,7c7c7c22227c7c7c7c00000000222f2f
145,z,8,21832,546120,232,11,18,202,30,8,5,0,0,5,0.266667,22,5,7d227d7d7d7d7d00000000227c7c7c7c,7c7c7c22227c7c7c7c00000000222f2f
146,card1,8,22064,546352,16265,160,100,16004,261,0,16,0,0,17,0.0,261,16,9c9cb3b3b39fb3b39c9cb3b3b39f9fb5,9cb3b59fb59fb5b59f9fb5b5b5b5b5b5
147,card2,8,38329,562617,16265,160,100,16004,261,0,16,0,0,17,0.0,261,16,9c9cb3b3b39fb3b39c9cb3b3b39f9fb5,9cb3b59fb59fb5b59f9fb5b5b5b5b5b5
148,card3,8,54594,578882,16265,160,100,16004,261,0,16,0,0,17,0.0,261,16,9c9cb3b3b39fb3b39c9cb3b3b39f9fb5,9cb3b59fb59fb5b59f9fb5b5b5b5b5b5
149,card4,9,5323,595147,16265,160,100,16004,261,0,16,0,0,17,0.0,261,16,9c9cb3b3b39fb3b39c9cb3b3b39f9fb5,9cb3b59fb59fb5b59f9fb5b5b5b5b5b5
150,card5,9,21588,611412,16265,160,100,16004,261,0,16,0,0,17,0.0,261,16,9c9cb3b3b39fb3b39c9cb3b3b39f9fb5,9cb3b59fb59fb5b59f9fb5b5b5b5b5b5
151,card6,9,37853,627677,16265,160,100,16004,261,0,16,0,0,17,0.0,261,16,9c9cb3b3b39fb3b39c9cb3b3b39f9fb5,9cb3b59fb59fb5b59f9fb5b5b5b5b5b5
152,lambor,9,54118,643942,16265,160,100,16004,261,0,16,0,0,17,0.0,261,16,9c9cb3b3b39fb3b39c9cb3b3b39f9fb5,9cb3b59fb59fb5b59f9fb5b5b5b5b5b5
153,cit1,10,4847,660207,9235,180,50,9004,231,0,26,0,0,61,0.0,231,26,cecececfd0d0d0d0d0d0d0d0d0d0d0d0,cc5656cfcac8c8c8c8c8c8c8c8a1a150
154,cit2,10,14082,669442,6424,320,19,6084,340,112,20,0,0,28,0.329412,228,20,00000000000000000000000000000000,000000000000000000c8c8a9ad08aeaf
155,cit3,10,20506,675866,10276,320,31,9924,352,0,43,0,0,14,0.0,352,43,cfcfe4e4ccd0cfd0d0d0d0d0d0cecbcb,56565859595957595852c8c8e1a15256
156,saint,10,30782,686142,8124,289,27,7807,317,0,42,0,0,12,0.0,317,42,a9abaa37aaa9ca7070cb36a9c8c7c7ca,cb31cacac8c8c8cc32cac8cacacac8c8
157,goruns,10,38906,694266,8124,289,27,7807,317,0,42,0,0,12,0.0,317,42,a9abaa37aaa9ca7070cb36a9c8c7c7ca,cb31cacac8c8c8cc32cac8cacacac8c8
158,mpole,10,47030,702390,913,8,100,804,109,0,3,0,0,33,0.0,109,3,101010101010101010102d2d2d2d2d2d,04040404040404042d2d2d2d2d2d2d2d
159,string,10,47943,703303,7956,283,27,7645,311,0,33,0,0,55,0.0,311,33,10101010101010101010101010101010,cbcacacbcbcbcbcbcbcbc7c7cacbcaca
160,flowpole,10,55899,711259,8385,288,28,8068,317,0,45,0,0,11,0.0,317,45,d0aececccccccac8c7c7c7c8adb0cdc8,a9a97070a9a970aaca9191cdc8cac8c8
161,falssm,10,64284,719644,12523,320,38,12164,359,0,42,0,0,11,0.0,359,42,7b7b7b7c7b16cf535453a1cbd0aba9a9,ca915151525253535353535353535353
162,azfal,11,11271,732167,8124,289,27,7807,317,0,24,0,0,15,0.0,317,24,b3b3b3b4b4b5b5b4b5b50fb5b5b5b5b3,b4b3b39fb4b3b3b2b3b3b4b4b4b4b39f
163,bbfal,11,19395,740291,8124,289,27,7807,317,0,24,0,0,15,0.0,317,24,b3b3b3b4b4b5b5b4b5b50fb5b5b5b5b3,b4b3b39fb4b3b3b2b3b3b4b4b4b4b39f
164,spring2,11,27519,748415,5933,76,76,5780,153,2,7,0,0,31,0.013072,151,7,9d9d9d9d00009d9d9d9d9d9d9d9d9d9d,89898989898989628989898989898989
165,w1,11,33452,754348,10858,133,80,10644,214,0,17,0,0,11,0.0,214,17,b3b1b1b1b2b2b1b1b3b49e9eb3b3b4b4,9a9a9a9a99999a9a9a9a9a989898d092
166,w2,11,44310,765206,10858,133,80,10644,214,0,17,0,0,11,0.0,214,17,b3b1b1b1b2b2b1b1b3b49e9eb3b3b4b4,9a9a9a9a99999a9a9a9a9a989898d092
167,w3,11,55168,776064,10858,133,80,10644,214,0,17,0,0,11,0.0,214,17,b3b1b1b1b2b2b1b1b3b49e9eb3b3b4b4,9a9a9a9a99999a9a9a9a9a989898d092
168,w4,12,490,786922,10858,133,80,10644,214,0,17,0,0,11,0.0,214,17,b3b1b1b1b2b2b1b1b3b49e9eb3b3b4b4,9a9a9a9a99999a9a9a9a9a989898d092
169,w5,12,11348,797780,10858,133,80,10644,214,0,17,0,0,11,0.0,214,17,b3b1b1b1b2b2b1b1b3b49e9eb3b3b4b4,9a9a9a9a99999a9a9a9a9a989898d092
170,w6,12,22206,808638,10858,133,80,10644,214,0,17,0,0,11,0.0,214,17,b3b1b1b1b2b2b1b1b3b49e9eb3b3b4b4,9a9a9a9a99999a9a9a9a9a989898d092
171,w7,12,33064,819496,10858,133,80,10644,214,0,17,0,0,11,0.0,214,17,b3b1b1b1b2b2b1b1b3b49e9eb3b3b4b4,9a9a9a9a99999a9a9a9a9a989898d092
172,w8,12,43922,830354,10858,133,80,10644,214,0,17,0,0,11,0.0,214,17,b3b1b1b1b2b2b1b1b3b49e9eb3b3b4b4,9a9a9a9a99999a9a9a9a9a989898d092
173,w9,12,54780,841212,10858,133,80,10644,214,0,17,0,0,11,0.0,214,17,b3b1b1b1b2b2b1b1b3b49e9eb3b3b4b4,9a9a9a9a99999a9a9a9a9a989898d092
174,w10,13,102,852070,10858,133,80,10644,214,0,17,0,0,11,0.0,214,17,b3b1b1b1b2b2b1b1b3b49e9eb3b3b4b4,9a9a9a9a99999a9a9a9a9a989898d092
175,w11,13,10960,862928,10858,133,80,10644,214,0,17,0,0,11,0.0,214,17,b3b1b1b1b2b2b1b1b3b49e9eb3b3b4b4,9a9a9a9a99999a9a9a9a9a989898d092
176,troph,13,21818,873786,7604,75,99,7429,175,0,26,0,0,4,0.0,175,26,ac9594959494ad94959495ad949594ad,9cb3b49fb5b50fb5b50f0fb5b593aaa9
177,parkpol,13,29422,881390,16265,160,100,16004,261,0,16,0,0,17,0.0,261,16,9c9cb3b3b39fb3b39c9cb3b3b39f9fb5,9cb3b59fb59fb5b59f9fb5b5b5b5b5b5
178,snowtree,13,45687,897655,6772,71,93,6607,165,0,22,0,0,24,0.0,165,22,b5b5b5b5b5b5b5b5b41414b4b40ab2b4,aeaf07b1b2b2b3b3b3b4b4b4b4b4b4b4
179,dbl1,13,52459,904427,21154,140,149,20864,290,0,16,0,0,14,0.0,290,16,9797adacaaaaababaaabaaabaaa9aaa9,b19c9c9c9c9c9c9c9c9cb19c9cb39c9c
180,dbl2,14,8077,925581,21154,140,149,20864,290,0,16,0,0,14,0.0,290,16,9797adacaaaaababaaabaaabaaa9aaa9,b19c9c9c9c9c9c9c9c9cb19c9cb39c9c
181,flor,14,29231,946735,2623,96,26,2500,123,109,6,0,0,85,0.886179,14,6,00000000000000000000000000000000,00000000000000000000000000000000
