track,opcode,count,sum_field2,min_field2,max_field2,unique_field2,field3_values
TRACK1,0,32,10355,10,1000,12,
TRACK1,1,8,3200,100,800,4,1
TRACK1,2,2,200,100,100,1,
TRACK1,3,9,1290,50,230,6,1
TRACK1,4,1,800,800,800,1,
TRACK1,5,8,1112,73,220,3,1
TRACK1,7,11,1530,10,500,7,1
TRACK2,0,32,14260,20,2000,15,
TRACK2,1,7,1480,60,600,6,1
TRACK2,3,8,1010,10,200,5,"1,2,3"
TRACK2,5,7,979,60,500,4,1
TRACK2,7,10,1090,50,200,9,"1,2,3"
TRACK3,0,41,14430,40,2000,14,
TRACK3,1,4,909,9,400,3,1
TRACK3,3,15,1680,50,250,10,"1,2"
TRACK3,4,2,1600,800,800,1,
TRACK3,5,3,873,73,400,2,1
TRACK3,7,15,2080,90,220,4,"1,2,3"
TRACK4,0,32,5273,20,700,11,
TRACK4,1,7,1350,50,400,4,1
TRACK4,2,2,500,100,400,2,
TRACK4,3,23,3110,80,200,11,"1,2"
TRACK4,4,12,5900,300,700,5,
TRACK4,5,2,300,150,150,1,1
TRACK4,6,6,2700,300,500,3,
TRACK4,7,23,3120,80,200,11,"1,2"
TRACK4,21,1,7,7,7,1,0
TRACK4,22,1,7,7,7,1,0
TRACK5,0,38,4910,30,800,13,
TRACK5,1,8,935,25,400,5,1
TRACK5,3,21,2330,10,200,7,"1,2,3,4"
TRACK5,4,4,2600,600,800,2,
TRACK5,5,3,420,100,200,3,1
TRACK5,6,11,5500,200,1000,7,
TRACK5,7,18,2210,10,200,10,"1,2,3,4"
TRACK6,0,26,7850,40,1000,10,
TRACK6,1,13,4600,100,2000,5,1
TRACK6,3,16,1510,20,200,10,"1,2,3,4"
TRACK6,4,6,4300,600,1000,3,
TRACK6,5,12,1630,30,500,4,1
TRACK6,6,2,1800,800,1000,2,
TRACK6,7,19,1690,10,200,13,"1,2,3,4"
TRACK11,0,32,10355,10,1000,12,
TRACK11,1,8,3200,100,800,4,1
TRACK11,2,2,200,100,100,1,
TRACK11,3,9,1290,50,230,6,1
TRACK11,4,1,800,800,800,1,
TRACK11,5,8,1112,73,220,3,1
TRACK11,7,11,1530,10,500,7,1
TRACK12,0,32,14260,20,2000,15,
TRACK12,1,7,1480,60,600,6,1
TRACK12,3,8,1010,10,200,5,"1,2,3"
TRACK12,5,7,979,60,500,4,1
TRACK12,7,10,1090,50,200,9,"1,2,3"
TRACK13,0,41,14430,40,2000,14,
TRACK13,1,4,909,9,400,3,1
TRACK13,3,15,1680,50,250,10,"1,2"
TRACK13,4,2,1600,800,800,1,
TRACK13,5,3,873,73,400,2,1
TRACK13,7,15,2080,90,220,4,"1,2,3"
TRACK14,0,32,5273,20,700,11,
TRACK14,1,7,1350,50,400,4,1
TRACK14,2,2,500,100,400,2,
TRACK14,3,23,3110,80,200,11,"1,2"
TRACK14,4,12,5900,300,700,5,
TRACK14,5,2,300,150,150,1,1
TRACK14,6,6,2700,300,500,3,
TRACK14,7,23,3120,80,200,11,"1,2"
TRACK14,21,1,7,7,7,1,0
TRACK14,22,1,7,7,7,1,0
TRACK15,0,38,4910,30,800,13,
TRACK15,1,8,935,25,400,5,1
TRACK15,3,21,2330,10,200,7,"1,2,3,4"
TRACK15,4,4,2600,600,800,2,
TRACK15,5,3,420,100,200,3,1
TRACK15,6,11,5500,200,1000,7,
TRACK15,7,18,2210,10,200,10,"1,2,3,4"
TRACK16,0,25,7930,40,1000,12,
TRACK16,1,13,4600,100,2000,5,1
TRACK16,3,16,1510,20,200,10,"1,2,3,4"
TRACK16,4,6,4300,600,1000,3,
TRACK16,5,12,1630,30,500,4,1
TRACK16,6,2,1800,800,1000,2,
TRACK16,7,19,1690,10,200,13,"1,2,3,4"
