track,opcode,top_level_count,nested_count,arity_patterns,second_values,third_values
TRACK1,0,32,0,{2: 32},"{50: 5, 10: 4, 500: 4, 800: 3, 100: 3, 1000: 3, 400: 3, 80: 2, 40: 2, 300: 1, 25: 1, 600: 1}",{}
TRACK1,1,8,0,{3: 8},"{200: 4, 800: 2, 100: 1, 700: 1}",{1: 8}
TRACK1,2,2,0,{2: 2},{100: 2},{}
TRACK1,3,9,0,{3: 9},"{200: 3, 50: 2, 100: 1, 170: 1, 90: 1, 230: 1}",{1: 9}
TRACK1,4,1,0,{2: 1},{800: 1},{}
TRACK1,5,8,0,{3: 8},"{73: 4, 200: 3, 220: 1}",{1: 8}
TRACK1,7,11,0,{3: 11},"{150: 3, 10: 3, 500: 1, 200: 1, 80: 1, 130: 1, 140: 1}",{1: 11}
TRACK1,10,0,18,{3: 18},"{7: 10, 2: 3, 5: 2, 1: 2, 3: 1}","{11: 8, 19: 2, 20: 2, 90: 2, 18: 1, 14: 1, 0: 1, 85: 1}"
TRACK1,11,0,11,{3: 11},"{7: 3, 2: 2, 1: 2, 3: 2, 5: 1, 6: 1}","{11: 3, 14: 2, 90: 2, 84: 1, 0: 1, 18: 1, 20: 1}"
TRACK1,12,0,5,{3: 5},"{7: 3, 1: 2}","{-1: 3, 108: 1, 13: 1}"
TRACK1,20,0,8,{3: 8},"{7: 4, 2: 3, 3: 1}","{0: 3, 3: 2, 1: 2, 2: 1}"
TRACK1,21,0,4,{3: 4},"{7: 2, 3: 1, 2: 1}","{0: 2, 4: 1, 3: 1}"
TRACK1,22,0,1,{3: 1},{7: 1},{0: 1}
TRACK1,30,0,4,{3: 4},"{3: 2, 1: 1, 2: 1}","{10: 2, 0: 1, 149: 1}"
TRACK1,40,0,2,{3: 2},"{9: 1, 0: 1}","{100: 1, 0: 1}"
TRACK1,50,0,7,{3: 7},"{6: 4, 5: 3}","{0: 3, 1: 2, 2: 2}"
TRACK1,70,0,2,{3: 2},{3: 2},"{999: 1, 1010: 1}"
TRACK1,80,0,1,{2: 1},{30: 1},{}
TRACK1,100,0,1,{3: 1},{1000: 1},{0: 1}
TRACK1,9999,1,0,{1: 1},{},{}
TRACK2,0,32,0,{2: 32},"{50: 6, 800: 5, 80: 3, 1000: 3, 500: 2, 700: 2, 200: 2, 40: 2, 900: 1, 20: 1, 400: 1, 120: 1}",{}
TRACK2,1,7,0,{3: 7},"{60: 2, 100: 1, 70: 1, 190: 1, 600: 1, 400: 1}",{1: 7}
TRACK2,3,8,0,{3: 8},"{200: 3, 70: 2, 10: 1, 100: 1, 160: 1}","{2: 3, 1: 3, 3: 2}"
TRACK2,5,7,0,{3: 7},"{73: 3, 100: 2, 60: 1, 500: 1}",{1: 7}
TRACK2,7,10,0,{3: 10},"{70: 2, 200: 1, 100: 1, 50: 1, 190: 1, 80: 1, 60: 1, 120: 1, 150: 1}","{1: 6, 2: 3, 3: 1}"
TRACK2,10,0,12,{3: 12},"{7: 7, 3: 3, 2: 1, 1: 1}","{97: 5, 89: 2, 86: 2, 181: 1, 90: 1, 87: 1}"
TRACK2,11,0,14,{3: 14},"{7: 7, 1: 3, 2: 3, 3: 1}","{97: 4, 89: 3, 87: 2, 84: 1, 90: 1, 86: 1, 0: 1, 181: 1}"
TRACK2,12,0,9,{3: 9},"{7: 6, 1: 2, 3: 1}","{-1: 4, 98: 3, 108: 1, 13: 1}"
TRACK2,20,0,5,{3: 5},"{3: 2, 1: 2, 7: 1}","{0: 2, 1: 1, 2: 1, 3: 1}"
TRACK2,21,0,6,{3: 6},"{2: 2, 7: 2, 3: 1, 1: 1}","{0: 3, 1: 3}"
TRACK2,30,0,9,{3: 9},"{3: 5, 2: 2, 1: 2}","{146: 3, 148: 2, 145: 2, 69: 2}"
TRACK2,50,0,15,{3: 15},"{20: 6, 19: 5, 21: 4}","{0: 11, 1: 2, 2: 2}"
TRACK2,80,0,1,{2: 1},{40: 1},{}
TRACK2,100,0,1,{3: 1},{1000: 1},{0: 1}
TRACK2,9999,1,0,{1: 1},{},{}
TRACK3,0,41,0,{2: 41},"{40: 8, 80: 8, 1000: 4, 400: 4, 100: 3, 50: 3, 300: 3, 200: 2, 800: 1, 2000: 1, 620: 1, 1500: 1}",{}
TRACK3,1,4,0,{3: 4},"{400: 2, 100: 1, 9: 1}",{1: 4}
TRACK3,3,15,0,{3: 15},"{100: 3, 80: 3, 90: 2, 250: 1, 130: 1, 75: 1, 110: 1, 240: 1, 105: 1, 50: 1}","{2: 10, 1: 5}"
TRACK3,4,2,0,{2: 2},{800: 2},{}
TRACK3,5,3,0,{3: 3},"{400: 2, 73: 1}",{1: 3}
TRACK3,7,15,0,{3: 15},"{200: 5, 100: 5, 90: 4, 220: 1}","{1: 9, 2: 4, 3: 2}"
TRACK3,10,0,24,{3: 24},"{7: 11, 1: 5, 2: 4, 3: 4}","{14: 5, 30: 4, 44: 4, 113: 3, 158: 3, 85: 2, 90: 2, 89: 1}"
TRACK3,11,0,24,{3: 24},"{7: 14, 1: 6, 3: 2, 2: 2}","{30: 6, 158: 5, 114: 3, 14: 3, 45: 3, 84: 2, 90: 2}"
TRACK3,12,0,20,{3: 20},"{7: 11, 1: 6, 3: 2, 2: 1}","{-1: 8, 159: 4, 156: 3, 157: 3, 108: 1, 13: 1}"
TRACK3,20,0,4,{3: 4},"{7: 2, 1: 1, 3: 1}","{2: 2, 1: 2}"
TRACK3,21,0,2,{3: 2},{7: 2},"{1: 1, 0: 1}"
TRACK3,22,0,1,{3: 1},{7: 1},{0: 1}
TRACK3,30,0,2,{3: 2},{1: 2},"{64: 1, 202: 1}"
TRACK3,50,0,9,{3: 9},"{5: 6, 25: 3}","{1: 4, 0: 3, 2: 2}"
TRACK3,80,0,1,{2: 1},{50: 1},{}
TRACK3,100,0,1,{3: 1},{1000: 1},{0: 1}
TRACK3,9999,1,0,{1: 1},{},{}
TRACK4,0,32,0,{2: 32},"{200: 6, 80: 5, 40: 4, 50: 4, 300: 3, 400: 3, 100: 3, 700: 1, 20: 1, 123: 1, 70: 1}",{}
TRACK4,1,7,0,{3: 7},"{100: 3, 300: 2, 50: 1, 400: 1}",{1: 7}
TRACK4,2,2,0,{2: 2},"{100: 1, 400: 1}",{}
TRACK4,3,23,0,{3: 23},"{100: 4, 150: 3, 120: 3, 80: 2, 130: 2, 170: 2, 180: 2, 140: 2, 110: 1, 200: 1, 190: 1}","{1: 14, 2: 9}"
TRACK4,4,12,0,{2: 12},"{400: 4, 600: 3, 700: 2, 300: 2, 500: 1}",{}
TRACK4,5,2,0,{3: 2},{150: 2},{1: 2}
TRACK4,6,6,0,{2: 6},"{500: 4, 300: 1, 400: 1}",{}
TRACK4,7,23,0,{3: 23},"{100: 4, 150: 3, 120: 3, 180: 3, 140: 2, 130: 2, 80: 2, 190: 1, 110: 1, 170: 1, 200: 1}","{1: 14, 2: 9}"
TRACK4,10,0,16,{3: 16},"{7: 8, 2: 4, 3: 2, 4: 1, 1: 1}","{17: 4, 47: 3, 48: 3, 103: 3, 11: 2, 90: 1}"
TRACK4,11,0,15,{3: 15},"{7: 9, 1: 2, 3: 2, 4: 1, 2: 1}","{104: 4, 11: 3, 17: 3, 47: 3, 48: 1, 90: 1}"
TRACK4,12,0,18,{3: 18},"{7: 10, 3: 5, 1: 2, 2: 1}","{-1: 8, 160: 6, 105: 2, 108: 1, 13: 1}"
TRACK4,20,0,8,{3: 8},"{7: 4, 2: 3, 1: 1}","{1: 3, 2: 3, 3: 1, 0: 1}"
TRACK4,21,1,2,{3: 3},{7: 3},"{1: 2, 0: 1}"
TRACK4,22,1,0,{3: 1},{7: 1},{0: 1}
TRACK4,30,0,11,{3: 11},"{3: 5, 1: 5, 2: 1}","{66: 4, 117: 2, 115: 2, 116: 2, 230: 1}"
TRACK4,40,0,2,{3: 2},"{116: 1, 0: 1}","{70: 1, 0: 1}"
TRACK4,50,0,10,{3: 10},"{23: 5, 24: 4, 22: 1}","{1: 4, 0: 3, 2: 3}"
TRACK4,70,0,2,{3: 2},{3: 2},"{83: 1, 1107: 1}"
TRACK4,71,0,4,{3: 4},"{3: 2, 2: 2}","{97: 1, 95: 1, 105: 1, 85: 1}"
TRACK4,73,0,2,{3: 2},"{2: 1, 3: 1}","{7: 1, 8: 1}"
TRACK4,80,0,1,{2: 1},{55: 1},{}
TRACK4,100,0,1,{3: 1},{1000: 1},{0: 1}
TRACK4,9999,1,0,{1: 1},{},{}
TRACK5,0,38,0,{2: 38},"{80: 13, 40: 8, 30: 3, 100: 2, 50: 2, 200: 2, 400: 2, 800: 1, 600: 1, 150: 1, 60: 1, 230: 1}",{}
TRACK5,1,8,0,{3: 8},"{100: 4, 30: 1, 80: 1, 25: 1, 400: 1}",{1: 8}
TRACK5,3,21,0,{3: 21},"{200: 7, 100: 5, 30: 3, 10: 3, 110: 1, 120: 1, 80: 1}","{2: 8, 1: 6, 3: 6, 4: 1}"
TRACK5,4,4,0,{2: 4},"{600: 3, 800: 1}",{}
TRACK5,5,3,0,{3: 3},"{120: 1, 200: 1, 100: 1}",{1: 3}
TRACK5,6,11,0,{2: 11},"{400: 5, 500: 1, 900: 1, 600: 1, 200: 1, 300: 1, 1000: 1}",{}
TRACK5,7,18,0,{3: 18},"{200: 6, 100: 3, 30: 2, 90: 1, 70: 1, 170: 1, 80: 1, 110: 1, 120: 1, 10: 1}","{2: 8, 1: 6, 3: 3, 4: 1}"
TRACK5,10,0,12,{3: 12},"{7: 7, 1: 3, 2: 1, 3: 1}","{101: 3, 15: 3, 17: 2, 103: 2, 14: 1, 90: 1}"
TRACK5,11,0,13,{3: 13},"{7: 8, 1: 3, 2: 2}","{102: 4, 17: 3, 104: 2, 164: 2, 14: 1, 90: 1}"
TRACK5,12,0,11,{3: 11},"{7: 6, 1: 4, 2: 1}","{-1: 6, 162: 1, 108: 1, 105: 1, 163: 1, 13: 1}"
TRACK5,20,0,3,{3: 3},"{7: 2, 1: 1}","{3: 1, 1: 1, 0: 1}"
TRACK5,21,0,4,{3: 4},"{7: 3, 1: 1}","{0: 3, 2: 1}"
TRACK5,22,0,1,{3: 1},{7: 1},{0: 1}
TRACK5,30,0,13,{3: 13},"{1: 6, 2: 5, 3: 2}","{69: 4, 0: 4, 85: 4, 147: 1}"
TRACK5,40,0,6,{3: 6},"{154: 3, 0: 2, 85: 1}","{0: 5, 300: 1}"
TRACK5,50,0,3,{3: 3},"{5: 1, 24: 1, 23: 1}",{0: 3}
TRACK5,51,0,6,{3: 6},{26: 6},"{20: 1, 40: 1, 90: 1, 60: 1, 100: 1, 70: 1}"
TRACK5,60,0,6,{3: 6},"{20: 2, 0: 2, 80: 1, 150: 1}",{0: 6}
TRACK5,70,0,8,{3: 8},"{2: 4, 3: 4}","{999: 4, 161: 2, 16: 2}"
TRACK5,80,0,1,{2: 1},{55: 1},{}
TRACK5,100,0,1,{3: 1},{1000: 1},{0: 1}
TRACK5,9999,1,0,{1: 1},{},{}
TRACK6,0,26,0,{2: 26},"{80: 9, 100: 4, 1000: 3, 900: 2, 50: 2, 40: 2, 500: 1, 150: 1, 400: 1, 700: 1}",{}
TRACK6,1,13,0,{3: 13},"{100: 8, 500: 2, 200: 1, 2000: 1, 600: 1}",{1: 13}
TRACK6,3,16,0,{3: 16},"{30: 4, 200: 3, 110: 2, 80: 1, 150: 1, 60: 1, 90: 1, 20: 1, 50: 1, 120: 1}","{3: 8, 2: 4, 1: 3, 4: 1}"
TRACK6,4,6,0,{2: 6},"{600: 4, 900: 1, 1000: 1}",{}
TRACK6,5,12,0,{3: 12},"{100: 9, 30: 1, 200: 1, 500: 1}",{1: 12}
TRACK6,6,2,0,{2: 2},"{1000: 1, 800: 1}",{}
TRACK6,7,19,0,{3: 19},"{80: 4, 100: 3, 70: 2, 180: 1, 10: 1, 200: 1, 60: 1, 50: 1, 110: 1, 30: 1, 120: 1, 150: 1}","{2: 10, 1: 7, 3: 1, 4: 1}"
TRACK6,10,0,5,{3: 5},"{7: 2, 1: 2, 3: 1}","{0: 2, 178: 1, 110: 1, 90: 1}"
TRACK6,11,0,5,{3: 5},"{7: 2, 2: 1, 3: 1, 1: 1}","{0: 2, 178: 1, 110: 1, 90: 1}"
TRACK6,12,0,5,{3: 5},"{7: 3, 1: 2}","{-1: 3, 108: 1, 13: 1}"
TRACK6,20,0,3,{3: 3},"{1: 2, 7: 1}","{1: 1, 3: 1, 2: 1}"
TRACK6,21,0,4,{3: 4},"{7: 2, 2: 2}","{2: 2, 1: 1, 0: 1}"
TRACK6,22,0,1,{3: 1},{7: 1},{0: 1}
TRACK6,30,0,15,{3: 15},"{3: 7, 1: 4, 2: 4}","{153: 3, 155: 3, 152: 2, 157: 2, 147: 1, 148: 1, 149: 1, 151: 1, 156: 1}"
TRACK6,40,0,1,{3: 1},{155: 1},{10: 1}
TRACK6,51,0,4,{3: 4},{21: 4},"{40: 2, 70: 1, 30: 1}"
TRACK6,60,0,6,{3: 6},"{10: 2, 20: 1, 80: 1, 40: 1, 0: 1}",{1: 6}
TRACK6,70,0,2,{3: 2},"{2: 1, 3: 1}","{111: 1, 1112: 1}"
TRACK6,71,0,2,{3: 2},"{2: 1, 3: 1}","{74: 1, 85: 1}"
TRACK6,72,0,2,{3: 2},"{2: 1, 3: 1}",{0: 2}
TRACK6,73,0,2,{3: 2},"{2: 1, 3: 1}",{4: 2}
TRACK6,80,0,1,{2: 1},{80: 1},{}
TRACK6,100,0,1,{3: 1},{1000: 1},{0: 1}
TRACK6,9999,1,0,{1: 1},{},{}
TRACK11,0,32,0,{2: 32},"{50: 5, 10: 4, 500: 4, 800: 3, 100: 3, 1000: 3, 400: 3, 80: 2, 40: 2, 250: 1, 25: 1, 650: 1}",{}
TRACK11,1,8,0,{3: 8},"{200: 4, 800: 2, 100: 1, 700: 1}",{1: 8}
TRACK11,2,2,0,{2: 2},{100: 2},{}
TRACK11,3,9,0,{3: 9},"{200: 3, 50: 2, 100: 1, 170: 1, 90: 1, 230: 1}",{1: 9}
TRACK11,4,1,0,{2: 1},{800: 1},{}
TRACK11,5,8,0,{3: 8},"{73: 4, 200: 3, 220: 1}",{1: 8}
TRACK11,7,11,0,{3: 11},"{150: 3, 10: 3, 500: 1, 200: 1, 80: 1, 130: 1, 140: 1}",{1: 11}
TRACK11,10,0,18,{3: 18},"{7: 10, 2: 3, 5: 2, 1: 2, 3: 1}","{11: 8, 19: 2, 20: 2, 90: 2, 18: 1, 14: 1, 0: 1, 85: 1}"
TRACK11,11,0,11,{3: 11},"{7: 3, 2: 2, 1: 2, 3: 2, 5: 1, 6: 1}","{11: 3, 14: 2, 90: 2, 84: 1, 0: 1, 18: 1, 20: 1}"
TRACK11,12,0,5,{3: 5},"{7: 3, 1: 2}","{-1: 3, 108: 1, 13: 1}"
TRACK11,20,0,8,{3: 8},"{7: 4, 2: 3, 3: 1}","{0: 3, 3: 2, 1: 2, 2: 1}"
TRACK11,21,0,4,{3: 4},"{7: 2, 3: 1, 2: 1}","{0: 2, 4: 1, 3: 1}"
TRACK11,22,0,1,{3: 1},{7: 1},{0: 1}
TRACK11,30,0,5,{3: 5},"{3: 3, 1: 1, 2: 1}","{10: 3, 149: 1, 0: 1}"
TRACK11,40,0,3,{3: 3},"{9: 2, 0: 1}","{100: 1, 0: 1, 80: 1}"
TRACK11,50,0,7,{3: 7},"{6: 4, 5: 3}","{0: 3, 1: 2, 2: 2}"
TRACK11,70,0,2,{3: 2},{3: 2},"{999: 1, 1010: 1}"
TRACK11,80,0,1,{2: 1},{30: 1},{}
TRACK11,100,0,1,{3: 1},{1000: 1},{0: 1}
TRACK11,9999,1,0,{1: 1},{},{}
TRACK12,0,32,0,{2: 32},"{50: 6, 800: 5, 80: 3, 1000: 3, 500: 2, 700: 2, 200: 2, 40: 2, 900: 1, 20: 1, 400: 1, 120: 1}",{}
TRACK12,1,7,0,{3: 7},"{60: 2, 100: 1, 70: 1, 190: 1, 600: 1, 400: 1}",{1: 7}
TRACK12,3,8,0,{3: 8},"{200: 3, 70: 2, 10: 1, 100: 1, 160: 1}","{2: 3, 1: 3, 3: 2}"
TRACK12,5,7,0,{3: 7},"{73: 3, 100: 2, 60: 1, 500: 1}",{1: 7}
TRACK12,7,10,0,{3: 10},"{70: 2, 200: 1, 100: 1, 50: 1, 190: 1, 80: 1, 60: 1, 120: 1, 150: 1}","{1: 6, 2: 3, 3: 1}"
TRACK12,10,0,12,{3: 12},"{7: 7, 3: 3, 2: 1, 1: 1}","{97: 5, 89: 2, 86: 2, 181: 1, 90: 1, 87: 1}"
TRACK12,11,0,14,{3: 14},"{7: 7, 1: 3, 2: 3, 3: 1}","{97: 4, 89: 3, 87: 2, 84: 1, 90: 1, 86: 1, 0: 1, 181: 1}"
TRACK12,12,0,9,{3: 9},"{7: 6, 1: 2, 3: 1}","{-1: 4, 98: 3, 108: 1, 13: 1}"
TRACK12,20,0,5,{3: 5},"{3: 2, 1: 2, 7: 1}","{0: 2, 1: 1, 2: 1, 3: 1}"
TRACK12,21,0,6,{3: 6},"{2: 2, 7: 2, 3: 1, 1: 1}","{0: 3, 1: 3}"
TRACK12,30,0,9,{3: 9},"{3: 5, 2: 2, 1: 2}","{146: 3, 147: 2, 145: 2, 68: 2}"
TRACK12,40,0,5,{3: 5},"{154: 4, 0: 1}",{0: 5}
TRACK12,50,0,5,{3: 5},"{21: 4, 27: 1}","{2: 3, 1: 2}"
TRACK12,51,0,5,{3: 5},{27: 5},"{60: 1, 80: 1, 100: 1, 50: 1, 40: 1}"
TRACK12,60,0,6,{3: 6},"{10: 1, 40: 1, 80: 1, 150: 1, 0: 1, 20: 1}",{0: 6}
TRACK12,80,0,1,{2: 1},{40: 1},{}
TRACK12,100,0,1,{3: 1},{1000: 1},{0: 1}
TRACK12,9999,1,0,{1: 1},{},{}
TRACK13,0,41,0,{2: 41},"{40: 8, 80: 8, 1000: 4, 400: 4, 100: 3, 50: 3, 300: 3, 200: 2, 800: 1, 2000: 1, 620: 1, 1500: 1}",{}
TRACK13,1,4,0,{3: 4},"{400: 2, 100: 1, 9: 1}",{1: 4}
TRACK13,3,15,0,{3: 15},"{100: 3, 80: 3, 90: 2, 250: 1, 130: 1, 75: 1, 110: 1, 240: 1, 105: 1, 50: 1}","{2: 10, 1: 5}"
TRACK13,4,2,0,{2: 2},{800: 2},{}
TRACK13,5,3,0,{3: 3},"{400: 2, 73: 1}",{1: 3}
TRACK13,7,15,0,{3: 15},"{200: 5, 100: 5, 90: 4, 220: 1}","{1: 9, 2: 4, 3: 2}"
TRACK13,10,0,24,{3: 24},"{7: 11, 1: 5, 2: 4, 3: 4}","{14: 5, 30: 4, 44: 4, 113: 3, 158: 3, 85: 2, 90: 2, 89: 1}"
TRACK13,11,0,24,{3: 24},"{7: 14, 1: 6, 3: 2, 2: 2}","{30: 6, 158: 5, 114: 3, 14: 3, 45: 3, 84: 2, 90: 2}"
TRACK13,12,0,20,{3: 20},"{7: 11, 1: 6, 3: 2, 2: 1}","{-1: 8, 159: 4, 156: 3, 157: 3, 108: 1, 13: 1}"
TRACK13,20,0,4,{3: 4},"{7: 2, 1: 1, 3: 1}","{2: 2, 1: 2}"
TRACK13,21,0,2,{3: 2},{7: 2},"{1: 1, 0: 1}"
TRACK13,22,0,1,{3: 1},{7: 1},{0: 1}
TRACK13,30,0,2,{3: 2},{1: 2},"{64: 1, 203: 1}"
TRACK13,50,0,9,{3: 9},"{5: 6, 25: 3}","{1: 4, 0: 3, 2: 2}"
TRACK13,80,0,1,{2: 1},{50: 1},{}
TRACK13,100,0,1,{3: 1},{1000: 1},{0: 1}
TRACK13,9999,1,0,{1: 1},{},{}
TRACK14,0,32,0,{2: 32},"{200: 6, 80: 5, 40: 4, 50: 4, 300: 3, 400: 3, 100: 3, 700: 1, 20: 1, 123: 1, 70: 1}",{}
TRACK14,1,7,0,{3: 7},"{100: 3, 300: 2, 50: 1, 400: 1}",{1: 7}
TRACK14,2,2,0,{2: 2},"{100: 1, 400: 1}",{}
TRACK14,3,23,0,{3: 23},"{100: 4, 150: 3, 120: 3, 80: 2, 130: 2, 170: 2, 180: 2, 140: 2, 110: 1, 200: 1, 190: 1}","{1: 14, 2: 9}"
TRACK14,4,12,0,{2: 12},"{400: 4, 600: 3, 700: 2, 300: 2, 500: 1}",{}
TRACK14,5,2,0,{3: 2},{150: 2},{1: 2}
TRACK14,6,6,0,{2: 6},"{500: 4, 300: 1, 400: 1}",{}
TRACK14,7,23,0,{3: 23},"{100: 4, 150: 3, 120: 3, 180: 3, 140: 2, 130: 2, 80: 2, 190: 1, 110: 1, 170: 1, 200: 1}","{1: 14, 2: 9}"
TRACK14,10,0,16,{3: 16},"{7: 8, 2: 4, 3: 2, 4: 1, 1: 1}","{17: 4, 47: 3, 48: 3, 103: 3, 11: 2, 90: 1}"
TRACK14,11,0,15,{3: 15},"{7: 9, 1: 2, 3: 2, 4: 1, 2: 1}","{104: 4, 11: 3, 17: 3, 47: 3, 48: 1, 90: 1}"
TRACK14,12,0,18,{3: 18},"{7: 10, 3: 5, 1: 2, 2: 1}","{-1: 8, 160: 6, 105: 2, 108: 1, 13: 1}"
TRACK14,20,0,8,{3: 8},"{7: 4, 2: 3, 1: 1}","{1: 3, 2: 3, 3: 1, 0: 1}"
TRACK14,21,1,2,{3: 3},{7: 3},"{1: 2, 0: 1}"
TRACK14,22,1,0,{3: 1},{7: 1},{0: 1}
TRACK14,30,0,11,{3: 11},"{3: 5, 1: 5, 2: 1}","{67: 3, 116: 3, 117: 2, 231: 1, 66: 1, 115: 1}"
TRACK14,40,0,3,{3: 3},"{115: 1, 116: 1, 0: 1}","{40: 1, 70: 1, 0: 1}"
TRACK14,50,0,9,{3: 9},"{23: 5, 24: 4}","{0: 3, 1: 3, 2: 3}"
TRACK14,51,0,1,{3: 1},{27: 1},{100: 1}
TRACK14,70,0,2,{3: 2},{3: 2},"{83: 1, 1042: 1}"
TRACK14,71,0,4,{3: 4},"{3: 2, 2: 2}","{97: 1, 95: 1, 105: 1, 85: 1}"
TRACK14,73,0,2,{3: 2},"{2: 1, 3: 1}","{7: 1, 8: 1}"
TRACK14,80,0,1,{2: 1},{55: 1},{}
TRACK14,100,0,1,{3: 1},{1000: 1},{0: 1}
TRACK14,9999,1,0,{1: 1},{},{}
TRACK15,0,38,0,{2: 38},"{80: 13, 40: 8, 30: 3, 100: 2, 50: 2, 200: 2, 400: 2, 800: 1, 600: 1, 150: 1, 60: 1, 230: 1}",{}
TRACK15,1,8,0,{3: 8},"{100: 4, 30: 1, 80: 1, 25: 1, 400: 1}",{1: 8}
TRACK15,3,21,0,{3: 21},"{200: 7, 100: 5, 30: 3, 10: 3, 110: 1, 120: 1, 80: 1}","{2: 8, 1: 6, 3: 6, 4: 1}"
TRACK15,4,4,0,{2: 4},"{600: 3, 800: 1}",{}
TRACK15,5,3,0,{3: 3},"{120: 1, 200: 1, 100: 1}",{1: 3}
TRACK15,6,11,0,{2: 11},"{400: 5, 500: 1, 900: 1, 600: 1, 200: 1, 300: 1, 1000: 1}",{}
TRACK15,7,18,0,{3: 18},"{200: 6, 100: 3, 30: 2, 90: 1, 70: 1, 170: 1, 80: 1, 110: 1, 120: 1, 10: 1}","{2: 8, 1: 6, 3: 3, 4: 1}"
TRACK15,10,0,12,{3: 12},"{7: 7, 1: 3, 2: 1, 3: 1}","{101: 3, 15: 3, 17: 2, 103: 2, 14: 1, 90: 1}"
TRACK15,11,0,13,{3: 13},"{7: 8, 1: 3, 2: 2}","{102: 4, 17: 3, 104: 2, 164: 2, 14: 1, 90: 1}"
TRACK15,12,0,11,{3: 11},"{7: 6, 1: 4, 2: 1}","{-1: 6, 162: 1, 108: 1, 105: 1, 163: 1, 13: 1}"
TRACK15,20,0,3,{3: 3},"{7: 2, 1: 1}","{3: 1, 1: 1, 0: 1}"
TRACK15,21,0,4,{3: 4},"{7: 3, 1: 1}","{0: 3, 2: 1}"
TRACK15,22,0,1,{3: 1},{7: 1},{0: 1}
TRACK15,30,0,13,{3: 13},"{1: 6, 2: 5, 3: 2}","{69: 4, 0: 4, 85: 4, 147: 1}"
TRACK15,40,0,8,{3: 8},"{154: 3, 153: 2, 0: 2, 85: 1}","{0: 5, 20: 2, 300: 1}"
TRACK15,50,0,3,{3: 3},"{5: 1, 24: 1, 23: 1}",{0: 3}
TRACK15,51,0,6,{3: 6},{26: 6},"{100: 2, 40: 1, 90: 1, 60: 1, 70: 1}"
TRACK15,60,0,6,{3: 6},"{20: 2, 0: 2, 80: 1, 150: 1}",{0: 6}
TRACK15,70,0,8,{3: 8},"{2: 4, 3: 4}","{999: 4, 161: 2, 16: 2}"
TRACK15,80,0,1,{2: 1},{45: 1},{}
TRACK15,100,0,1,{3: 1},{1000: 1},{0: 1}
TRACK15,9999,1,0,{1: 1},{},{}
TRACK16,0,25,0,{2: 25},"{80: 7, 1000: 3, 100: 3, 900: 2, 50: 2, 40: 2, 500: 1, 160: 1, 180: 1, 150: 1, 400: 1, 700: 1}",{}
TRACK16,1,13,0,{3: 13},"{100: 8, 500: 2, 200: 1, 2000: 1, 600: 1}",{1: 13}
TRACK16,3,16,0,{3: 16},"{30: 4, 200: 3, 110: 2, 80: 1, 150: 1, 60: 1, 90: 1, 20: 1, 50: 1, 120: 1}","{3: 8, 2: 4, 1: 3, 4: 1}"
TRACK16,4,6,0,{2: 6},"{600: 4, 900: 1, 1000: 1}",{}
TRACK16,5,12,0,{3: 12},"{100: 9, 30: 1, 200: 1, 500: 1}",{1: 12}
TRACK16,6,2,0,{2: 2},"{1000: 1, 800: 1}",{}
TRACK16,7,19,0,{3: 19},"{80: 4, 100: 3, 70: 2, 180: 1, 10: 1, 200: 1, 60: 1, 50: 1, 110: 1, 30: 1, 120: 1, 150: 1}","{2: 10, 1: 7, 3: 1, 4: 1}"
TRACK16,10,0,5,{3: 5},"{7: 2, 1: 2, 3: 1}","{0: 2, 178: 1, 110: 1, 90: 1}"
TRACK16,11,0,5,{3: 5},"{7: 2, 2: 1, 3: 1, 1: 1}","{0: 2, 178: 1, 110: 1, 90: 1}"
TRACK16,12,0,5,{3: 5},"{7: 3, 1: 2}","{-1: 3, 108: 1, 13: 1}"
TRACK16,20,0,3,{3: 3},"{1: 2, 7: 1}","{1: 1, 3: 1, 2: 1}"
TRACK16,21,0,4,{3: 4},"{7: 2, 2: 2}","{2: 2, 1: 1, 0: 1}"
TRACK16,22,0,1,{3: 1},{7: 1},{0: 1}
TRACK16,30,0,5,{3: 5},"{152: 1, 153: 1, 154: 1, 155: 1, 156: 1}",{3: 5}
TRACK16,40,0,1,{3: 1},{155: 1},{30: 1}
TRACK16,51,0,1,{3: 1},{21: 1},{100: 1}
TRACK16,70,0,2,{3: 2},"{2: 1, 3: 1}","{111: 1, 1112: 1}"
TRACK16,71,0,2,{3: 2},"{2: 1, 3: 1}","{74: 1, 85: 1}"
TRACK16,72,0,2,{3: 2},"{2: 1, 3: 1}",{0: 2}
TRACK16,73,0,2,{3: 2},"{2: 1, 3: 1}",{4: 2}
TRACK16,80,0,1,{2: 1},{80: 1},{}
TRACK16,100,0,1,{3: 1},{1000: 1},{0: 1}
TRACK16,9999,1,0,{1: 1},{},{}
