track,index,opcode,length_or_arg,strength_or_arg,nested_after
TRACK1,1,0,10,,"[[50,6,1]]"
TRACK1,3,0,10,,"[[50,5,0]]"
TRACK1,5,0,800,,"[[10,7,11]]"
TRACK1,7,1,200,1,[]
TRACK1,8,3,50,1,[]
TRACK1,9,5,73,1,"[[10,5,19]]"
TRACK1,11,0,100,,"[[10,2,20],[20,2,2]]"
TRACK1,14,0,500,,[]
TRACK1,15,7,150,1,[]
TRACK1,16,0,100,,[]
TRACK1,17,3,200,1,"[[10,7,11],[20,7,0]]"
TRACK1,20,1,100,1,[]
TRACK1,21,0,500,,[]
TRACK1,22,2,100,,"[[10,3,18],[20,2,3]]"
TRACK1,25,7,150,1,[]
TRACK1,26,0,1000,,[]
TRACK1,27,3,50,1,"[[10,7,11],[20,7,0]]"
TRACK1,30,1,200,1,[]
TRACK1,31,5,200,1,[]
TRACK1,32,1,200,1,[]
TRACK1,33,5,73,1,"[[11,5,84],[10,7,19],[20,7,1]]"
TRACK1,37,0,80,,"[[10,2,20],[20,2,3]]"
TRACK1,40,7,500,1,[]
TRACK1,41,3,100,1,[]
TRACK1,42,7,10,1,[]
TRACK1,43,0,1000,,"[[20,7,0],[11,6,0]]"
TRACK1,46,3,170,1,"[[10,7,11]]"
TRACK1,48,1,700,1,[]
TRACK1,49,5,200,1,[]
TRACK1,50,7,10,1,[]
TRACK1,51,1,200,1,[]
TRACK1,52,5,73,1,"[[10,7,11],[11,2,14]]"
TRACK1,55,0,300,,[]
TRACK1,56,7,150,1,[]
TRACK1,57,0,800,,[]
TRACK1,58,3,200,1,"[[10,1,90],[11,1,90],[12,1,108]]"
TRACK1,62,0,50,,"[[10,7,11],[11,7,11],[12,7,-1]]"
TRACK1,66,0,40,,"[[80,30]]"
TRACK1,68,0,10,,"[[50,5,0],[30,1,10]]"
TRACK1,71,0,100,,"[[50,6,2],[70,3,999],[10,2,14]]"
TRACK1,75,0,25,,"[[11,3,14]]"
TRACK1,77,0,1000,,[]
TRACK1,78,7,200,1,[]
TRACK1,79,1,800,1,[]
TRACK1,80,5,220,1,"[[10,7,0],[20,3,1]]"
TRACK1,83,3,200,1,[]
TRACK1,84,0,800,,[]
TRACK1,85,5,200,1,[]
TRACK1,86,1,800,1,"[[11,7,11],[21,7,0]]"
TRACK1,89,7,80,1,[]
TRACK1,90,5,73,1,"[[11,3,18],[21,3,4],[30,2,0],[50,6,1],[70,3,1010]]"
TRACK1,96,0,50,,[]
TRACK1,97,7,130,1,[]
TRACK1,98,0,500,,[]
TRACK1,99,4,800,,[]
TRACK1,100,0,500,,"[[30,3,10]]"
TRACK1,102,0,50,,"[[40,9,100]]"
TRACK1,104,0,400,,[]
TRACK1,105,7,140,1,[]
TRACK1,106,0,600,,"[[30,3,149]]"
TRACK1,108,0,50,,"[[40,0,0]]"
TRACK1,110,3,90,1,[]
TRACK1,111,2,100,,"[[10,5,85]]"
TRACK1,113,0,80,,"[[11,2,20],[21,2,3]]"
TRACK1,116,3,230,1,[]
TRACK1,117,0,400,,"[[10,7,11]]"
TRACK1,119,7,10,1,[]
TRACK1,120,0,400,,"[[21,7,0],[22,7,0],[10,1,90],[11,1,90],[12,1,13]]"
TRACK1,126,0,50,,"[[10,7,11],[11,7,11],[12,7,-1]]"
TRACK1,130,0,40,,"[[50,5,0]]"
TRACK1,132,0,10,,"[[50,6,2],[100,1000,0]]"
TRACK1,135,9999,,,[]
TRACK2,1,0,800,,"[[50,20,0]]"
TRACK2,3,7,200,1,[]
TRACK2,4,0,80,,[]
TRACK2,5,3,200,2,"[[50,19,0]]"
TRACK2,7,0,80,,[]
TRACK2,8,7,100,2,[]
TRACK2,9,1,100,1,[]
TRACK2,10,3,10,3,[]
TRACK2,11,7,50,2,"[[50,20,0]]"
TRACK2,13,5,100,1,[]
TRACK2,14,0,500,,[]
TRACK2,15,1,60,1,[]
TRACK2,16,0,700,,[]
TRACK2,17,5,60,1,[]
TRACK2,18,3,70,3,[]
TRACK2,19,0,1000,,"[[50,19,0]]"
TRACK2,21,7,190,1,"[[10,3,97],[20,3,0],[11,3,97],[21,3,0],[12,3,98]]"
TRACK2,27,0,50,,"[[30,3,146],[50,21,1]]"
TRACK2,30,0,900,,"[[12,7,-1]]"
TRACK2,32,0,50,,"[[30,3,148],[50,21,2],[10,7,89],[11,7,89]]"
TRACK2,37,0,80,,"[[11,1,97]]"
TRACK2,39,0,20,,"[[10,2,97]]"
TRACK2,41,3,70,2,[]
TRACK2,42,0,400,,"[[10,7,181],[20,7,1],[11,2,87],[21,2,1]]"
TRACK2,47,1,60,1,[]
TRACK2,48,0,800,,"[[11,1,84]]"
TRACK2,50,0,200,,[]
TRACK2,51,7,70,3,[]
TRACK2,52,5,100,1,"[[10,1,90],[11,1,90],[12,1,108]]"
TRACK2,56,0,50,,"[[10,7,87],[11,7,89],[12,7,-1]]"
TRACK2,60,0,40,,"[[80,40],[10,3,86],[11,7,87],[21,7,1],[50,20,0]]"
TRACK2,66,0,800,,"[[50,19,0],[11,2,86]]"
TRACK2,69,0,120,,[]
TRACK2,70,3,200,1,[]
TRACK2,71,0,700,,"[[10,7,97],[11,7,97],[12,7,98]]"
TRACK2,75,0,50,,"[[30,3,146],[50,21,1]]"
TRACK2,78,7,80,2,[]
TRACK2,79,0,100,,"[[12,7,-1]]"
TRACK2,81,0,50,,"[[30,3,148],[50,21,2]]"
TRACK2,84,1,70,1,[]
TRACK2,85,0,500,,[]
TRACK2,86,3,100,2,[]
TRACK2,87,0,2000,,[]
TRACK2,88,5,73,1,"[[10,7,86],[20,3,2]]"
TRACK2,91,7,60,1,"[[50,20,0],[10,3,89],[20,1,3],[11,2,0],[21,2,0]]"
TRACK2,97,0,300,,"[[30,2,145],[50,19,0]]"
TRACK2,100,0,800,,"[[30,1,145]]"
TRACK2,102,7,70,1,"[[11,7,89],[10,7,97]]"
TRACK2,105,1,190,1,[]
TRACK2,106,0,200,,"[[50,19,0]]"
TRACK2,108,5,500,1,[]
TRACK2,109,7,120,1,[]
TRACK2,110,1,600,1,[]
TRACK2,111,3,160,1,[]
TRACK2,112,0,800,,[]
TRACK2,113,5,73,1,[]
TRACK2,114,7,150,1,"[[30,2,69],[11,7,181],[21,7,1]]"
TRACK2,118,0,1000,,"[[50,20,0]]"
TRACK2,120,1,400,1,"[[50,20,0]]"
TRACK2,122,3,200,1,[]
TRACK2,123,0,1000,,"[[30,1,69]]"
TRACK2,125,5,73,1,"[[10,7,97],[20,1,0],[11,7,97],[21,1,0],[12,1,13]]"
TRACK2,131,0,40,,"[[12,7,98]]"
TRACK2,133,0,50,,"[[30,3,146],[100,1000,0]]"
TRACK2,136,9999,,,[]
TRACK3,1,3,90,1,[]
TRACK3,2,0,1000,,[]
TRACK3,3,7,200,1,"[[10,1,30],[11,1,158],[12,1,156]]"
TRACK3,7,0,800,,[]
TRACK3,8,3,100,2,"[[10,2,14]]"
TRACK3,10,0,40,,"[[50,5,0],[20,1,2],[11,7,114],[12,7,-1]]"
TRACK3,15,0,2000,,[]
TRACK3,16,7,100,2,"[[10,7,113],[11,7,84]]"
TRACK3,19,0,80,,"[[20,7,1],[11,7,30]]"
TRACK3,22,0,200,,"[[10,3,158],[11,3,158],[12,3,159]]"
TRACK3,26,0,200,,"[[11,1,158],[12,1,159]]"
TRACK3,29,0,400,,"[[11,7,84]]"
TRACK3,31,3,250,1,[]
TRACK3,32,7,100,3,[]
TRACK3,33,0,100,,[]
TRACK3,34,3,80,2,[]
TRACK3,35,7,200,1,"[[12,7,-1],[10,7,113],[11,7,114]]"
TRACK3,39,0,80,,[]
TRACK3,40,4,800,,"[[10,3,14]]"
TRACK3,42,0,40,,"[[50,5,0]]"
TRACK3,44,0,40,,"[[50,25,1],[11,3,14]]"
TRACK3,47,0,620,,[]
TRACK3,48,1,400,1,[]
TRACK3,49,5,400,1,"[[10,7,158],[11,7,158],[12,7,157]]"
TRACK3,53,0,80,,"[[10,3,44],[12,3,156]]"
TRACK3,56,7,200,1,"[[12,7,159]]"
TRACK3,58,0,80,,"[[12,7,-1],[10,7,30],[11,7,114]]"
TRACK3,62,3,100,2,[]
TRACK3,63,0,80,,[]
TRACK3,64,7,90,1,[]
TRACK3,65,0,400,,"[[10,3,85]]"
TRACK3,67,0,40,,[]
TRACK3,68,3,130,2,"[[30,1,64],[10,7,89],[20,3,2]]"
TRACK3,72,0,400,,[]
TRACK3,73,7,90,2,[]
TRACK3,74,1,100,1,[]
TRACK3,75,4,800,,[]
TRACK3,76,7,90,1,[]
TRACK3,77,5,73,1,"[[10,1,90],[20,7,1],[11,1,90],[21,7,1],[12,1,108]]"
TRACK3,83,0,50,,"[[10,7,158],[11,7,158],[12,7,159]]"
TRACK3,87,0,40,,"[[50,25,2],[80,50],[50,5,0],[30,1,202]]"
TRACK3,92,0,400,,"[[10,7,85],[11,7,30],[12,7,-1]]"
TRACK3,96,0,100,,[]
TRACK3,97,3,90,2,[]
TRACK3,98,1,9,1,"[[10,7,44],[12,2,157]]"
TRACK3,101,3,75,1,[]
TRACK3,102,0,1000,,"[[10,2,14],[11,7,45],[12,7,-1],[50,25,1]]"
TRACK3,107,0,50,,"[[11,2,14]]"
TRACK3,109,7,220,1,[]
TRACK3,110,0,1500,,[]
TRACK3,111,3,110,2,[]
TRACK3,112,0,1000,,[]
TRACK3,113,7,100,2,[]
TRACK3,114,0,700,,[]
TRACK3,115,3,240,1,"[[10,7,113],[11,7,30]]"
TRACK3,118,7,100,3,[]
TRACK3,119,0,100,,[]
TRACK3,120,3,80,2,"[[10,2,44]]"
TRACK3,122,7,200,1,[]
TRACK3,123,0,80,,"[[11,7,30]]"
TRACK3,125,3,105,2,[]
TRACK3,126,0,500,,"[[10,7,44],[11,7,45]]"
TRACK3,129,0,40,,"[[10,2,14]]"
TRACK3,131,0,40,,"[[11,2,14]]"
TRACK3,133,1,400,1,"[[50,5,1]]"
TRACK3,135,5,400,1,"[[50,5,1],[10,1,30],[11,1,30],[12,1,156]]"
TRACK3,140,7,200,1,[]
TRACK3,141,0,80,,[]
TRACK3,142,3,80,2,[]
TRACK3,143,0,80,,[]
TRACK3,144,7,100,1,[]
TRACK3,145,0,300,,"[[10,1,30],[11,1,30],[12,1,157]]"
TRACK3,149,3,100,1,[]
TRACK3,150,0,300,,[]
TRACK3,151,7,90,2,[]
TRACK3,152,0,300,,[]
TRACK3,153,3,50,2,"[[12,7,-1]]"
TRACK3,155,0,1000,,"[[21,7,0],[22,7,0],[10,1,90],[11,1,90],[12,1,13]]"
TRACK3,161,0,50,,"[[12,7,-1],[10,7,14],[11,7,45]]"
TRACK3,165,0,40,,"[[50,5,2],[100,1000,0]]"
TRACK3,168,9999,,,[]
TRACK4,2,0,700,,"[[12,7,-1],[11,7,11]]"
TRACK4,5,0,40,,"[[30,3,117]]"
TRACK4,7,7,140,1,[]
TRACK4,8,0,300,,[]
TRACK4,9,3,100,2,"[[10,7,47],[11,7,104],[20,7,1]]"
TRACK4,13,0,40,,"[[10,2,17],[20,2,2]]"
TRACK4,16,4,600,,"[[10,2,17]]"
TRACK4,18,3,150,1,[]
TRACK4,19,0,400,,[]
TRACK4,20,7,130,2,[]
TRACK4,21,0,200,,"[[30,1,66],[11,7,17]]"
TRACK4,24,3,120,1,"[[11,1,47]]"
TRACK4,26,4,700,,[]
TRACK4,27,3,110,2,[]
TRACK4,28,4,300,,[]
TRACK4,29,7,150,1,[]
TRACK4,30,3,80,1,"[[12,3,105],[50,23,0]]"
TRACK4,33,7,130,2,"[[50,24,1]]"
TRACK4,35,1,100,1,[]
TRACK4,36,3,80,2,"[[50,23,0]]"
TRACK4,38,0,400,,"[[50,23,0]]"
TRACK4,40,4,400,,"[[12,7,-1],[50,24,2]]"
TRACK4,43,5,150,1,"[[10,3,48],[20,2,2]]"
TRACK4,46,3,150,1,"[[30,1,115]]"
TRACK4,48,4,400,,"[[10,7,103],[20,7,1]]"
TRACK4,51,3,130,1,"[[11,7,104],[21,7,1],[12,3,160]]"
TRACK4,55,0,50,,"[[30,3,116]]"
TRACK4,57,0,100,,[]
TRACK4,58,7,140,2,[]
TRACK4,59,0,200,,"[[12,7,-1],[10,4,47]]"
TRACK4,62,0,50,,"[[30,3,117]]"
TRACK4,64,0,20,,"[[11,3,11]]"
TRACK4,66,3,170,1,[]
TRACK4,67,7,190,1,[]
TRACK4,68,1,300,1,[]
TRACK4,69,6,500,,"[[10,7,48],[20,1,3],[11,7,48],[20,2,2]]"
TRACK4,74,3,180,1,[]
TRACK4,75,1,100,1,[]
TRACK4,76,0,100,,"[[10,3,17],[11,4,17]]"
TRACK4,79,2,100,,"[[30,2,66]]"
TRACK4,81,7,120,1,[]
TRACK4,82,4,500,,"[[30,1,66]]"
TRACK4,84,3,200,1,"[[12,1,108]]"
TRACK4,86,0,50,,"[[10,7,11],[20,7,1],[11,7,11],[21,7,1],[12,7,-1]]"
TRACK4,92,0,40,,"[[80,55]]"
TRACK4,94,0,80,,[]
TRACK4,95,7,120,2,[]
TRACK4,96,4,600,,"[[12,3,105],[50,24,1],[50,23,1]]"
TRACK4,100,7,180,1,[]
TRACK4,101,0,80,,[]
TRACK4,102,3,100,2,[]
TRACK4,103,2,400,,[]
TRACK4,104,3,100,1,[]
TRACK4,105,0,200,,[]
TRACK4,106,1,50,1,[]
TRACK4,107,7,100,2,"[[12,7,-1],[50,24,2],[50,23,2]]"
TRACK4,111,6,500,,"[[10,7,103],[11,7,104],[12,3,160]]"
TRACK4,115,0,123,,[]
TRACK4,116,3,140,1,[]
TRACK4,117,0,300,,[]
TRACK4,118,7,100,2,"[[12,7,-1],[10,2,47]]"
TRACK4,121,0,70,,"[[11,3,47]]"
TRACK4,123,4,600,,[]
TRACK4,124,7,150,1,[]
TRACK4,125,0,400,,[]
TRACK4,126,3,170,2,"[[10,7,17],[11,7,17]]"
TRACK4,129,0,200,,"[[10,2,48]]"
TRACK4,131,7,120,1,[]
TRACK4,132,4,700,,"[[11,2,47],[12,2,160]]"
TRACK4,135,7,110,2,[]
TRACK4,136,4,300,,[]
TRACK4,137,3,150,1,[]
TRACK4,138,7,80,1,"[[12,7,-1],[30,3,116],[40,116,70]]"
TRACK4,142,3,130,2,[]
TRACK4,143,1,100,1,[]
TRACK4,144,7,80,2,[]
TRACK4,145,0,80,,[]
TRACK4,146,4,400,,[]
TRACK4,147,5,150,1,"[[12,3,160]]"
TRACK4,149,7,150,1,[]
TRACK4,150,4,400,,"[[12,7,-1]]"
TRACK4,152,7,180,1,[]
TRACK4,153,0,100,,[]
TRACK4,154,3,140,2,[]
TRACK4,155,0,200,,[]
TRACK4,156,7,170,1,[]
TRACK4,157,3,190,1,[]
TRACK4,158,1,300,1,"[[70,3,83],[73,2,7],[71,3,97],[71,2,95]]"
TRACK4,163,6,300,,"[[30,1,230],[10,7,11],[20,7,0]]"
TRACK4,167,7,180,1,[]
TRACK4,168,0,300,,[]
TRACK4,169,3,120,1,[]
TRACK4,170,6,500,,[]
TRACK4,171,7,200,1,[]
TRACK4,172,0,80,,[]
TRACK4,173,3,120,2,[]
TRACK4,174,6,400,,[]
TRACK4,175,3,180,1,[]
TRACK4,176,0,80,,[]
TRACK4,177,7,100,2,"[[30,1,66]]"
TRACK4,179,1,400,1,"[[70,3,1107],[73,3,8],[71,3,105],[71,2,85]]"
TRACK4,184,7,100,1,[]
TRACK4,185,0,200,,[]
TRACK4,186,3,100,2,[]
TRACK4,187,6,500,,[]
TRACK4,188,21,7,0,[]
TRACK4,189,22,7,0,"[[10,1,90],[11,1,90],[12,1,13]]"
TRACK4,193,0,50,,"[[12,7,160],[10,7,103],[11,7,104]]"
TRACK4,197,0,40,,"[[30,3,115],[40,0,0],[100,1000,0]]"
TRACK4,201,9999,,,[]
TRACK5,3,0,40,,[]
TRACK5,4,7,90,2,[]
TRACK5,5,0,800,,[]
TRACK5,6,4,600,,[]
TRACK5,7,1,30,1,[]
TRACK5,8,7,70,2,[]
TRACK5,9,0,600,,[]
TRACK5,10,4,800,,"[[30,2,69],[11,7,104]]"
TRACK5,13,0,80,,"[[11,2,17]]"
TRACK5,15,3,200,1,[]
TRACK5,16,5,120,1,[]
TRACK5,17,7,170,2,[]
TRACK5,18,1,80,1,[]
TRACK5,19,3,100,2,[]
TRACK5,20,0,100,,[]
TRACK5,21,6,500,,"[[12,1,162]]"
TRACK5,23,0,40,,"[[12,7,-1]]"
TRACK5,25,3,30,3,[]
TRACK5,26,1,25,1,[]
TRACK5,27,0,150,,"[[30,1,0],[10,7,101],[51,26,40]]"
TRACK5,31,5,200,1,[]
TRACK5,32,4,600,,[]
TRACK5,33,7,100,1,[]
TRACK5,34,3,110,3,[]
TRACK5,35,4,600,,"[[30,1,69],[10,7,17],[11,7,17],[12,1,108]]"
TRACK5,40,0,50,,"[[12,7,-1],[70,2,999],[70,3,999]]"
TRACK5,44,0,40,,"[[80,55]]"
TRACK5,46,1,100,1,"[[10,2,14],[20,1,3]]"
TRACK5,49,0,30,,"[[11,2,14],[21,1,2]]"
TRACK5,52,7,80,2,"[[50,5,0]]"
TRACK5,54,5,100,1,[]
TRACK5,55,3,120,1,[]
TRACK5,56,0,200,,"[[10,7,103],[20,7,1]]"
TRACK5,59,0,400,,"[[30,1,85],[10,3,15],[40,154,0],[60,20,0],[51,26,90]]"
TRACK5,65,3,30,3,[]
TRACK5,66,7,30,4,[]
TRACK5,67,0,400,,[]
TRACK5,68,1,100,1,[]
TRACK5,69,6,400,,[]
TRACK5,70,7,200,1,[]
TRACK5,71,0,80,,[]
TRACK5,72,3,200,2,[]
TRACK5,73,0,80,,[]
TRACK5,74,7,100,2,[]
TRACK5,75,0,200,,"[[70,2,161],[70,3,16],[11,7,102],[21,7,0]]"
TRACK5,80,0,60,,"[[30,2,0],[51,26,60]]"
TRACK5,83,3,10,3,[]
TRACK5,84,6,400,,[]
TRACK5,85,3,200,1,[]
TRACK5,86,0,80,,[]
TRACK5,87,7,200,2,[]
TRACK5,88,0,80,,"[[60,0,0],[40,0,0],[10,7,103]]"
TRACK5,92,3,100,2,"[[10,1,17]]"
TRACK5,94,0,30,,"[[10,1,15],[30,1,69]]"
TRACK5,97,3,10,3,[]
TRACK5,98,6,900,,"[[30,2,69]]"
TRACK5,100,3,100,1,"[[70,2,999],[70,3,999],[11,7,104],[12,2,105]]"
TRACK5,105,0,40,,"[[50,24,0]]"
TRACK5,107,0,230,,"[[11,1,17]]"
TRACK5,109,0,30,,"[[50,23,0],[11,1,164],[12,7,-1]]"
TRACK5,113,7,110,3,[]
TRACK5,114,6,600,,[]
TRACK5,115,1,100,1,[]
TRACK5,116,3,80,2,[]
TRACK5,117,7,120,1,[]
TRACK5,118,6,200,,[]
TRACK5,119,7,30,3,[]
TRACK5,120,3,30,4,[]
TRACK5,121,1,400,1,[]
TRACK5,122,6,400,,[]
TRACK5,123,3,200,1,[]
TRACK5,124,0,80,,[]
TRACK5,125,7,200,2,[]
TRACK5,126,0,80,,[]
TRACK5,127,3,100,2,[]
TRACK5,128,1,100,1,[]
TRACK5,129,7,10,3,[]
TRACK5,130,3,100,1,"[[10,7,15],[30,1,85],[60,80,0]]"
TRACK5,134,0,120,,"[[11,7,164],[30,2,85],[40,154,0],[60,150,0],[51,26,100]]"
TRACK5,140,6,400,,"[[30,3,85]]"
TRACK5,142,0,40,,"[[40,85,300]]"
TRACK5,144,7,200,1,[]
TRACK5,145,0,80,,[]
TRACK5,146,3,200,2,[]
TRACK5,147,0,80,,[]
TRACK5,148,7,100,2,[]
TRACK5,149,3,10,3,"[[12,1,163],[30,3,147],[40,154,0]]"
TRACK5,153,0,40,,"[[12,7,-1]]"
TRACK5,155,0,80,,"[[10,7,101],[20,7,0],[11,7,102],[21,7,0],[60,20,0]]"
TRACK5,161,0,40,,"[[51,26,70],[60,0,0],[40,0,0],[30,1,0],[70,2,161],[70,3,16]]"
TRACK5,168,0,100,,"[[30,2,0]]"
TRACK5,170,6,400,,[]
TRACK5,171,7,200,1,[]
TRACK5,172,0,80,,[]
TRACK5,173,3,200,2,[]
TRACK5,174,6,300,,[]
TRACK5,175,7,200,1,[]
TRACK5,176,0,80,,[]
TRACK5,177,3,200,2,[]
TRACK5,178,0,80,,[]
TRACK5,179,6,1000,,"[[21,7,0],[22,7,0],[10,1,90],[11,1,90],[12,1,13]]"
TRACK5,185,0,50,,"[[12,7,-1],[10,7,101],[11,7,102]]"
TRACK5,189,0,40,,"[[100,1000,0]]"
TRACK5,191,9999,,,[]
TRACK6,1,7,180,1,[]
TRACK6,2,0,900,,[]
TRACK6,3,3,200,2,[]
TRACK6,4,0,80,,[]
TRACK6,5,7,100,2,[]
TRACK6,6,0,80,,[]
TRACK6,7,3,80,2,[]
TRACK6,8,4,900,,[]
TRACK6,9,7,70,2,[]
TRACK6,10,1,200,1,[]
TRACK6,11,7,10,1,[]
TRACK6,12,0,80,,[]
TRACK6,13,3,200,1,[]
TRACK6,14,0,80,,[]
TRACK6,15,7,200,1,[]
TRACK6,16,0,1000,,[]
TRACK6,17,5,30,1,[]
TRACK6,18,3,150,1,[]
TRACK6,19,0,500,,"[[51,21,40],[60,10,1],[30,3,147]]"
TRACK6,23,1,500,1,[]
TRACK6,24,0,900,,[]
TRACK6,25,7,60,2,[]
TRACK6,26,4,1000,,[]
TRACK6,27,3,30,3,[]
TRACK6,28,5,100,1,[]
TRACK6,29,7,50,2,[]
TRACK6,30,1,100,1,[]
TRACK6,31,3,30,3,"[[60,20,1],[30,1,152],[40,155,10]]"
TRACK6,35,0,80,,"[[30,2,152]]"
TRACK6,37,0,80,,"[[30,3,148]]"
TRACK6,39,5,100,1,"[[12,1,108]]"
TRACK6,41,0,50,,"[[10,7,178],[20,7,1],[11,7,178],[21,7,1],[12,7,-1]]"
TRACK6,47,0,40,,"[[80,80]]"
TRACK6,49,0,80,,[]
TRACK6,50,7,80,2,"[[30,3,149]]"
TRACK6,52,1,100,1,[]
TRACK6,53,6,1000,,[]
TRACK6,54,3,60,2,"[[51,21,70],[60,80,1],[30,1,153]]"
TRACK6,58,0,100,,"[[30,2,153]]"
TRACK6,60,0,80,,"[[30,3,151]]"
TRACK6,62,1,2000,1,"[[70,2,111],[71,2,74],[72,2,0],[73,2,4],[70,3,1112],[71,3,85],[72,3,0],[73,3,4]]"
TRACK6,71,5,100,1,"[[20,1,3]]"
TRACK6,73,7,70,3,"[[21,2,2]]"
TRACK6,75,1,100,1,[]
TRACK6,76,3,30,3,[]
TRACK6,77,5,100,1,[]
TRACK6,78,7,80,2,[]
TRACK6,79,1,100,1,"[[10,3,0],[20,1,2],[30,1,155],[21,2,2]]"
TRACK6,84,0,100,,"[[30,2,155],[11,2,110]]"
TRACK6,87,0,100,,"[[30,3,153]]"
TRACK6,89,5,100,1,"[[11,3,0],[10,1,110]]"
TRACK6,92,1,100,1,[]
TRACK6,93,3,90,3,[]
TRACK6,94,5,100,1,[]
TRACK6,95,7,80,2,[]
TRACK6,96,1,100,1,"[[30,1,157]]"
TRACK6,98,0,150,,"[[30,2,157]]"
TRACK6,100,7,110,2,"[[30,3,155]]"
TRACK6,102,3,20,4,[]
TRACK6,103,5,100,1,"[[30,3,156]]"
TRACK6,105,4,600,,[]
TRACK6,106,7,100,1,[]
TRACK6,107,3,110,3,[]
TRACK6,108,4,600,,"[[60,40,1],[51,21,40]]"
TRACK6,111,7,30,4,[]
TRACK6,112,1,100,1,[]
TRACK6,113,0,100,,"[[60,10,1],[51,21,30]]"
TRACK6,116,5,100,1,[]
TRACK6,117,3,50,3,[]
TRACK6,118,0,400,,"[[60,0,1]]"
TRACK6,120,1,100,1,[]
TRACK6,121,5,200,1,[]
TRACK6,122,4,600,,[]
TRACK6,123,7,100,1,[]
TRACK6,124,3,110,3,[]
TRACK6,125,4,600,,[]
TRACK6,126,7,120,1,[]
TRACK6,127,0,700,,[]
TRACK6,128,3,120,2,[]
TRACK6,129,0,80,,[]
TRACK6,130,7,150,1,[]
TRACK6,131,0,1000,,[]
TRACK6,132,5,500,1,[]
TRACK6,133,7,20,2,[]
TRACK6,134,1,500,1,[]
TRACK6,135,0,1000,,[]
TRACK6,136,3,30,3,[]
TRACK6,137,5,100,1,[]
TRACK6,138,7,80,2,[]
TRACK6,139,1,600,1,[]
TRACK6,140,6,800,,[]
TRACK6,141,3,200,1,"[[21,7,0],[22,7,0],[10,1,90],[11,1,90],[12,1,13]]"
TRACK6,147,0,50,,"[[10,7,0],[11,7,0],[12,7,-1]]"
TRACK6,151,0,40,,"[[100,1000,0]]"
TRACK6,153,9999,,,[]
TRACK11,1,0,10,,"[[50,6,1]]"
TRACK11,3,0,10,,"[[50,5,0]]"
TRACK11,5,0,800,,"[[10,7,11]]"
TRACK11,7,1,200,1,[]
TRACK11,8,3,50,1,[]
TRACK11,9,5,73,1,"[[10,5,19]]"
TRACK11,11,0,100,,"[[10,2,20],[20,2,2]]"
TRACK11,14,0,500,,[]
TRACK11,15,7,150,1,[]
TRACK11,16,0,100,,[]
TRACK11,17,3,200,1,"[[10,7,11],[20,7,0]]"
TRACK11,20,1,100,1,[]
TRACK11,21,0,500,,[]
TRACK11,22,2,100,,"[[10,3,18],[20,2,3]]"
TRACK11,25,7,150,1,[]
TRACK11,26,0,1000,,[]
TRACK11,27,3,50,1,"[[10,7,11],[20,7,0]]"
TRACK11,30,1,200,1,[]
TRACK11,31,5,200,1,[]
TRACK11,32,1,200,1,[]
TRACK11,33,5,73,1,"[[11,5,84],[10,7,19],[20,7,1],[30,3,10]]"
TRACK11,38,0,80,,"[[40,9,100],[10,2,20],[20,2,3]]"
TRACK11,42,7,500,1,[]
TRACK11,43,3,100,1,[]
TRACK11,44,7,10,1,[]
TRACK11,45,0,1000,,"[[20,7,0],[11,6,0]]"
TRACK11,48,3,170,1,"[[10,7,11]]"
TRACK11,50,1,700,1,[]
TRACK11,51,5,200,1,[]
TRACK11,52,7,10,1,[]
TRACK11,53,1,200,1,[]
TRACK11,54,5,73,1,"[[10,7,11],[11,2,14],[30,3,149]]"
TRACK11,58,0,50,,"[[40,0,0]]"
TRACK11,60,0,250,,[]
TRACK11,61,7,150,1,[]
TRACK11,62,0,800,,[]
TRACK11,63,3,200,1,"[[10,1,90],[11,1,90],[12,1,108]]"
TRACK11,67,0,50,,"[[10,7,11],[11,7,11],[12,7,-1]]"
TRACK11,71,0,40,,"[[80,30]]"
TRACK11,73,0,10,,"[[50,5,0],[30,1,10]]"
TRACK11,76,0,100,,"[[50,6,2],[70,3,999],[10,2,14]]"
TRACK11,80,0,25,,"[[11,3,14]]"
TRACK11,82,0,1000,,[]
TRACK11,83,7,200,1,[]
TRACK11,84,1,800,1,[]
TRACK11,85,5,220,1,"[[10,7,0],[20,3,1]]"
TRACK11,88,3,200,1,[]
TRACK11,89,0,800,,[]
TRACK11,90,5,200,1,[]
TRACK11,91,1,800,1,"[[11,7,11],[21,7,0]]"
TRACK11,94,7,80,1,[]
TRACK11,95,5,73,1,"[[11,3,18],[21,3,4],[30,2,0],[50,6,1],[70,3,1010]]"
TRACK11,101,0,50,,[]
TRACK11,102,7,130,1,[]
TRACK11,103,0,500,,[]
TRACK11,104,4,800,,[]
TRACK11,105,0,500,,[]
TRACK11,106,0,50,,[]
TRACK11,107,0,400,,[]
TRACK11,108,7,140,1,[]
TRACK11,109,0,650,,[]
TRACK11,110,3,90,1,[]
TRACK11,111,2,100,,"[[10,5,85]]"
TRACK11,113,0,80,,"[[11,2,20],[21,2,3]]"
TRACK11,116,3,230,1,[]
TRACK11,117,0,400,,"[[10,7,11]]"
TRACK11,119,7,10,1,[]
TRACK11,120,0,400,,"[[21,7,0],[22,7,0],[10,1,90],[11,1,90],[12,1,13],[30,3,10]]"
TRACK11,127,0,50,,"[[40,9,80],[10,7,11],[11,7,11],[12,7,-1]]"
TRACK11,132,0,40,,"[[50,5,0]]"
TRACK11,134,0,10,,"[[50,6,2],[100,1000,0]]"
TRACK11,137,9999,,,[]
TRACK12,1,0,800,,[]
TRACK12,2,7,200,1,[]
TRACK12,3,0,80,,[]
TRACK12,4,3,200,2,[]
TRACK12,5,0,80,,[]
TRACK12,6,7,100,2,[]
TRACK12,7,1,100,1,[]
TRACK12,8,3,10,3,[]
TRACK12,9,7,50,2,[]
TRACK12,10,5,100,1,[]
TRACK12,11,0,500,,[]
TRACK12,12,1,60,1,[]
TRACK12,13,0,700,,[]
TRACK12,14,5,60,1,[]
TRACK12,15,3,70,3,[]
TRACK12,16,0,1000,,[]
TRACK12,17,7,190,1,"[[10,3,97],[20,3,0],[11,3,97],[21,3,0],[12,3,98]]"
TRACK12,23,0,50,,"[[30,3,146],[50,21,1]]"
TRACK12,26,0,900,,"[[12,7,-1]]"
TRACK12,28,0,50,,"[[30,3,147],[50,21,2],[10,7,89],[11,7,89]]"
TRACK12,33,0,80,,"[[11,1,97]]"
TRACK12,35,0,20,,"[[10,2,97]]"
TRACK12,37,3,70,2,"[[60,10,0],[51,27,60]]"
TRACK12,40,0,400,,"[[10,7,181],[20,7,1],[11,2,87],[21,2,1],[40,154,0],[60,40,0],[51,27,80]]"
TRACK12,48,1,60,1,[]
TRACK12,49,0,800,,"[[11,1,84]]"
TRACK12,51,0,200,,[]
TRACK12,52,7,70,3,[]
TRACK12,53,5,100,1,"[[10,1,90],[11,1,90],[12,1,108]]"
TRACK12,57,0,50,,"[[40,154,0],[60,80,0],[10,7,87],[11,7,89],[12,7,-1]]"
TRACK12,63,0,40,,"[[80,40],[10,3,86],[11,7,87],[21,7,1]]"
TRACK12,68,0,800,,"[[11,2,86]]"
TRACK12,70,0,120,,[]
TRACK12,71,3,200,1,[]
TRACK12,72,0,700,,"[[10,7,97],[11,7,97],[12,7,98],[40,154,0],[60,150,0],[51,27,100]]"
TRACK12,79,0,50,,"[[30,3,146],[50,21,1]]"
TRACK12,82,7,80,2,"[[51,27,50]]"
TRACK12,84,0,100,,"[[12,7,-1]]"
TRACK12,86,0,50,,"[[30,3,147],[50,21,2]]"
TRACK12,89,1,70,1,[]
TRACK12,90,0,500,,[]
TRACK12,91,3,100,2,"[[60,0,0],[40,0,0],[50,27,2]]"
TRACK12,95,0,2000,,[]
TRACK12,96,5,73,1,"[[10,7,86],[20,3,2]]"
TRACK12,99,7,60,1,"[[10,3,89],[20,1,3],[11,2,0],[21,2,0]]"
TRACK12,104,0,300,,"[[30,2,145]]"
TRACK12,106,0,800,,"[[30,1,145]]"
TRACK12,108,7,70,1,"[[11,7,89],[10,7,97]]"
TRACK12,111,1,190,1,[]
TRACK12,112,0,200,,"[[51,27,40],[60,20,0],[40,154,0]]"
TRACK12,116,5,500,1,[]
TRACK12,117,7,120,1,[]
TRACK12,118,1,600,1,[]
TRACK12,119,3,160,1,[]
TRACK12,120,0,800,,[]
TRACK12,121,5,73,1,[]
TRACK12,122,7,150,1,"[[30,2,68],[11,7,181],[21,7,1]]"
TRACK12,126,0,1000,,[]
TRACK12,127,1,400,1,[]
TRACK12,128,3,200,1,[]
TRACK12,129,0,1000,,"[[30,1,68]]"
TRACK12,131,5,73,1,"[[10,7,97],[20,1,0],[11,7,97],[21,1,0],[12,1,13]]"
TRACK12,137,0,40,,"[[12,7,98]]"
TRACK12,139,0,50,,"[[30,3,146],[100,1000,0]]"
TRACK12,142,9999,,,[]
TRACK13,1,3,90,1,[]
TRACK13,2,0,1000,,[]
TRACK13,3,7,200,1,"[[10,1,30],[11,1,158],[12,1,156]]"
TRACK13,7,0,800,,[]
TRACK13,8,3,100,2,"[[10,2,14]]"
TRACK13,10,0,40,,"[[50,5,0],[20,1,2],[11,7,114],[12,7,-1]]"
TRACK13,15,0,2000,,[]
TRACK13,16,7,100,2,"[[10,7,113],[11,7,84]]"
TRACK13,19,0,80,,"[[20,7,1],[11,7,30]]"
TRACK13,22,0,200,,"[[10,3,158],[11,3,158],[12,3,159]]"
TRACK13,26,0,200,,"[[11,1,158],[12,1,159]]"
TRACK13,29,0,400,,"[[11,7,84]]"
TRACK13,31,3,250,1,[]
TRACK13,32,7,100,3,[]
TRACK13,33,0,100,,[]
TRACK13,34,3,80,2,[]
TRACK13,35,7,200,1,"[[12,7,-1],[10,7,113],[11,7,114]]"
TRACK13,39,0,80,,[]
TRACK13,40,4,800,,"[[10,3,14]]"
TRACK13,42,0,40,,"[[50,5,0]]"
TRACK13,44,0,40,,"[[50,25,1],[11,3,14]]"
TRACK13,47,0,620,,[]
TRACK13,48,1,400,1,[]
TRACK13,49,5,400,1,"[[10,7,158],[11,7,158],[12,7,157]]"
TRACK13,53,0,80,,"[[10,3,44],[12,3,156]]"
TRACK13,56,7,200,1,"[[12,7,159]]"
TRACK13,58,0,80,,"[[12,7,-1],[10,7,30],[11,7,114]]"
TRACK13,62,3,100,2,[]
TRACK13,63,0,80,,[]
TRACK13,64,7,90,1,[]
TRACK13,65,0,400,,"[[10,3,85]]"
TRACK13,67,0,40,,[]
TRACK13,68,3,130,2,"[[30,1,64],[10,7,89],[20,3,2]]"
TRACK13,72,0,400,,[]
TRACK13,73,7,90,2,[]
TRACK13,74,1,100,1,[]
TRACK13,75,4,800,,[]
TRACK13,76,7,90,1,[]
TRACK13,77,5,73,1,"[[10,1,90],[20,7,1],[11,1,90],[21,7,1],[12,1,108]]"
TRACK13,83,0,50,,"[[10,7,158],[11,7,158],[12,7,159]]"
TRACK13,87,0,40,,"[[50,25,2],[80,50],[50,5,0],[30,1,203]]"
TRACK13,92,0,400,,"[[10,7,85],[11,7,30],[12,7,-1]]"
TRACK13,96,0,100,,[]
TRACK13,97,3,90,2,[]
TRACK13,98,1,9,1,"[[10,7,44],[12,2,157]]"
TRACK13,101,3,75,1,[]
TRACK13,102,0,1000,,"[[10,2,14],[11,7,45],[12,7,-1],[50,25,1]]"
TRACK13,107,0,50,,"[[11,2,14]]"
TRACK13,109,7,220,1,[]
TRACK13,110,0,1500,,[]
TRACK13,111,3,110,2,[]
TRACK13,112,0,1000,,[]
TRACK13,113,7,100,2,[]
TRACK13,114,0,700,,[]
TRACK13,115,3,240,1,"[[10,7,113],[11,7,30]]"
TRACK13,118,7,100,3,[]
TRACK13,119,0,100,,[]
TRACK13,120,3,80,2,"[[10,2,44]]"
TRACK13,122,7,200,1,[]
TRACK13,123,0,80,,"[[11,7,30]]"
TRACK13,125,3,105,2,[]
TRACK13,126,0,500,,"[[10,7,44],[11,7,45]]"
TRACK13,129,0,40,,"[[10,2,14]]"
TRACK13,131,0,40,,"[[11,2,14]]"
TRACK13,133,1,400,1,"[[50,5,1]]"
TRACK13,135,5,400,1,"[[50,5,1],[10,1,30],[11,1,30],[12,1,156]]"
TRACK13,140,7,200,1,[]
TRACK13,141,0,80,,[]
TRACK13,142,3,80,2,[]
TRACK13,143,0,80,,[]
TRACK13,144,7,100,1,[]
TRACK13,145,0,300,,"[[10,1,30],[11,1,30],[12,1,157]]"
TRACK13,149,3,100,1,[]
TRACK13,150,0,300,,[]
TRACK13,151,7,90,2,[]
TRACK13,152,0,300,,[]
TRACK13,153,3,50,2,"[[12,7,-1]]"
TRACK13,155,0,1000,,"[[21,7,0],[22,7,0],[10,1,90],[11,1,90],[12,1,13]]"
TRACK13,161,0,50,,"[[12,7,-1],[10,7,14],[11,7,45]]"
TRACK13,165,0,40,,"[[50,5,2],[100,1000,0]]"
TRACK13,168,9999,,,[]
TRACK14,2,0,700,,"[[12,7,-1],[11,7,11]]"
TRACK14,5,0,40,,"[[30,3,117],[40,115,40]]"
TRACK14,8,7,140,1,[]
TRACK14,9,0,300,,[]
TRACK14,10,3,100,2,"[[10,7,47],[11,7,104],[20,7,1]]"
TRACK14,14,0,40,,"[[10,2,17],[20,2,2]]"
TRACK14,17,4,600,,"[[10,2,17]]"
TRACK14,19,3,150,1,[]
TRACK14,20,0,400,,[]
TRACK14,21,7,130,2,[]
TRACK14,22,0,200,,"[[30,1,67],[11,7,17]]"
TRACK14,25,3,120,1,"[[11,1,47]]"
TRACK14,27,4,700,,[]
TRACK14,28,3,110,2,[]
TRACK14,29,4,300,,[]
TRACK14,30,7,150,1,[]
TRACK14,31,3,80,1,"[[12,3,105],[50,23,0]]"
TRACK14,34,7,130,2,"[[50,24,1]]"
TRACK14,36,1,100,1,[]
TRACK14,37,3,80,2,"[[50,23,0]]"
TRACK14,39,0,400,,"[[50,23,0]]"
TRACK14,41,4,400,,"[[12,7,-1],[50,24,2]]"
TRACK14,44,5,150,1,"[[10,3,48],[20,2,2]]"
TRACK14,47,3,150,1,"[[30,1,116]]"
TRACK14,49,4,400,,"[[10,7,103],[20,7,1]]"
TRACK14,52,3,130,1,"[[11,7,104],[21,7,1],[12,3,160]]"
TRACK14,56,0,50,,"[[30,3,116]]"
TRACK14,58,0,100,,[]
TRACK14,59,7,140,2,[]
TRACK14,60,0,200,,"[[12,7,-1],[10,4,47]]"
TRACK14,63,0,50,,"[[30,3,117]]"
TRACK14,65,0,20,,"[[11,3,11]]"
TRACK14,67,3,170,1,[]
TRACK14,68,7,190,1,[]
TRACK14,69,1,300,1,[]
TRACK14,70,6,500,,"[[10,7,48],[20,1,3],[11,7,48],[20,2,2]]"
TRACK14,75,3,180,1,[]
TRACK14,76,1,100,1,[]
TRACK14,77,0,100,,"[[10,3,17],[11,4,17]]"
TRACK14,80,2,100,,"[[30,2,67]]"
TRACK14,82,7,120,1,[]
TRACK14,83,4,500,,"[[30,1,67]]"
TRACK14,85,3,200,1,"[[12,1,108]]"
TRACK14,87,0,50,,"[[10,7,11],[20,7,1],[11,7,11],[21,7,1],[12,7,-1]]"
TRACK14,93,0,40,,"[[80,55]]"
TRACK14,95,0,80,,[]
TRACK14,96,7,120,2,[]
TRACK14,97,4,600,,"[[12,3,105],[50,24,1],[50,23,1]]"
TRACK14,101,7,180,1,[]
TRACK14,102,0,80,,[]
TRACK14,103,3,100,2,[]
TRACK14,104,2,400,,[]
TRACK14,105,3,100,1,[]
TRACK14,106,0,200,,[]
TRACK14,107,1,50,1,[]
TRACK14,108,7,100,2,"[[12,7,-1],[50,24,2],[50,23,2]]"
TRACK14,112,6,500,,"[[10,7,103],[11,7,104],[12,3,160]]"
TRACK14,116,0,123,,[]
TRACK14,117,3,140,1,[]
TRACK14,118,0,300,,[]
TRACK14,119,7,100,2,"[[12,7,-1],[10,2,47]]"
TRACK14,122,0,70,,"[[11,3,47]]"
TRACK14,124,4,600,,[]
TRACK14,125,7,150,1,[]
TRACK14,126,0,400,,[]
TRACK14,127,3,170,2,"[[10,7,17],[11,7,17]]"
TRACK14,130,0,200,,"[[10,2,48]]"
TRACK14,132,7,120,1,[]
TRACK14,133,4,700,,"[[11,2,47],[12,2,160]]"
TRACK14,136,7,110,2,[]
TRACK14,137,4,300,,[]
TRACK14,138,3,150,1,[]
TRACK14,139,7,80,1,"[[12,7,-1],[30,3,116],[40,116,70]]"
TRACK14,143,3,130,2,[]
TRACK14,144,1,100,1,[]
TRACK14,145,7,80,2,[]
TRACK14,146,0,80,,[]
TRACK14,147,4,400,,[]
TRACK14,148,5,150,1,"[[12,3,160]]"
TRACK14,150,7,150,1,[]
TRACK14,151,4,400,,"[[12,7,-1]]"
TRACK14,153,7,180,1,[]
TRACK14,154,0,100,,[]
TRACK14,155,3,140,2,[]
TRACK14,156,0,200,,[]
TRACK14,157,7,170,1,[]
TRACK14,158,3,190,1,[]
TRACK14,159,1,300,1,"[[70,3,83],[73,2,7],[71,3,97],[71,2,95]]"
TRACK14,164,6,300,,"[[30,1,231],[10,7,11],[20,7,0]]"
TRACK14,168,7,180,1,[]
TRACK14,169,0,300,,[]
TRACK14,170,3,120,1,[]
TRACK14,171,6,500,,[]
TRACK14,172,7,200,1,[]
TRACK14,173,0,80,,[]
TRACK14,174,3,120,2,[]
TRACK14,175,6,400,,[]
TRACK14,176,3,180,1,[]
TRACK14,177,0,80,,[]
TRACK14,178,7,100,2,"[[30,1,66]]"
TRACK14,180,1,400,1,"[[70,3,1042],[73,3,8],[71,3,105],[71,2,85]]"
TRACK14,185,7,100,1,[]
TRACK14,186,0,200,,[]
TRACK14,187,3,100,2,[]
TRACK14,188,6,500,,[]
TRACK14,189,21,7,0,[]
TRACK14,190,22,7,0,"[[10,1,90],[11,1,90],[12,1,13]]"
TRACK14,194,0,50,,"[[12,7,160],[10,7,103],[11,7,104]]"
TRACK14,198,0,40,,"[[30,3,115],[40,0,0],[100,1000,0]]"
TRACK14,202,9999,,,[]
TRACK15,3,0,40,,[]
TRACK15,4,7,90,2,[]
TRACK15,5,0,800,,[]
TRACK15,6,4,600,,[]
TRACK15,7,1,30,1,[]
TRACK15,8,7,70,2,[]
TRACK15,9,0,600,,[]
TRACK15,10,4,800,,"[[30,2,69],[11,7,104]]"
TRACK15,13,0,80,,"[[11,2,17]]"
TRACK15,15,3,200,1,[]
TRACK15,16,5,120,1,[]
TRACK15,17,7,170,2,[]
TRACK15,18,1,80,1,[]
TRACK15,19,3,100,2,[]
TRACK15,20,0,100,,[]
TRACK15,21,6,500,,"[[12,1,162]]"
TRACK15,23,0,40,,"[[12,7,-1]]"
TRACK15,25,3,30,3,[]
TRACK15,26,1,25,1,[]
TRACK15,27,0,150,,"[[30,1,0],[10,7,101],[51,26,40]]"
TRACK15,31,5,200,1,"[[40,153,20]]"
TRACK15,33,4,600,,[]
TRACK15,34,7,100,1,[]
TRACK15,35,3,110,3,[]
TRACK15,36,4,600,,"[[30,1,69],[10,7,17],[11,7,17],[12,1,108]]"
TRACK15,41,0,50,,"[[12,7,-1],[70,2,999],[70,3,999]]"
TRACK15,45,0,40,,"[[40,0,0],[80,45]]"
TRACK15,48,1,100,1,"[[10,2,14],[20,1,3]]"
TRACK15,51,0,30,,"[[11,2,14],[21,1,2]]"
TRACK15,54,7,80,2,"[[50,5,0]]"
TRACK15,56,5,100,1,[]
TRACK15,57,3,120,1,[]
TRACK15,58,0,200,,"[[10,7,103],[20,7,1]]"
TRACK15,61,0,400,,"[[30,1,85],[10,3,15],[40,154,0],[60,20,0],[51,26,90]]"
TRACK15,67,3,30,3,[]
TRACK15,68,7,30,4,[]
TRACK15,69,0,400,,[]
TRACK15,70,1,100,1,[]
TRACK15,71,6,400,,[]
TRACK15,72,7,200,1,[]
TRACK15,73,0,80,,[]
TRACK15,74,3,200,2,[]
TRACK15,75,0,80,,[]
TRACK15,76,7,100,2,[]
TRACK15,77,0,200,,"[[70,2,161],[70,3,16],[11,7,102],[21,7,0]]"
TRACK15,82,0,60,,"[[30,2,0],[51,26,60]]"
TRACK15,85,3,10,3,[]
TRACK15,86,6,400,,[]
TRACK15,87,3,200,1,[]
TRACK15,88,0,80,,[]
TRACK15,89,7,200,2,[]
TRACK15,90,0,80,,"[[60,0,0],[40,0,0],[10,7,103]]"
TRACK15,94,3,100,2,"[[10,1,17]]"
TRACK15,96,0,30,,"[[10,1,15],[30,1,69]]"
TRACK15,99,3,10,3,[]
TRACK15,100,6,900,,"[[30,2,69]]"
TRACK15,102,3,100,1,"[[70,2,999],[70,3,999],[11,7,104],[12,2,105]]"
TRACK15,107,0,40,,"[[50,24,0]]"
TRACK15,109,0,230,,"[[11,1,17]]"
TRACK15,111,0,30,,"[[50,23,0],[11,1,164],[12,7,-1]]"
TRACK15,115,7,110,3,[]
TRACK15,116,6,600,,[]
TRACK15,117,1,100,1,[]
TRACK15,118,3,80,2,[]
TRACK15,119,7,120,1,[]
TRACK15,120,6,200,,[]
TRACK15,121,7,30,3,[]
TRACK15,122,3,30,4,[]
TRACK15,123,1,400,1,[]
TRACK15,124,6,400,,[]
TRACK15,125,3,200,1,[]
TRACK15,126,0,80,,[]
TRACK15,127,7,200,2,[]
TRACK15,128,0,80,,[]
TRACK15,129,3,100,2,[]
TRACK15,130,1,100,1,[]
TRACK15,131,7,10,3,[]
TRACK15,132,3,100,1,"[[10,7,15],[30,1,85],[60,80,0]]"
TRACK15,136,0,120,,"[[11,7,164],[30,2,85],[40,154,0],[60,150,0],[51,26,100]]"
TRACK15,142,6,400,,"[[30,3,85]]"
TRACK15,144,0,40,,"[[40,85,300]]"
TRACK15,146,7,200,1,[]
TRACK15,147,0,80,,[]
TRACK15,148,3,200,2,[]
TRACK15,149,0,80,,[]
TRACK15,150,7,100,2,[]
TRACK15,151,3,10,3,"[[12,1,163],[30,3,147],[40,154,0]]"
TRACK15,155,0,40,,"[[12,7,-1]]"
TRACK15,157,0,80,,"[[10,7,101],[20,7,0],[11,7,102],[21,7,0],[60,20,0]]"
TRACK15,163,0,40,,"[[51,26,70],[60,0,0],[40,153,20],[30,1,0],[70,2,161],[70,3,16]]"
TRACK15,170,0,100,,"[[30,2,0]]"
TRACK15,172,6,400,,[]
TRACK15,173,7,200,1,[]
TRACK15,174,0,80,,[]
TRACK15,175,3,200,2,[]
TRACK15,176,6,300,,[]
TRACK15,177,7,200,1,[]
TRACK15,178,0,80,,[]
TRACK15,179,3,200,2,[]
TRACK15,180,0,80,,[]
TRACK15,181,6,1000,,"[[21,7,0],[22,7,0],[10,1,90],[11,1,90],[12,1,13]]"
TRACK15,187,0,50,,"[[12,7,-1],[10,7,101],[11,7,102]]"
TRACK15,191,0,40,,"[[100,1000,0]]"
TRACK15,193,9999,,,[]
TRACK16,3,7,180,1,[]
TRACK16,4,0,900,,[]
TRACK16,5,3,200,2,[]
TRACK16,6,0,80,,[]
TRACK16,7,7,100,2,[]
TRACK16,8,0,80,,[]
TRACK16,9,3,80,2,[]
TRACK16,10,4,900,,[]
TRACK16,11,7,70,2,[]
TRACK16,12,1,200,1,"[[30,152,3]]"
TRACK16,14,7,10,1,[]
TRACK16,15,0,80,,[]
TRACK16,16,3,200,1,[]
TRACK16,17,0,80,,[]
TRACK16,18,7,200,1,[]
TRACK16,19,0,1000,,[]
TRACK16,20,5,30,1,[]
TRACK16,21,3,150,1,[]
TRACK16,22,0,500,,[]
TRACK16,23,1,500,1,[]
TRACK16,24,0,900,,[]
TRACK16,25,7,60,2,"[[30,153,3]]"
TRACK16,27,4,1000,,[]
TRACK16,28,3,30,3,[]
TRACK16,29,5,100,1,[]
TRACK16,30,7,50,2,[]
TRACK16,31,1,100,1,[]
TRACK16,32,3,30,3,[]
TRACK16,33,0,160,,[]
TRACK16,34,5,100,1,"[[12,1,108]]"
TRACK16,36,0,50,,"[[10,7,178],[20,7,1],[11,7,178],[21,7,1],[12,7,-1]]"
TRACK16,42,0,40,,"[[30,154,3],[80,80]]"
TRACK16,45,0,80,,[]
TRACK16,46,7,80,2,[]
TRACK16,47,1,100,1,[]
TRACK16,48,6,1000,,[]
TRACK16,49,3,60,2,[]
TRACK16,50,0,180,,[]
TRACK16,51,0,80,,[]
TRACK16,52,1,2000,1,"[[70,2,111],[71,2,74],[72,2,0],[73,2,4],[70,3,1112],[71,3,85],[72,3,0],[73,3,4]]"
TRACK16,61,5,100,1,"[[20,1,3]]"
TRACK16,63,7,70,3,"[[21,2,2]]"
TRACK16,65,1,100,1,[]
TRACK16,66,3,30,3,[]
TRACK16,67,5,100,1,[]
TRACK16,68,7,80,2,[]
TRACK16,69,1,100,1,"[[10,3,0],[20,1,2],[21,2,2]]"
TRACK16,73,0,100,,"[[30,155,3],[11,2,110]]"
TRACK16,76,0,100,,[]
TRACK16,77,5,100,1,"[[11,3,0],[10,1,110]]"
TRACK16,80,1,100,1,[]
TRACK16,81,3,90,3,[]
TRACK16,82,5,100,1,[]
TRACK16,83,7,80,2,[]
TRACK16,84,1,100,1,[]
TRACK16,85,0,150,,[]
TRACK16,86,7,110,2,[]
TRACK16,87,3,20,4,[]
TRACK16,88,5,100,1,[]
TRACK16,89,4,600,,[]
TRACK16,90,7,100,1,[]
TRACK16,91,3,110,3,[]
TRACK16,92,4,600,,[]
TRACK16,93,7,30,4,[]
TRACK16,94,1,100,1,[]
TRACK16,95,0,100,,"[[30,156,3]]"
TRACK16,97,5,100,1,[]
TRACK16,98,3,50,3,[]
TRACK16,99,0,400,,[]
TRACK16,100,1,100,1,[]
TRACK16,101,5,200,1,[]
TRACK16,102,4,600,,[]
TRACK16,103,7,100,1,[]
TRACK16,104,3,110,3,[]
TRACK16,105,4,600,,[]
TRACK16,106,7,120,1,[]
TRACK16,107,0,700,,[]
TRACK16,108,3,120,2,[]
TRACK16,109,0,80,,[]
TRACK16,110,7,150,1,[]
TRACK16,111,0,1000,,[]
TRACK16,112,5,500,1,[]
TRACK16,113,7,20,2,[]
TRACK16,114,1,500,1,[]
TRACK16,115,0,1000,,[]
TRACK16,116,3,30,3,[]
TRACK16,117,5,100,1,[]
TRACK16,118,7,80,2,[]
TRACK16,119,1,600,1,[]
TRACK16,120,6,800,,[]
TRACK16,121,3,200,1,"[[21,7,0],[22,7,0],[10,1,90],[11,1,90],[12,1,13]]"
TRACK16,127,0,50,,"[[10,7,0],[11,7,0],[12,7,-1]]"
TRACK16,131,0,40,,"[[100,1000,0]]"
TRACK16,133,9999,,,[]
