track,line,opcode,magnitude,subtype,field_count
TRACK1,3,0,0.0,,2
TRACK1,7,0,,,1
TRACK1,9,10,,,1
TRACK1,18,0,,,1
TRACK1,20,19,-1.0,11.0,3
TRACK1,21,1,0.0,0.0,3
TRACK1,22,18,12.0,14.0,3
TRACK1,23,1,0.0,1.0,3
TRACK1,24,11,-1.0,11.0,3
TRACK1,25,0,0.0,0.0,3
TRACK1,26,20,-1.0,14.0,3
TRACK1,27,3,0.0,0.0,3
TRACK1,28,11,-1.0,11.0,3
TRACK1,29,0,0.0,0.0,3
TRACKMAP,31,12,7.0,-1.0,3
TRACKMAP,32,0,10.0,,2
TRACKMAP,34,0,10.0,,2
TRACKMAP,36,0,800.0,,2
TRACKMAP,37,10,7.0,11.0,3
TRACKMAP,38,1,200.0,1.0,3
TRACKMAP,39,3,50.0,1.0,3
TRACKMAP,40,5,73.0,1.0,3
TRACKMAP,41,10,5.0,19.0,3
TRACKMAP,42,0,100.0,,2
TRACKMAP,43,10,2.0,20.0,3
TRACKMAP,44,20,2.0,2.0,3
TRACKMAP,45,0,500.0,,2
TRACKMAP,46,7,150.0,1.0,3
TRACKMAP,47,0,100.0,,2
TRACKMAP,48,3,200.0,1.0,3
TRACKMAP,49,10,7.0,11.0,3
TRACKMAP,50,20,7.0,0.0,3
TRACKMAP,51,1,100.0,1.0,3
TRACKMAP,52,0,500.0,,2
TRACKMAP,53,2,100.0,,2
TRACKMAP,54,10,3.0,18.0,3
TRACKMAP,55,20,2.0,3.0,3
TRACKMAP,56,7,150.0,1.0,3
TRACKMAP,57,0,1000.0,,2
TRACKMAP,58,3,50.0,1.0,3
TRACKMAP,59,10,7.0,11.0,3
TRACKMAP,60,20,7.0,0.0,3
TRACKMAP,61,1,200.0,1.0,3
TRACKMAP,62,5,200.0,1.0,3
TRACKMAP,63,1,200.0,1.0,3
TRACKMAP,64,5,73.0,1.0,3
TRACKMAP,65,11,5.0,84.0,3
TRACKMAP,66,10,7.0,19.0,3
TRACKMAP,67,20,7.0,1.0,3
TRACKMAP,68,0,80.0,,2
TRACKMAP,69,10,2.0,20.0,3
TRACKMAP,70,20,2.0,3.0,3
TRACKMAP,71,7,500.0,1.0,3
TRACKMAP,72,3,100.0,1.0,3
TRACKMAP,73,7,10.0,1.0,3
TRACKMAP,74,0,1000.0,,2
TRACKMAP,75,20,7.0,0.0,3
TRACKMAP,76,11,6.0,0.0,3
TRACKMAP,77,3,170.0,1.0,3
TRACKMAP,78,10,7.0,11.0,3
TRACKMAP,79,1,700.0,1.0,3
TRACKMAP,80,5,200.0,1.0,3
TRACKMAP,81,7,10.0,1.0,3
TRACKMAP,82,1,200.0,1.0,3
TRACKMAP,83,5,73.0,1.0,3
TRACKMAP,84,10,7.0,11.0,3
TRACKMAP,85,11,2.0,14.0,3
TRACKMAP,86,0,300.0,,2
TRACKMAP,87,7,150.0,1.0,3
TRACKMAP,88,0,800.0,,2
TRACKMAP,89,3,200.0,1.0,3
TRACKMAP,90,10,1.0,90.0,3
TRACKMAP,91,11,1.0,90.0,3
TRACKMAP,92,12,1.0,108.0,3
TRACKMAP,93,0,50.0,,2
TRACKMAP,94,10,7.0,11.0,3
TRACKMAP,95,11,7.0,11.0,3
TRACKMAP,96,12,7.0,-1.0,3
TRACKMAP,97,0,40.0,,2
TRACKMAP,99,0,10.0,,2
TRACKMAP,102,0,100.0,,2
TRACKMAP,105,10,2.0,14.0,3
TRACKMAP,106,0,25.0,,2
TRACKMAP,107,11,3.0,14.0,3
TRACKMAP,108,0,1000.0,,2
TRACKMAP,109,7,200.0,1.0,3
TRACKMAP,110,1,800.0,1.0,3
TRACKMAP,111,5,220.0,1.0,3
TRACKMAP,112,10,7.0,0.0,3
TRACKMAP,113,20,3.0,1.0,3
TRACKMAP,114,3,200.0,1.0,3
TRACKMAP,115,0,800.0,,2
TRACKMAP,116,5,200.0,1.0,3
TRACKMAP,117,1,800.0,1.0,3
TRACKMAP,118,11,7.0,11.0,3
TRACKMAP,119,21,7.0,0.0,3
TRACKMAP,120,7,80.0,1.0,3
TRACKMAP,121,5,73.0,1.0,3
TRACKMAP,122,11,3.0,18.0,3
TRACKMAP,123,21,3.0,4.0,3
TRACKMAP,127,0,50.0,,2
TRACKMAP,128,7,130.0,1.0,3
TRACKMAP,129,0,500.0,,2
TRACKMAP,130,4,800.0,,2
TRACKMAP,131,0,500.0,,2
TRACKMAP,133,0,50.0,,2
TRACKMAP,135,0,400.0,,2
TRACKMAP,136,7,140.0,1.0,3
TRACKMAP,137,0,600.0,,2
TRACKMAP,139,0,50.0,,2
TRACKMAP,141,3,90.0,1.0,3
TRACKMAP,142,2,100.0,,2
TRACKMAP,143,10,5.0,85.0,3
TRACKMAP,144,0,80.0,,2
TRACKMAP,145,11,2.0,20.0,3
TRACKMAP,146,21,2.0,3.0,3
TRACKMAP,147,3,230.0,1.0,3
TRACKMAP,148,0,400.0,,2
TRACKMAP,149,10,7.0,11.0,3
TRACKMAP,150,7,10.0,1.0,3
TRACKMAP,151,0,400.0,,2
TRACKMAP,152,21,7.0,0.0,3
TRACKMAP,153,22,7.0,0.0,3
TRACKMAP,154,10,1.0,90.0,3
TRACKMAP,155,11,1.0,90.0,3
TRACKMAP,156,12,1.0,13.0,3
TRACKMAP,157,0,50.0,,2
TRACKMAP,158,10,7.0,11.0,3
TRACKMAP,159,11,7.0,11.0,3
TRACKMAP,160,12,7.0,-1.0,3
TRACKMAP,161,0,40.0,,2
TRACKMAP,163,0,10.0,,2
TRACK2,169,0,0.0,,2
TRACK2,184,0,,,1
TRACK2,186,0,-1.0,87.0,3
TRACK2,187,2,0.0,1.0,3
TRACK2,188,0,12.0,89.0,3
TRACK2,189,1,0.0,1.0,3
TRACK2,190,0,-1.0,89.0,3
TRACK2,191,2,0.0,1.0,3
TRACK2,193,2,0.0,1.0,3
TRACK2,195,1,0.0,1.0,3
TRACKMAP,197,12,7.0,-1.0,3
TRACKMAP,198,0,800.0,,2
TRACKMAP,200,7,200.0,1.0,3
TRACKMAP,201,0,80.0,,2
TRACKMAP,202,3,200.0,2.0,3
TRACKMAP,204,0,80.0,,2
TRACKMAP,205,7,100.0,2.0,3
TRACKMAP,206,1,100.0,1.0,3
TRACKMAP,207,3,10.0,3.0,3
TRACKMAP,208,7,50.0,2.0,3
TRACKMAP,210,5,100.0,1.0,3
TRACKMAP,211,0,500.0,,2
TRACKMAP,212,1,60.0,1.0,3
TRACKMAP,213,0,700.0,,2
TRACKMAP,214,5,60.0,1.0,3
TRACKMAP,215,3,70.0,3.0,3
TRACKMAP,216,0,1000.0,,2
TRACKMAP,218,7,190.0,1.0,3
TRACKMAP,219,10,3.0,97.0,3
TRACKMAP,220,20,3.0,0.0,3
TRACKMAP,221,11,3.0,97.0,3
TRACKMAP,222,21,3.0,0.0,3
TRACKMAP,223,12,3.0,98.0,3
TRACKMAP,224,0,50.0,,2
TRACKMAP,227,0,900.0,,2
TRACKMAP,228,12,7.0,-1.0,3
TRACKMAP,229,0,50.0,,2
TRACKMAP,232,10,7.0,89.0,3
TRACKMAP,233,11,7.0,89.0,3
TRACKMAP,234,0,80.0,,2
TRACKMAP,235,11,1.0,97.0,3
TRACKMAP,236,0,20.0,,2
TRACKMAP,237,10,2.0,97.0,3
TRACKMAP,238,3,70.0,2.0,3
TRACKMAP,239,0,400.0,,2
TRACKMAP,240,10,7.0,181.0,3
TRACKMAP,241,20,7.0,1.0,3
TRACKMAP,242,11,2.0,87.0,3
TRACKMAP,243,21,2.0,1.0,3
TRACKMAP,244,1,60.0,1.0,3
TRACKMAP,245,0,800.0,,2
TRACKMAP,246,11,1.0,84.0,3
TRACKMAP,247,0,200.0,,2
TRACKMAP,248,7,70.0,3.0,3
TRACKMAP,249,5,100.0,1.0,3
TRACKMAP,250,10,1.0,90.0,3
TRACKMAP,251,11,1.0,90.0,3
TRACKMAP,252,12,1.0,108.0,3
TRACKMAP,253,0,50.0,,2
TRACKMAP,254,10,7.0,87.0,3
TRACKMAP,255,11,7.0,89.0,3
TRACKMAP,256,12,7.0,-1.0,3
TRACKMAP,257,0,40.0,,2
TRACKMAP,259,10,3.0,86.0,3
TRACKMAP,260,11,7.0,87.0,3
TRACKMAP,261,21,7.0,1.0,3
TRACKMAP,263,0,800.0,,2
TRACKMAP,265,11,2.0,86.0,3
TRACKMAP,266,0,120.0,,2
TRACKMAP,267,3,200.0,1.0,3
TRACKMAP,268,0,700.0,,2
TRACKMAP,269,10,7.0,97.0,3
TRACKMAP,270,11,7.0,97.0,3
TRACKMAP,271,12,7.0,98.0,3
TRACKMAP,272,0,50.0,,2
TRACKMAP,275,7,80.0,2.0,3
TRACKMAP,276,0,100.0,,2
TRACKMAP,277,12,7.0,-1.0,3
TRACKMAP,278,0,50.0,,2
TRACKMAP,281,1,70.0,1.0,3
TRACKMAP,282,0,500.0,,2
TRACKMAP,283,3,100.0,2.0,3
TRACKMAP,284,0,2000.0,,2
TRACKMAP,285,5,73.0,1.0,3
TRACKMAP,286,10,7.0,86.0,3
TRACKMAP,287,20,3.0,2.0,3
TRACKMAP,288,7,60.0,1.0,3
TRACKMAP,290,10,3.0,89.0,3
TRACKMAP,291,20,1.0,3.0,3
TRACKMAP,292,11,2.0,0.0,3
TRACKMAP,293,21,2.0,0.0,3
TRACKMAP,294,0,300.0,,2
TRACKMAP,297,0,800.0,,2
TRACKMAP,299,7,70.0,1.0,3
TRACKMAP,300,11,7.0,89.0,3
TRACKMAP,301,10,7.0,97.0,3
TRACKMAP,302,1,190.0,1.0,3
TRACKMAP,303,0,200.0,,2
TRACKMAP,305,5,500.0,1.0,3
TRACKMAP,306,7,120.0,1.0,3
TRACKMAP,307,1,600.0,1.0,3
TRACKMAP,308,3,160.0,1.0,3
TRACKMAP,309,0,800.0,,2
TRACKMAP,310,5,73.0,1.0,3
TRACKMAP,311,7,150.0,1.0,3
TRACKMAP,313,11,7.0,181.0,3
TRACKMAP,314,21,7.0,1.0,3
TRACKMAP,315,0,1000.0,,2
TRACKMAP,317,1,400.0,1.0,3
TRACKMAP,319,3,200.0,1.0,3
TRACKMAP,320,0,1000.0,,2
TRACKMAP,322,5,73.0,1.0,3
TRACKMAP,323,10,7.0,97.0,3
TRACKMAP,324,20,1.0,0.0,3
TRACKMAP,325,11,7.0,97.0,3
TRACKMAP,326,21,1.0,0.0,3
TRACKMAP,327,12,1.0,13.0,3
TRACKMAP,328,0,40.0,,2
TRACKMAP,329,12,7.0,98.0,3
TRACKMAP,330,0,50.0,,2
TRACK3,336,0,0.0,,2
TRACK3,354,1,0.0,1.0,3
TRACK3,356,1,0.0,1.0,3
TRACK3,358,1,0.0,1.0,3
TRACK3,360,1,0.0,1.0,3
TRACK3,362,1,0.0,1.0,3
TRACKMAP,364,12,7.0,-1.0,3
TRACKMAP,365,3,90.0,1.0,3
TRACKMAP,366,0,1000.0,,2
TRACKMAP,367,7,200.0,1.0,3
TRACKMAP,368,10,1.0,30.0,3
TRACKMAP,369,11,1.0,158.0,3
TRACKMAP,370,12,1.0,156.0,3
TRACKMAP,371,0,800.0,,2
TRACKMAP,372,3,100.0,2.0,3
TRACKMAP,373,10,2.0,14.0,3
TRACKMAP,374,0,40.0,,2
TRACKMAP,376,20,1.0,2.0,3
TRACKMAP,377,11,7.0,114.0,3
TRACKMAP,378,12,7.0,-1.0,3
TRACKMAP,379,0,2000.0,,2
TRACKMAP,380,7,100.0,2.0,3
TRACKMAP,381,10,7.0,113.0,3
TRACKMAP,382,11,7.0,84.0,3
TRACKMAP,383,0,80.0,,2
TRACKMAP,384,20,7.0,1.0,3
TRACKMAP,385,11,7.0,30.0,3
TRACKMAP,386,0,200.0,,2
TRACKMAP,387,10,3.0,158.0,3
TRACKMAP,388,11,3.0,158.0,3
TRACKMAP,389,12,3.0,159.0,3
TRACKMAP,390,0,200.0,,2
TRACKMAP,391,11,1.0,158.0,3
TRACKMAP,392,12,1.0,159.0,3
TRACKMAP,393,0,400.0,,2
TRACKMAP,394,11,7.0,84.0,3
TRACKMAP,395,3,250.0,1.0,3
TRACKMAP,396,7,100.0,3.0,3
TRACKMAP,397,0,100.0,,2
TRACKMAP,398,3,80.0,2.0,3
TRACKMAP,399,7,200.0,1.0,3
TRACKMAP,400,12,7.0,-1.0,3
TRACKMAP,401,10,7.0,113.0,3
TRACKMAP,402,11,7.0,114.0,3
TRACKMAP,403,0,80.0,,2
TRACKMAP,404,4,800.0,,2
TRACKMAP,405,10,3.0,14.0,3
TRACKMAP,406,0,40.0,,2
TRACKMAP,408,0,40.0,,2
TRACKMAP,410,11,3.0,14.0,3
TRACKMAP,411,0,620.0,,2
TRACKMAP,412,1,400.0,1.0,3
TRACKMAP,413,5,400.0,1.0,3
TRACKMAP,414,10,7.0,158.0,3
TRACKMAP,415,11,7.0,158.0,3
TRACKMAP,416,12,7.0,157.0,3
TRACKMAP,417,0,80.0,,2
TRACKMAP,418,10,3.0,44.0,3
TRACKMAP,419,12,3.0,156.0,3
TRACKMAP,420,7,200.0,1.0,3
TRACKMAP,421,12,7.0,159.0,3
TRACKMAP,422,0,80.0,,2
TRACKMAP,423,12,7.0,-1.0,3
TRACKMAP,424,10,7.0,30.0,3
TRACKMAP,425,11,7.0,114.0,3
TRACKMAP,426,3,100.0,2.0,3
TRACKMAP,427,0,80.0,,2
TRACKMAP,428,7,90.0,1.0,3
TRACKMAP,429,0,400.0,,2
TRACKMAP,430,10,3.0,85.0,3
TRACKMAP,431,0,40.0,,2
TRACKMAP,432,3,130.0,2.0,3
TRACKMAP,434,10,7.0,89.0,3
TRACKMAP,435,20,3.0,2.0,3
TRACKMAP,436,0,400.0,,2
TRACKMAP,437,7,90.0,2.0,3
TRACKMAP,438,1,100.0,1.0,3
TRACKMAP,439,4,800.0,,2
TRACKMAP,440,7,90.0,1.0,3
TRACKMAP,441,5,73.0,1.0,3
TRACKMAP,442,10,1.0,90.0,3
TRACKMAP,443,20,7.0,1.0,3
TRACKMAP,444,11,1.0,90.0,3
TRACKMAP,445,21,7.0,1.0,3
TRACKMAP,446,12,1.0,108.0,3
TRACKMAP,447,0,50.0,,2
TRACKMAP,448,10,7.0,158.0,3
TRACKMAP,449,11,7.0,158.0,3
TRACKMAP,450,12,7.0,159.0,3
TRACKMAP,451,0,40.0,,2
TRACKMAP,456,0,400.0,,2
TRACKMAP,457,10,7.0,85.0,3
TRACKMAP,458,11,7.0,30.0,3
TRACKMAP,459,12,7.0,-1.0,3
TRACKMAP,460,0,100.0,,2
TRACKMAP,461,3,90.0,2.0,3
TRACKMAP,462,1,9.0,1.0,3
TRACKMAP,463,10,7.0,44.0,3
TRACKMAP,464,12,2.0,157.0,3
TRACKMAP,465,3,75.0,1.0,3
TRACKMAP,466,0,1000.0,,2
TRACKMAP,467,10,2.0,14.0,3
TRACKMAP,468,11,7.0,45.0,3
TRACKMAP,469,12,7.0,-1.0,3
TRACKMAP,471,0,50.0,,2
TRACKMAP,472,11,2.0,14.0,3
TRACKMAP,473,7,220.0,1.0,3
TRACKMAP,474,0,1500.0,,2
TRACKMAP,475,3,110.0,2.0,3
TRACKMAP,476,0,1000.0,,2
TRACKMAP,477,7,100.0,2.0,3
TRACKMAP,478,0,700.0,,2
TRACKMAP,479,3,240.0,1.0,3
TRACKMAP,480,10,7.0,113.0,3
TRACKMAP,481,11,7.0,30.0,3
TRACKMAP,482,7,100.0,3.0,3
TRACKMAP,483,0,100.0,,2
TRACKMAP,484,3,80.0,2.0,3
TRACKMAP,485,10,2.0,44.0,3
TRACKMAP,486,7,200.0,1.0,3
TRACKMAP,487,0,80.0,,2
TRACKMAP,488,11,7.0,30.0,3
TRACKMAP,489,3,105.0,2.0,3
TRACKMAP,490,0,500.0,,2
TRACKMAP,491,10,7.0,44.0,3
TRACKMAP,492,11,7.0,45.0,3
TRACKMAP,493,0,40.0,,2
TRACKMAP,494,10,2.0,14.0,3
TRACKMAP,495,0,40.0,,2
TRACKMAP,496,11,2.0,14.0,3
TRACKMAP,497,1,400.0,1.0,3
TRACKMAP,499,5,400.0,1.0,3
TRACKMAP,501,10,1.0,30.0,3
TRACKMAP,502,11,1.0,30.0,3
TRACKMAP,503,12,1.0,156.0,3
TRACKMAP,504,7,200.0,1.0,3
TRACKMAP,505,0,80.0,,2
TRACKMAP,506,3,80.0,2.0,3
TRACKMAP,507,0,80.0,,2
TRACKMAP,508,7,100.0,1.0,3
TRACKMAP,509,0,300.0,,2
TRACKMAP,510,10,1.0,30.0,3
TRACKMAP,511,11,1.0,30.0,3
TRACKMAP,512,12,1.0,157.0,3
TRACKMAP,513,3,100.0,1.0,3
TRACKMAP,514,0,300.0,,2
TRACKMAP,515,7,90.0,2.0,3
TRACKMAP,516,0,300.0,,2
TRACKMAP,517,3,50.0,2.0,3
TRACKMAP,518,12,7.0,-1.0,3
TRACKMAP,519,0,1000.0,,2
TRACKMAP,520,21,7.0,0.0,3
TRACKMAP,521,22,7.0,0.0,3
TRACKMAP,522,10,1.0,90.0,3
TRACKMAP,523,11,1.0,90.0,3
TRACKMAP,524,12,1.0,13.0,3
TRACKMAP,525,0,50.0,,2
TRACKMAP,526,12,7.0,-1.0,3
TRACKMAP,527,10,7.0,14.0,3
TRACKMAP,528,11,7.0,45.0,3
TRACKMAP,529,0,40.0,,2
TRACK4,535,0,0.0,,2
TRACK4,550,0,,,1
TRACK4,553,1,0.0,1.0,3
TRACK4,555,2,0.0,1.0,3
TRACK4,557,1,0.0,1.0,3
TRACK4,559,1,0.0,2.0,3
TRACK4,561,2,0.0,1.0,3
TRACKMAP,564,12,7.0,160.0,3
TRACKMAP,565,0,700.0,,2
TRACKMAP,566,12,7.0,-1.0,3
TRACKMAP,567,11,7.0,11.0,3
TRACKMAP,568,0,40.0,,2
TRACKMAP,570,7,140.0,1.0,3
TRACKMAP,571,0,300.0,,2
TRACKMAP,572,3,100.0,2.0,3
TRACKMAP,573,10,7.0,47.0,3
TRACKMAP,574,11,7.0,104.0,3
TRACKMAP,575,20,7.0,1.0,3
TRACKMAP,576,0,40.0,,2
TRACKMAP,577,10,2.0,17.0,3
TRACKMAP,578,20,2.0,2.0,3
TRACKMAP,579,4,600.0,,2
TRACKMAP,580,10,2.0,17.0,3
TRACKMAP,581,3,150.0,1.0,3
TRACKMAP,582,0,400.0,,2
TRACKMAP,583,7,130.0,2.0,3
TRACKMAP,584,0,200.0,,2
TRACKMAP,586,11,7.0,17.0,3
TRACKMAP,587,3,120.0,1.0,3
TRACKMAP,588,11,1.0,47.0,3
TRACKMAP,589,4,700.0,,2
TRACKMAP,590,3,110.0,2.0,3
TRACKMAP,591,4,300.0,,2
TRACKMAP,592,7,150.0,1.0,3
TRACKMAP,593,3,80.0,1.0,3
TRACKMAP,594,12,3.0,105.0,3
TRACKMAP,596,7,130.0,2.0,3
TRACKMAP,598,1,100.0,1.0,3
TRACKMAP,599,3,80.0,2.0,3
TRACKMAP,601,0,400.0,,2
TRACKMAP,603,4,400.0,,2
TRACKMAP,604,12,7.0,-1.0,3
TRACKMAP,606,5,150.0,1.0,3
TRACKMAP,607,10,3.0,48.0,3
TRACKMAP,608,20,2.0,2.0,3
TRACKMAP,609,3,150.0,1.0,3
TRACKMAP,611,4,400.0,,2
TRACKMAP,612,10,7.0,103.0,3
TRACKMAP,613,20,7.0,1.0,3
TRACKMAP,614,3,130.0,1.0,3
TRACKMAP,615,11,7.0,104.0,3
TRACKMAP,616,21,7.0,1.0,3
TRACKMAP,617,12,3.0,160.0,3
TRACKMAP,618,0,50.0,,2
TRACKMAP,620,0,100.0,,2
TRACKMAP,621,7,140.0,2.0,3
TRACKMAP,622,0,200.0,,2
TRACKMAP,623,12,7.0,-1.0,3
TRACKMAP,624,10,4.0,47.0,3
TRACKMAP,625,0,50.0,,2
TRACKMAP,627,0,20.0,,2
TRACKMAP,628,11,3.0,11.0,3
TRACKMAP,629,3,170.0,1.0,3
TRACKMAP,630,7,190.0,1.0,3
TRACKMAP,631,1,300.0,1.0,3
TRACKMAP,632,6,500.0,,2
TRACKMAP,633,10,7.0,48.0,3
TRACKMAP,634,20,1.0,3.0,3
TRACKMAP,635,11,7.0,48.0,3
TRACKMAP,636,20,2.0,2.0,3
TRACKMAP,637,3,180.0,1.0,3
TRACKMAP,638,1,100.0,1.0,3
TRACKMAP,639,0,100.0,,2
TRACKMAP,640,10,3.0,17.0,3
TRACKMAP,641,11,4.0,17.0,3
TRACKMAP,642,2,100.0,,2
TRACKMAP,644,7,120.0,1.0,3
TRACKMAP,645,4,500.0,,2
TRACKMAP,647,3,200.0,1.0,3
TRACKMAP,648,12,1.0,108.0,3
TRACKMAP,649,0,50.0,,2
TRACKMAP,650,10,7.0,11.0,3
TRACKMAP,651,20,7.0,1.0,3
TRACKMAP,652,11,7.0,11.0,3
TRACKMAP,653,21,7.0,1.0,3
TRACKMAP,654,12,7.0,-1.0,3
TRACKMAP,655,0,40.0,,2
TRACKMAP,657,0,80.0,,2
TRACKMAP,658,7,120.0,2.0,3
TRACKMAP,659,4,600.0,,2
TRACKMAP,660,12,3.0,105.0,3
TRACKMAP,663,7,180.0,1.0,3
TRACKMAP,664,0,80.0,,2
TRACKMAP,665,3,100.0,2.0,3
TRACKMAP,666,2,400.0,,2
TRACKMAP,667,3,100.0,1.0,3
TRACKMAP,668,0,200.0,,2
TRACKMAP,669,1,50.0,1.0,3
TRACKMAP,670,7,100.0,2.0,3
TRACKMAP,671,12,7.0,-1.0,3
TRACKMAP,674,6,500.0,,2
TRACKMAP,675,10,7.0,103.0,3
TRACKMAP,676,11,7.0,104.0,3
TRACKMAP,677,12,3.0,160.0,3
TRACKMAP,678,0,123.0,,2
TRACKMAP,679,3,140.0,1.0,3
TRACKMAP,680,0,300.0,,2
TRACKMAP,681,7,100.0,2.0,3
TRACKMAP,682,12,7.0,-1.0,3
TRACKMAP,683,10,2.0,47.0,3
TRACKMAP,684,0,70.0,,2
TRACKMAP,685,11,3.0,47.0,3
TRACKMAP,686,4,600.0,,2
TRACKMAP,687,7,150.0,1.0,3
TRACKMAP,688,0,400.0,,2
TRACKMAP,689,3,170.0,2.0,3
TRACKMAP,690,10,7.0,17.0,3
TRACKMAP,691,11,7.0,17.0,3
TRACKMAP,692,0,200.0,,2
TRACKMAP,693,10,2.0,48.0,3
TRACKMAP,694,7,120.0,1.0,3
TRACKMAP,695,4,700.0,,2
TRACKMAP,696,11,2.0,47.0,3
TRACKMAP,697,12,2.0,160.0,3
TRACKMAP,698,7,110.0,2.0,3
TRACKMAP,699,4,300.0,,2
TRACKMAP,700,3,150.0,1.0,3
TRACKMAP,701,7,80.0,1.0,3
TRACKMAP,702,12,7.0,-1.0,3
TRACKMAP,705,3,130.0,2.0,3
TRACKMAP,706,1,100.0,1.0,3
TRACKMAP,707,7,80.0,2.0,3
TRACKMAP,708,0,80.0,,2
TRACKMAP,709,4,400.0,,2
TRACKMAP,710,5,150.0,1.0,3
TRACKMAP,711,12,3.0,160.0,3
TRACKMAP,712,7,150.0,1.0,3
TRACKMAP,713,4,400.0,,2
TRACKMAP,714,12,7.0,-1.0,3
TRACKMAP,715,7,180.0,1.0,3
TRACKMAP,716,0,100.0,,2
TRACKMAP,717,3,140.0,2.0,3
TRACKMAP,718,0,200.0,,2
TRACKMAP,719,7,170.0,1.0,3
TRACKMAP,720,3,190.0,1.0,3
TRACKMAP,721,1,300.0,1.0,3
TRACKMAP,726,6,300.0,,2
TRACKMAP,728,10,7.0,11.0,3
TRACKMAP,729,20,7.0,0.0,3
TRACKMAP,730,7,180.0,1.0,3
TRACKMAP,731,0,300.0,,2
TRACKMAP,732,3,120.0,1.0,3
TRACKMAP,733,6,500.0,,2
TRACKMAP,734,7,200.0,1.0,3
TRACKMAP,735,0,80.0,,2
TRACKMAP,736,3,120.0,2.0,3
TRACKMAP,737,6,400.0,,2
TRACKMAP,738,3,180.0,1.0,3
TRACKMAP,739,0,80.0,,2
TRACKMAP,740,7,100.0,2.0,3
TRACKMAP,742,1,400.0,1.0,3
TRACKMAP,747,7,100.0,1.0,3
TRACKMAP,748,0,200.0,,2
TRACKMAP,749,3,100.0,2.0,3
TRACKMAP,750,6,500.0,,2
TRACKMAP,751,21,7.0,0.0,3
TRACKMAP,752,22,7.0,0.0,3
TRACKMAP,753,10,1.0,90.0,3
TRACKMAP,754,11,1.0,90.0,3
TRACKMAP,755,12,1.0,13.0,3
TRACKMAP,756,0,50.0,,2
TRACKMAP,757,12,7.0,160.0,3
TRACKMAP,758,10,7.0,103.0,3
TRACKMAP,759,11,7.0,104.0,3
TRACKMAP,760,0,40.0,,2
TRACK5,767,0,0.0,,2
TRACK5,773,0,,,1
TRACK5,780,16,123.0,20.0,4
TRACK5,784,17,-1.0,102.0,3
TRACK5,785,0,0.0,0.0,3
TRACK5,787,0,0.0,0.0,3
TRACK5,788,17,-1.0,102.0,3
TRACK5,789,0,0.0,0.0,3
TRACK5,791,0,0.0,0.0,3
TRACK5,792,17,-1.0,102.0,3
TRACK5,793,0,0.0,0.0,3
TRACKMAP,796,12,7.0,-1.0,3
TRACKMAP,797,11,7.0,102.0,3
TRACKMAP,798,0,40.0,,2
TRACKMAP,799,7,90.0,2.0,3
TRACKMAP,800,0,800.0,,2
TRACKMAP,801,4,600.0,,2
TRACKMAP,802,1,30.0,1.0,3
TRACKMAP,803,7,70.0,2.0,3
TRACKMAP,804,0,600.0,,2
TRACKMAP,805,4,800.0,,2
TRACKMAP,807,11,7.0,104.0,3
TRACKMAP,808,0,80.0,,2
TRACKMAP,809,11,2.0,17.0,3
TRACKMAP,810,3,200.0,1.0,3
TRACKMAP,811,5,120.0,1.0,3
TRACKMAP,812,7,170.0,2.0,3
TRACKMAP,813,1,80.0,1.0,3
TRACKMAP,814,3,100.0,2.0,3
TRACKMAP,815,0,100.0,,2
TRACKMAP,816,6,500.0,,2
TRACKMAP,817,12,1.0,162.0,3
TRACKMAP,818,0,40.0,,2
TRACKMAP,819,12,7.0,-1.0,3
TRACKMAP,820,3,30.0,3.0,3
TRACKMAP,821,1,25.0,1.0,3
TRACKMAP,822,0,150.0,,2
TRACKMAP,824,10,7.0,101.0,3
TRACKMAP,826,5,200.0,1.0,3
TRACKMAP,827,4,600.0,,2
TRACKMAP,828,7,100.0,1.0,3
TRACKMAP,829,3,110.0,3.0,3
TRACKMAP,830,4,600.0,,2
TRACKMAP,832,10,7.0,17.0,3
TRACKMAP,833,11,7.0,17.0,3
TRACKMAP,834,12,1.0,108.0,3
TRACKMAP,835,0,50.0,,2
TRACKMAP,836,12,7.0,-1.0,3
TRACKMAP,839,0,40.0,,2
TRACKMAP,841,1,100.0,1.0,3
TRACKMAP,842,10,2.0,14.0,3
TRACKMAP,843,20,1.0,3.0,3
TRACKMAP,844,0,30.0,,2
TRACKMAP,845,11,2.0,14.0,3
TRACKMAP,846,21,1.0,2.0,3
TRACKMAP,847,7,80.0,2.0,3
TRACKMAP,849,5,100.0,1.0,3
TRACKMAP,850,3,120.0,1.0,3
TRACKMAP,851,0,200.0,,2
TRACKMAP,852,10,7.0,103.0,3
TRACKMAP,853,20,7.0,1.0,3
TRACKMAP,854,0,400.0,,2
TRACKMAP,856,10,3.0,15.0,3
TRACKMAP,860,3,30.0,3.0,3
TRACKMAP,861,7,30.0,4.0,3
TRACKMAP,862,0,400.0,,2
TRACKMAP,863,1,100.0,1.0,3
TRACKMAP,864,6,400.0,,2
TRACKMAP,865,7,200.0,1.0,3
TRACKMAP,866,0,80.0,,2
TRACKMAP,867,3,200.0,2.0,3
TRACKMAP,868,0,80.0,,2
TRACKMAP,869,7,100.0,2.0,3
TRACKMAP,870,0,200.0,,2
TRACKMAP,873,11,7.0,102.0,3
TRACKMAP,874,21,7.0,0.0,3
TRACKMAP,875,0,60.0,,2
TRACKMAP,878,3,10.0,3.0,3
TRACKMAP,879,6,400.0,,2
TRACKMAP,880,3,200.0,1.0,3
TRACKMAP,881,0,80.0,,2
TRACKMAP,882,7,200.0,2.0,3
TRACKMAP,883,0,80.0,,2
TRACKMAP,886,10,7.0,103.0,3
TRACKMAP,887,3,100.0,2.0,3
TRACKMAP,888,10,1.0,17.0,3
TRACKMAP,889,0,30.0,,2
TRACKMAP,890,10,1.0,15.0,3
TRACKMAP,892,3,10.0,3.0,3
TRACKMAP,893,6,900.0,,2
TRACKMAP,895,3,100.0,1.0,3
TRACKMAP,898,11,7.0,104.0,3
TRACKMAP,899,12,2.0,105.0,3
TRACKMAP,900,0,40.0,,2
TRACKMAP,902,0,230.0,,2
TRACKMAP,903,11,1.0,17.0,3
TRACKMAP,904,0,30.0,,2
TRACKMAP,906,11,1.0,164.0,3
TRACKMAP,907,12,7.0,-1.0,3
TRACKMAP,908,7,110.0,3.0,3
TRACKMAP,909,6,600.0,,2
TRACKMAP,910,1,100.0,1.0,3
TRACKMAP,911,3,80.0,2.0,3
TRACKMAP,912,7,120.0,1.0,3
TRACKMAP,913,6,200.0,,2
TRACKMAP,914,7,30.0,3.0,3
TRACKMAP,915,3,30.0,4.0,3
TRACKMAP,916,1,400.0,1.0,3
TRACKMAP,917,6,400.0,,2
TRACKMAP,918,3,200.0,1.0,3
TRACKMAP,919,0,80.0,,2
TRACKMAP,920,7,200.0,2.0,3
TRACKMAP,921,0,80.0,,2
TRACKMAP,922,3,100.0,2.0,3
TRACKMAP,923,1,100.0,1.0,3
TRACKMAP,924,7,10.0,3.0,3
TRACKMAP,925,3,100.0,1.0,3
TRACKMAP,926,10,7.0,15.0,3
TRACKMAP,929,0,120.0,,2
TRACKMAP,930,11,7.0,164.0,3
TRACKMAP,935,6,400.0,,2
TRACKMAP,937,0,40.0,,2
TRACKMAP,939,7,200.0,1.0,3
TRACKMAP,940,0,80.0,,2
TRACKMAP,941,3,200.0,2.0,3
TRACKMAP,942,0,80.0,,2
TRACKMAP,943,7,100.0,2.0,3
TRACKMAP,944,3,10.0,3.0,3
TRACKMAP,945,12,1.0,163.0,3
TRACKMAP,948,0,40.0,,2
TRACKMAP,949,12,7.0,-1.0,3
TRACKMAP,950,0,80.0,,2
TRACKMAP,951,10,7.0,101.0,3
TRACKMAP,952,20,7.0,0.0,3
TRACKMAP,953,11,7.0,102.0,3
TRACKMAP,954,21,7.0,0.0,3
TRACKMAP,956,0,40.0,,2
TRACKMAP,963,0,100.0,,2
TRACKMAP,965,6,400.0,,2
TRACKMAP,966,7,200.0,1.0,3
TRACKMAP,967,0,80.0,,2
TRACKMAP,968,3,200.0,2.0,3
TRACKMAP,969,6,300.0,,2
TRACKMAP,970,7,200.0,1.0,3
TRACKMAP,971,0,80.0,,2
TRACKMAP,972,3,200.0,2.0,3
TRACKMAP,973,0,80.0,,2
TRACKMAP,974,6,1000.0,,2
TRACKMAP,975,21,7.0,0.0,3
TRACKMAP,976,22,7.0,0.0,3
TRACKMAP,977,10,1.0,90.0,3
TRACKMAP,978,11,1.0,90.0,3
TRACKMAP,979,12,1.0,13.0,3
TRACKMAP,980,0,50.0,,2
TRACKMAP,981,12,7.0,-1.0,3
TRACKMAP,982,10,7.0,101.0,3
TRACKMAP,983,11,7.0,102.0,3
TRACKMAP,984,0,40.0,,2
TRACK6,989,0,0.0,,2
TRACK6,1004,1,,,1
TRACK6,1007,0,0.0,0.0,3
TRACK6,1008,0,12.0,0.0,3
TRACK6,1009,1,0.0,0.0,3
TRACK6,1010,0,-1.0,110.0,3
TRACK6,1011,1,0.0,0.0,3
TRACK6,1013,0,0.0,0.0,3
TRACK6,1014,0,-1.0,110.0,3
TRACK6,1015,0,0.0,0.0,3
TRACKMAP,1017,12,7.0,-1.0,3
TRACKMAP,1018,7,180.0,1.0,3
TRACKMAP,1019,0,900.0,,2
TRACKMAP,1020,3,200.0,2.0,3
TRACKMAP,1021,0,80.0,,2
TRACKMAP,1022,7,100.0,2.0,3
TRACKMAP,1023,0,80.0,,2
TRACKMAP,1024,3,80.0,2.0,3
TRACKMAP,1025,4,900.0,,2
TRACKMAP,1026,7,70.0,2.0,3
TRACKMAP,1027,1,200.0,1.0,3
TRACKMAP,1028,7,10.0,1.0,3
TRACKMAP,1029,0,80.0,,2
TRACKMAP,1030,3,200.0,1.0,3
TRACKMAP,1031,0,80.0,,2
TRACKMAP,1032,7,200.0,1.0,3
TRACKMAP,1033,0,1000.0,,2
TRACKMAP,1034,5,30.0,1.0,3
TRACKMAP,1035,3,150.0,1.0,3
TRACKMAP,1036,0,500.0,,2
TRACKMAP,1040,1,500.0,1.0,3
TRACKMAP,1041,0,900.0,,2
TRACKMAP,1042,7,60.0,2.0,3
TRACKMAP,1043,4,1000.0,,2
TRACKMAP,1044,3,30.0,3.0,3
TRACKMAP,1045,5,100.0,1.0,3
TRACKMAP,1046,7,50.0,2.0,3
TRACKMAP,1047,1,100.0,1.0,3
TRACKMAP,1048,3,30.0,3.0,3
TRACKMAP,1052,0,80.0,,2
TRACKMAP,1054,0,80.0,,2
TRACKMAP,1056,5,100.0,1.0,3
TRACKMAP,1057,12,1.0,108.0,3
TRACKMAP,1058,0,50.0,,2
TRACKMAP,1059,10,7.0,178.0,3
TRACKMAP,1060,20,7.0,1.0,3
TRACKMAP,1061,11,7.0,178.0,3
TRACKMAP,1062,21,7.0,1.0,3
TRACKMAP,1063,12,7.0,-1.0,3
TRACKMAP,1064,0,40.0,,2
TRACKMAP,1066,0,80.0,,2
TRACKMAP,1067,7,80.0,2.0,3
TRACKMAP,1069,1,100.0,1.0,3
TRACKMAP,1070,6,1000.0,,2
TRACKMAP,1071,3,60.0,2.0,3
TRACKMAP,1075,0,100.0,,2
TRACKMAP,1077,0,80.0,,2
TRACKMAP,1079,1,2000.0,1.0,3
TRACKMAP,1088,5,100.0,1.0,3
TRACKMAP,1089,20,1.0,3.0,3
TRACKMAP,1090,7,70.0,3.0,3
TRACKMAP,1091,21,2.0,2.0,3
TRACKMAP,1092,1,100.0,1.0,3
TRACKMAP,1093,3,30.0,3.0,3
TRACKMAP,1094,5,100.0,1.0,3
TRACKMAP,1095,7,80.0,2.0,3
TRACKMAP,1096,1,100.0,1.0,3
TRACKMAP,1097,10,3.0,0.0,3
TRACKMAP,1098,20,1.0,2.0,3
TRACKMAP,1100,21,2.0,2.0,3
TRACKMAP,1101,0,100.0,,2
TRACKMAP,1103,11,2.0,110.0,3
TRACKMAP,1104,0,100.0,,2
TRACKMAP,1106,5,100.0,1.0,3
TRACKMAP,1107,11,3.0,0.0,3
TRACKMAP,1108,10,1.0,110.0,3
TRACKMAP,1109,1,100.0,1.0,3
TRACKMAP,1110,3,90.0,3.0,3
TRACKMAP,1111,5,100.0,1.0,3
TRACKMAP,1112,7,80.0,2.0,3
TRACKMAP,1113,1,100.0,1.0,3
TRACKMAP,1115,0,150.0,,2
TRACKMAP,1117,7,110.0,2.0,3
TRACKMAP,1119,3,20.0,4.0,3
TRACKMAP,1120,5,100.0,1.0,3
TRACKMAP,1122,4,600.0,,2
TRACKMAP,1123,7,100.0,1.0,3
TRACKMAP,1124,3,110.0,3.0,3
TRACKMAP,1125,4,600.0,,2
TRACKMAP,1128,7,30.0,4.0,3
TRACKMAP,1129,1,100.0,1.0,3
TRACKMAP,1130,0,100.0,,2
TRACKMAP,1133,5,100.0,1.0,3
TRACKMAP,1134,3,50.0,3.0,3
TRACKMAP,1135,0,400.0,,2
TRACKMAP,1137,1,100.0,1.0,3
TRACKMAP,1138,5,200.0,1.0,3
TRACKMAP,1139,4,600.0,,2
TRACKMAP,1140,7,100.0,1.0,3
TRACKMAP,1141,3,110.0,3.0,3
TRACKMAP,1142,4,600.0,,2
TRACKMAP,1143,7,120.0,1.0,3
TRACKMAP,1144,0,700.0,,2
TRACKMAP,1145,3,120.0,2.0,3
TRACKMAP,1146,0,80.0,,2
TRACKMAP,1147,7,150.0,1.0,3
TRACKMAP,1148,0,1000.0,,2
TRACKMAP,1149,5,500.0,1.0,3
TRACKMAP,1150,7,20.0,2.0,3
TRACKMAP,1151,1,500.0,1.0,3
TRACKMAP,1152,0,1000.0,,2
TRACKMAP,1153,3,30.0,3.0,3
TRACKMAP,1154,5,100.0,1.0,3
TRACKMAP,1155,7,80.0,2.0,3
TRACKMAP,1156,1,600.0,1.0,3
TRACKMAP,1157,6,800.0,,2
TRACKMAP,1158,3,200.0,1.0,3
TRACKMAP,1159,21,7.0,0.0,3
TRACKMAP,1160,22,7.0,0.0,3
TRACKMAP,1161,10,1.0,90.0,3
TRACKMAP,1162,11,1.0,90.0,3
TRACKMAP,1163,12,1.0,13.0,3
TRACKMAP,1164,0,50.0,,2
TRACKMAP,1165,10,7.0,0.0,3
TRACKMAP,1166,11,7.0,0.0,3
TRACKMAP,1167,12,7.0,-1.0,3
TRACKMAP,1168,0,40.0,,2
TRACK11,1173,0,0.0,,2
TRACK11,1177,0,,,1
TRACK11,1179,10,,,1
TRACK11,1188,0,,,1
TRACK11,1190,19,-1.0,11.0,3
TRACK11,1191,1,0.0,0.0,3
TRACK11,1192,18,12.0,14.0,3
TRACK11,1193,1,0.0,1.0,3
TRACK11,1194,11,-1.0,11.0,3
TRACK11,1195,0,0.0,0.0,3
TRACK11,1196,20,-1.0,14.0,3
TRACK11,1197,3,0.0,0.0,3
TRACK11,1198,11,-1.0,11.0,3
TRACK11,1199,0,0.0,0.0,3
TRACKMAP,1201,12,7.0,-1.0,3
TRACKMAP,1202,0,10.0,,2
TRACKMAP,1204,0,10.0,,2
TRACKMAP,1206,0,800.0,,2
TRACKMAP,1207,10,7.0,11.0,3
TRACKMAP,1208,1,200.0,1.0,3
TRACKMAP,1209,3,50.0,1.0,3
TRACKMAP,1210,5,73.0,1.0,3
TRACKMAP,1211,10,5.0,19.0,3
TRACKMAP,1212,0,100.0,,2
TRACKMAP,1213,10,2.0,20.0,3
TRACKMAP,1214,20,2.0,2.0,3
TRACKMAP,1215,0,500.0,,2
TRACKMAP,1216,7,150.0,1.0,3
TRACKMAP,1217,0,100.0,,2
TRACKMAP,1218,3,200.0,1.0,3
TRACKMAP,1219,10,7.0,11.0,3
TRACKMAP,1220,20,7.0,0.0,3
TRACKMAP,1221,1,100.0,1.0,3
TRACKMAP,1222,0,500.0,,2
TRACKMAP,1223,2,100.0,,2
TRACKMAP,1224,10,3.0,18.0,3
TRACKMAP,1225,20,2.0,3.0,3
TRACKMAP,1226,7,150.0,1.0,3
TRACKMAP,1227,0,1000.0,,2
TRACKMAP,1228,3,50.0,1.0,3
TRACKMAP,1229,10,7.0,11.0,3
TRACKMAP,1230,20,7.0,0.0,3
TRACKMAP,1231,1,200.0,1.0,3
TRACKMAP,1232,5,200.0,1.0,3
TRACKMAP,1233,1,200.0,1.0,3
TRACKMAP,1234,5,73.0,1.0,3
TRACKMAP,1235,11,5.0,84.0,3
TRACKMAP,1236,10,7.0,19.0,3
TRACKMAP,1237,20,7.0,1.0,3
TRACKMAP,1239,0,80.0,,2
TRACKMAP,1241,10,2.0,20.0,3
TRACKMAP,1242,20,2.0,3.0,3
TRACKMAP,1243,7,500.0,1.0,3
TRACKMAP,1244,3,100.0,1.0,3
TRACKMAP,1245,7,10.0,1.0,3
TRACKMAP,1246,0,1000.0,,2
TRACKMAP,1247,20,7.0,0.0,3
TRACKMAP,1248,11,6.0,0.0,3
TRACKMAP,1249,3,170.0,1.0,3
TRACKMAP,1250,10,7.0,11.0,3
TRACKMAP,1251,1,700.0,1.0,3
TRACKMAP,1252,5,200.0,1.0,3
TRACKMAP,1253,7,10.0,1.0,3
TRACKMAP,1254,1,200.0,1.0,3
TRACKMAP,1255,5,73.0,1.0,3
TRACKMAP,1256,10,7.0,11.0,3
TRACKMAP,1257,11,2.0,14.0,3
TRACKMAP,1259,0,50.0,,2
TRACKMAP,1261,0,250.0,,2
TRACKMAP,1262,7,150.0,1.0,3
TRACKMAP,1263,0,800.0,,2
TRACKMAP,1264,3,200.0,1.0,3
TRACKMAP,1265,10,1.0,90.0,3
TRACKMAP,1266,11,1.0,90.0,3
TRACKMAP,1267,12,1.0,108.0,3
TRACKMAP,1268,0,50.0,,2
TRACKMAP,1269,10,7.0,11.0,3
TRACKMAP,1270,11,7.0,11.0,3
TRACKMAP,1271,12,7.0,-1.0,3
TRACKMAP,1272,0,40.0,,2
TRACKMAP,1274,0,10.0,,2
TRACKMAP,1277,0,100.0,,2
TRACKMAP,1280,10,2.0,14.0,3
TRACKMAP,1281,0,25.0,,2
TRACKMAP,1282,11,3.0,14.0,3
TRACKMAP,1283,0,1000.0,,2
TRACKMAP,1284,7,200.0,1.0,3
TRACKMAP,1285,1,800.0,1.0,3
TRACKMAP,1286,5,220.0,1.0,3
TRACKMAP,1287,10,7.0,0.0,3
TRACKMAP,1288,20,3.0,1.0,3
TRACKMAP,1289,3,200.0,1.0,3
TRACKMAP,1290,0,800.0,,2
TRACKMAP,1291,5,200.0,1.0,3
TRACKMAP,1292,1,800.0,1.0,3
TRACKMAP,1293,11,7.0,11.0,3
TRACKMAP,1294,21,7.0,0.0,3
TRACKMAP,1295,7,80.0,1.0,3
TRACKMAP,1296,5,73.0,1.0,3
TRACKMAP,1297,11,3.0,18.0,3
TRACKMAP,1298,21,3.0,4.0,3
TRACKMAP,1302,0,50.0,,2
TRACKMAP,1303,7,130.0,1.0,3
TRACKMAP,1304,0,500.0,,2
TRACKMAP,1305,4,800.0,,2
TRACKMAP,1306,0,500.0,,2
TRACKMAP,1307,0,50.0,,2
TRACKMAP,1308,0,400.0,,2
TRACKMAP,1309,7,140.0,1.0,3
TRACKMAP,1310,0,650.0,,2
TRACKMAP,1311,3,90.0,1.0,3
TRACKMAP,1312,2,100.0,,2
TRACKMAP,1313,10,5.0,85.0,3
TRACKMAP,1314,0,80.0,,2
TRACKMAP,1315,11,2.0,20.0,3
TRACKMAP,1316,21,2.0,3.0,3
TRACKMAP,1317,3,230.0,1.0,3
TRACKMAP,1318,0,400.0,,2
TRACKMAP,1319,10,7.0,11.0,3
TRACKMAP,1320,7,10.0,1.0,3
TRACKMAP,1321,0,400.0,,2
TRACKMAP,1322,21,7.0,0.0,3
TRACKMAP,1323,22,7.0,0.0,3
TRACKMAP,1324,10,1.0,90.0,3
TRACKMAP,1325,11,1.0,90.0,3
TRACKMAP,1326,12,1.0,13.0,3
TRACKMAP,1328,0,50.0,,2
TRACKMAP,1330,10,7.0,11.0,3
TRACKMAP,1331,11,7.0,11.0,3
TRACKMAP,1332,12,7.0,-1.0,3
TRACKMAP,1333,0,40.0,,2
TRACKMAP,1335,0,10.0,,2
TRACK12,1341,0,0.0,,2
TRACK12,1358,0,-1.0,87.0,3
TRACK12,1359,2,0.0,1.0,3
TRACK12,1360,0,12.0,89.0,3
TRACK12,1361,1,0.0,1.0,3
TRACK12,1362,0,-1.0,89.0,3
TRACK12,1363,2,0.0,1.0,3
TRACK12,1365,2,0.0,1.0,3
TRACK12,1367,1,0.0,1.0,3
TRACKMAP,1369,12,7.0,-1.0,3
TRACKMAP,1370,0,800.0,,2
TRACKMAP,1371,7,200.0,1.0,3
TRACKMAP,1372,0,80.0,,2
TRACKMAP,1373,3,200.0,2.0,3
TRACKMAP,1374,0,80.0,,2
TRACKMAP,1375,7,100.0,2.0,3
TRACKMAP,1376,1,100.0,1.0,3
TRACKMAP,1377,3,10.0,3.0,3
TRACKMAP,1378,7,50.0,2.0,3
TRACKMAP,1379,5,100.0,1.0,3
TRACKMAP,1380,0,500.0,,2
TRACKMAP,1381,1,60.0,1.0,3
TRACKMAP,1382,0,700.0,,2
TRACKMAP,1383,5,60.0,1.0,3
TRACKMAP,1384,3,70.0,3.0,3
TRACKMAP,1385,0,1000.0,,2
TRACKMAP,1386,7,190.0,1.0,3
TRACKMAP,1387,10,3.0,97.0,3
TRACKMAP,1388,20,3.0,0.0,3
TRACKMAP,1389,11,3.0,97.0,3
TRACKMAP,1390,21,3.0,0.0,3
TRACKMAP,1391,12,3.0,98.0,3
TRACKMAP,1392,0,50.0,,2
TRACKMAP,1395,0,900.0,,2
TRACKMAP,1396,12,7.0,-1.0,3
TRACKMAP,1397,0,50.0,,2
TRACKMAP,1400,10,7.0,89.0,3
TRACKMAP,1401,11,7.0,89.0,3
TRACKMAP,1402,0,80.0,,2
TRACKMAP,1403,11,1.0,97.0,3
TRACKMAP,1404,0,20.0,,2
TRACKMAP,1405,10,2.0,97.0,3
TRACKMAP,1406,3,70.0,2.0,3
TRACKMAP,1409,0,400.0,,2
TRACKMAP,1410,10,7.0,181.0,3
TRACKMAP,1411,20,7.0,1.0,3
TRACKMAP,1412,11,2.0,87.0,3
TRACKMAP,1413,21,2.0,1.0,3
TRACKMAP,1417,1,60.0,1.0,3
TRACKMAP,1418,0,800.0,,2
TRACKMAP,1419,11,1.0,84.0,3
TRACKMAP,1420,0,200.0,,2
TRACKMAP,1421,7,70.0,3.0,3
TRACKMAP,1422,5,100.0,1.0,3
TRACKMAP,1423,10,1.0,90.0,3
TRACKMAP,1424,11,1.0,90.0,3
TRACKMAP,1425,12,1.0,108.0,3
TRACKMAP,1426,0,50.0,,2
TRACKMAP,1429,10,7.0,87.0,3
TRACKMAP,1430,11,7.0,89.0,3
TRACKMAP,1431,12,7.0,-1.0,3
TRACKMAP,1432,0,40.0,,2
TRACKMAP,1434,10,3.0,86.0,3
TRACKMAP,1435,11,7.0,87.0,3
TRACKMAP,1436,21,7.0,1.0,3
TRACKMAP,1437,0,800.0,,2
TRACKMAP,1438,11,2.0,86.0,3
TRACKMAP,1439,0,120.0,,2
TRACKMAP,1440,3,200.0,1.0,3
TRACKMAP,1441,0,700.0,,2
TRACKMAP,1442,10,7.0,97.0,3
TRACKMAP,1443,11,7.0,97.0,3
TRACKMAP,1444,12,7.0,98.0,3
TRACKMAP,1448,0,50.0,,2
TRACKMAP,1451,7,80.0,2.0,3
TRACKMAP,1453,0,100.0,,2
TRACKMAP,1454,12,7.0,-1.0,3
TRACKMAP,1455,0,50.0,,2
TRACKMAP,1458,1,70.0,1.0,3
TRACKMAP,1459,0,500.0,,2
TRACKMAP,1460,3,100.0,2.0,3
TRACKMAP,1464,0,2000.0,,2
TRACKMAP,1465,5,73.0,1.0,3
TRACKMAP,1466,10,7.0,86.0,3
TRACKMAP,1467,20,3.0,2.0,3
TRACKMAP,1468,7,60.0,1.0,3
TRACKMAP,1469,10,3.0,89.0,3
TRACKMAP,1470,20,1.0,3.0,3
TRACKMAP,1471,11,2.0,0.0,3
TRACKMAP,1472,21,2.0,0.0,3
TRACKMAP,1473,0,300.0,,2
TRACKMAP,1475,0,800.0,,2
TRACKMAP,1477,7,70.0,1.0,3
TRACKMAP,1478,11,7.0,89.0,3
TRACKMAP,1479,10,7.0,97.0,3
TRACKMAP,1480,1,190.0,1.0,3
TRACKMAP,1481,0,200.0,,2
TRACKMAP,1485,5,500.0,1.0,3
TRACKMAP,1486,7,120.0,1.0,3
TRACKMAP,1487,1,600.0,1.0,3
TRACKMAP,1488,3,160.0,1.0,3
TRACKMAP,1489,0,800.0,,2
TRACKMAP,1490,5,73.0,1.0,3
TRACKMAP,1491,7,150.0,1.0,3
TRACKMAP,1493,11,7.0,181.0,3
TRACKMAP,1494,21,7.0,1.0,3
TRACKMAP,1495,0,1000.0,,2
TRACKMAP,1496,1,400.0,1.0,3
TRACKMAP,1497,3,200.0,1.0,3
TRACKMAP,1498,0,1000.0,,2
TRACKMAP,1500,5,73.0,1.0,3
TRACKMAP,1501,10,7.0,97.0,3
TRACKMAP,1502,20,1.0,0.0,3
TRACKMAP,1503,11,7.0,97.0,3
TRACKMAP,1504,21,1.0,0.0,3
TRACKMAP,1505,12,1.0,13.0,3
TRACKMAP,1506,0,40.0,,2
TRACKMAP,1507,12,7.0,98.0,3
TRACKMAP,1508,0,50.0,,2
TRACK13,1514,0,0.0,,2
TRACK13,1532,1,0.0,1.0,3
TRACK13,1534,1,0.0,1.0,3
TRACK13,1536,1,0.0,1.0,3
TRACK13,1538,1,0.0,1.0,3
TRACK13,1540,1,0.0,1.0,3
TRACKMAP,1542,12,7.0,-1.0,3
TRACKMAP,1543,3,90.0,1.0,3
TRACKMAP,1544,0,1000.0,,2
TRACKMAP,1545,7,200.0,1.0,3
TRACKMAP,1546,10,1.0,30.0,3
TRACKMAP,1547,11,1.0,158.0,3
TRACKMAP,1548,12,1.0,156.0,3
TRACKMAP,1549,0,800.0,,2
TRACKMAP,1550,3,100.0,2.0,3
TRACKMAP,1551,10,2.0,14.0,3
TRACKMAP,1552,0,40.0,,2
TRACKMAP,1554,20,1.0,2.0,3
TRACKMAP,1555,11,7.0,114.0,3
TRACKMAP,1556,12,7.0,-1.0,3
TRACKMAP,1557,0,2000.0,,2
TRACKMAP,1558,7,100.0,2.0,3
TRACKMAP,1559,10,7.0,113.0,3
TRACKMAP,1560,11,7.0,84.0,3
TRACKMAP,1561,0,80.0,,2
TRACKMAP,1562,20,7.0,1.0,3
TRACKMAP,1563,11,7.0,30.0,3
TRACKMAP,1564,0,200.0,,2
TRACKMAP,1565,10,3.0,158.0,3
TRACKMAP,1566,11,3.0,158.0,3
TRACKMAP,1567,12,3.0,159.0,3
TRACKMAP,1568,0,200.0,,2
TRACKMAP,1569,11,1.0,158.0,3
TRACKMAP,1570,12,1.0,159.0,3
TRACKMAP,1571,0,400.0,,2
TRACKMAP,1572,11,7.0,84.0,3
TRACKMAP,1573,3,250.0,1.0,3
TRACKMAP,1574,7,100.0,3.0,3
TRACKMAP,1575,0,100.0,,2
TRACKMAP,1576,3,80.0,2.0,3
TRACKMAP,1577,7,200.0,1.0,3
TRACKMAP,1578,12,7.0,-1.0,3
TRACKMAP,1579,10,7.0,113.0,3
TRACKMAP,1580,11,7.0,114.0,3
TRACKMAP,1581,0,80.0,,2
TRACKMAP,1582,4,800.0,,2
TRACKMAP,1583,10,3.0,14.0,3
TRACKMAP,1584,0,40.0,,2
TRACKMAP,1586,0,40.0,,2
TRACKMAP,1588,11,3.0,14.0,3
TRACKMAP,1589,0,620.0,,2
TRACKMAP,1590,1,400.0,1.0,3
TRACKMAP,1591,5,400.0,1.0,3
TRACKMAP,1592,10,7.0,158.0,3
TRACKMAP,1593,11,7.0,158.0,3
TRACKMAP,1594,12,7.0,157.0,3
TRACKMAP,1595,0,80.0,,2
TRACKMAP,1596,10,3.0,44.0,3
TRACKMAP,1597,12,3.0,156.0,3
TRACKMAP,1598,7,200.0,1.0,3
TRACKMAP,1599,12,7.0,159.0,3
TRACKMAP,1600,0,80.0,,2
TRACKMAP,1601,12,7.0,-1.0,3
TRACKMAP,1602,10,7.0,30.0,3
TRACKMAP,1603,11,7.0,114.0,3
TRACKMAP,1604,3,100.0,2.0,3
TRACKMAP,1605,0,80.0,,2
TRACKMAP,1606,7,90.0,1.0,3
TRACKMAP,1607,0,400.0,,2
TRACKMAP,1608,10,3.0,85.0,3
TRACKMAP,1609,0,40.0,,2
TRACKMAP,1610,3,130.0,2.0,3
TRACKMAP,1612,10,7.0,89.0,3
TRACKMAP,1613,20,3.0,2.0,3
TRACKMAP,1614,0,400.0,,2
TRACKMAP,1615,7,90.0,2.0,3
TRACKMAP,1616,1,100.0,1.0,3
TRACKMAP,1617,4,800.0,,2
TRACKMAP,1618,7,90.0,1.0,3
TRACKMAP,1619,5,73.0,1.0,3
TRACKMAP,1620,10,1.0,90.0,3
TRACKMAP,1621,20,7.0,1.0,3
TRACKMAP,1622,11,1.0,90.0,3
TRACKMAP,1623,21,7.0,1.0,3
TRACKMAP,1624,12,1.0,108.0,3
TRACKMAP,1625,0,50.0,,2
TRACKMAP,1626,10,7.0,158.0,3
TRACKMAP,1627,11,7.0,158.0,3
TRACKMAP,1628,12,7.0,159.0,3
TRACKMAP,1629,0,40.0,,2
TRACKMAP,1634,0,400.0,,2
TRACKMAP,1635,10,7.0,85.0,3
TRACKMAP,1636,11,7.0,30.0,3
TRACKMAP,1637,12,7.0,-1.0,3
TRACKMAP,1638,0,100.0,,2
TRACKMAP,1639,3,90.0,2.0,3
TRACKMAP,1640,1,9.0,1.0,3
TRACKMAP,1641,10,7.0,44.0,3
TRACKMAP,1642,12,2.0,157.0,3
TRACKMAP,1643,3,75.0,1.0,3
TRACKMAP,1644,0,1000.0,,2
TRACKMAP,1645,10,2.0,14.0,3
TRACKMAP,1646,11,7.0,45.0,3
TRACKMAP,1647,12,7.0,-1.0,3
TRACKMAP,1649,0,50.0,,2
TRACKMAP,1650,11,2.0,14.0,3
TRACKMAP,1651,7,220.0,1.0,3
TRACKMAP,1652,0,1500.0,,2
TRACKMAP,1653,3,110.0,2.0,3
TRACKMAP,1654,0,1000.0,,2
TRACKMAP,1655,7,100.0,2.0,3
TRACKMAP,1656,0,700.0,,2
TRACKMAP,1657,3,240.0,1.0,3
TRACKMAP,1658,10,7.0,113.0,3
TRACKMAP,1659,11,7.0,30.0,3
TRACKMAP,1660,7,100.0,3.0,3
TRACKMAP,1661,0,100.0,,2
TRACKMAP,1662,3,80.0,2.0,3
TRACKMAP,1663,10,2.0,44.0,3
TRACKMAP,1664,7,200.0,1.0,3
TRACKMAP,1665,0,80.0,,2
TRACKMAP,1666,11,7.0,30.0,3
TRACKMAP,1667,3,105.0,2.0,3
TRACKMAP,1668,0,500.0,,2
TRACKMAP,1669,10,7.0,44.0,3
TRACKMAP,1670,11,7.0,45.0,3
TRACKMAP,1671,0,40.0,,2
TRACKMAP,1672,10,2.0,14.0,3
TRACKMAP,1673,0,40.0,,2
TRACKMAP,1674,11,2.0,14.0,3
TRACKMAP,1675,1,400.0,1.0,3
TRACKMAP,1677,5,400.0,1.0,3
TRACKMAP,1679,10,1.0,30.0,3
TRACKMAP,1680,11,1.0,30.0,3
TRACKMAP,1681,12,1.0,156.0,3
TRACKMAP,1682,7,200.0,1.0,3
TRACKMAP,1683,0,80.0,,2
TRACKMAP,1684,3,80.0,2.0,3
TRACKMAP,1685,0,80.0,,2
TRACKMAP,1686,7,100.0,1.0,3
TRACKMAP,1687,0,300.0,,2
TRACKMAP,1688,10,1.0,30.0,3
TRACKMAP,1689,11,1.0,30.0,3
TRACKMAP,1690,12,1.0,157.0,3
TRACKMAP,1691,3,100.0,1.0,3
TRACKMAP,1692,0,300.0,,2
TRACKMAP,1693,7,90.0,2.0,3
TRACKMAP,1694,0,300.0,,2
TRACKMAP,1695,3,50.0,2.0,3
TRACKMAP,1696,12,7.0,-1.0,3
TRACKMAP,1697,0,1000.0,,2
TRACKMAP,1698,21,7.0,0.0,3
TRACKMAP,1699,22,7.0,0.0,3
TRACKMAP,1700,10,1.0,90.0,3
TRACKMAP,1701,11,1.0,90.0,3
TRACKMAP,1702,12,1.0,13.0,3
TRACKMAP,1703,0,50.0,,2
TRACKMAP,1704,12,7.0,-1.0,3
TRACKMAP,1705,10,7.0,14.0,3
TRACKMAP,1706,11,7.0,45.0,3
TRACKMAP,1707,0,40.0,,2
TRACK14,1731,1,0.0,1.0,3
TRACK14,1733,2,0.0,1.0,3
TRACK14,1735,1,0.0,1.0,3
TRACK14,1737,1,0.0,2.0,3
TRACK14,1739,2,0.0,1.0,3
TRACKMAP,1742,12,7.0,160.0,3
TRACKMAP,1743,0,700.0,,2
TRACKMAP,1744,12,7.0,-1.0,3
TRACKMAP,1745,11,7.0,11.0,3
TRACKMAP,1746,0,40.0,,2
TRACKMAP,1749,7,140.0,1.0,3
TRACKMAP,1750,0,300.0,,2
TRACKMAP,1751,3,100.0,2.0,3
TRACKMAP,1752,10,7.0,47.0,3
TRACKMAP,1753,11,7.0,104.0,3
TRACKMAP,1754,20,7.0,1.0,3
TRACKMAP,1755,0,40.0,,2
TRACKMAP,1756,10,2.0,17.0,3
TRACKMAP,1757,20,2.0,2.0,3
TRACKMAP,1758,4,600.0,,2
TRACKMAP,1759,10,2.0,17.0,3
TRACKMAP,1760,3,150.0,1.0,3
TRACKMAP,1761,0,400.0,,2
TRACKMAP,1762,7,130.0,2.0,3
TRACKMAP,1763,0,200.0,,2
TRACKMAP,1765,11,7.0,17.0,3
TRACKMAP,1766,3,120.0,1.0,3
TRACKMAP,1767,11,1.0,47.0,3
TRACKMAP,1768,4,700.0,,2
TRACKMAP,1769,3,110.0,2.0,3
TRACKMAP,1770,4,300.0,,2
TRACKMAP,1771,7,150.0,1.0,3
TRACKMAP,1772,3,80.0,1.0,3
TRACKMAP,1773,12,3.0,105.0,3
TRACKMAP,1775,7,130.0,2.0,3
TRACKMAP,1777,1,100.0,1.0,3
TRACKMAP,1778,3,80.0,2.0,3
TRACKMAP,1780,0,400.0,,2
TRACKMAP,1782,4,400.0,,2
TRACKMAP,1783,12,7.0,-1.0,3
TRACKMAP,1785,5,150.0,1.0,3
TRACKMAP,1786,10,3.0,48.0,3
TRACKMAP,1787,20,2.0,2.0,3
TRACKMAP,1788,3,150.0,1.0,3
TRACKMAP,1790,4,400.0,,2
TRACKMAP,1791,10,7.0,103.0,3
TRACKMAP,1792,20,7.0,1.0,3
TRACKMAP,1793,3,130.0,1.0,3
TRACKMAP,1794,11,7.0,104.0,3
TRACKMAP,1795,21,7.0,1.0,3
TRACKMAP,1796,12,3.0,160.0,3
TRACKMAP,1797,0,50.0,,2
TRACKMAP,1799,0,100.0,,2
TRACKMAP,1800,7,140.0,2.0,3
TRACKMAP,1801,0,200.0,,2
TRACKMAP,1802,12,7.0,-1.0,3
TRACKMAP,1803,10,4.0,47.0,3
TRACKMAP,1804,0,50.0,,2
TRACKMAP,1806,0,20.0,,2
TRACKMAP,1807,11,3.0,11.0,3
TRACKMAP,1808,3,170.0,1.0,3
TRACKMAP,1809,7,190.0,1.0,3
TRACKMAP,1810,1,300.0,1.0,3
TRACKMAP,1811,6,500.0,,2
TRACKMAP,1812,10,7.0,48.0,3
TRACKMAP,1813,20,1.0,3.0,3
TRACKMAP,1814,11,7.0,48.0,3
TRACKMAP,1815,20,2.0,2.0,3
TRACKMAP,1816,3,180.0,1.0,3
TRACKMAP,1817,1,100.0,1.0,3
TRACKMAP,1818,0,100.0,,2
TRACKMAP,1819,10,3.0,17.0,3
TRACKMAP,1820,11,4.0,17.0,3
TRACKMAP,1821,2,100.0,,2
TRACKMAP,1823,7,120.0,1.0,3
TRACKMAP,1824,4,500.0,,2
TRACKMAP,1826,3,200.0,1.0,3
TRACKMAP,1827,12,1.0,108.0,3
TRACKMAP,1828,0,50.0,,2
TRACKMAP,1829,10,7.0,11.0,3
TRACKMAP,1830,20,7.0,1.0,3
TRACKMAP,1831,11,7.0,11.0,3
TRACKMAP,1832,21,7.0,1.0,3
TRACKMAP,1833,12,7.0,-1.0,3
TRACKMAP,1834,0,40.0,,2
TRACKMAP,1836,0,80.0,,2
TRACKMAP,1837,7,120.0,2.0,3
TRACKMAP,1838,4,600.0,,2
TRACKMAP,1839,12,3.0,105.0,3
TRACKMAP,1842,7,180.0,1.0,3
TRACKMAP,1843,0,80.0,,2
TRACKMAP,1844,3,100.0,2.0,3
TRACKMAP,1845,2,400.0,,2
TRACKMAP,1846,3,100.0,1.0,3
TRACKMAP,1847,0,200.0,,2
TRACKMAP,1848,1,50.0,1.0,3
TRACKMAP,1849,7,100.0,2.0,3
TRACKMAP,1850,12,7.0,-1.0,3
TRACKMAP,1853,6,500.0,,2
TRACKMAP,1854,10,7.0,103.0,3
TRACKMAP,1855,11,7.0,104.0,3
TRACKMAP,1856,12,3.0,160.0,3
TRACKMAP,1857,0,123.0,,2
TRACKMAP,1858,3,140.0,1.0,3
TRACKMAP,1859,0,300.0,,2
TRACKMAP,1860,7,100.0,2.0,3
TRACKMAP,1861,12,7.0,-1.0,3
TRACKMAP,1862,10,2.0,47.0,3
TRACKMAP,1863,0,70.0,,2
TRACKMAP,1864,11,3.0,47.0,3
TRACKMAP,1865,4,600.0,,2
TRACKMAP,1866,7,150.0,1.0,3
TRACKMAP,1867,0,400.0,,2
TRACKMAP,1868,3,170.0,2.0,3
TRACKMAP,1869,10,7.0,17.0,3
TRACKMAP,1870,11,7.0,17.0,3
TRACKMAP,1871,0,200.0,,2
TRACKMAP,1872,10,2.0,48.0,3
TRACKMAP,1873,7,120.0,1.0,3
TRACKMAP,1874,4,700.0,,2
TRACKMAP,1875,11,2.0,47.0,3
TRACKMAP,1876,12,2.0,160.0,3
TRACKMAP,1877,7,110.0,2.0,3
TRACKMAP,1878,4,300.0,,2
TRACKMAP,1879,3,150.0,1.0,3
TRACKMAP,1880,7,80.0,1.0,3
TRACKMAP,1881,12,7.0,-1.0,3
TRACKMAP,1884,3,130.0,2.0,3
TRACKMAP,1885,1,100.0,1.0,3
TRACKMAP,1886,7,80.0,2.0,3
TRACKMAP,1887,0,80.0,,2
TRACKMAP,1888,4,400.0,,2
TRACKMAP,1889,5,150.0,1.0,3
TRACKMAP,1890,12,3.0,160.0,3
TRACKMAP,1891,7,150.0,1.0,3
TRACKMAP,1892,4,400.0,,2
TRACKMAP,1893,12,7.0,-1.0,3
TRACKMAP,1894,7,180.0,1.0,3
TRACKMAP,1895,0,100.0,,2
TRACKMAP,1896,3,140.0,2.0,3
TRACKMAP,1897,0,200.0,,2
TRACKMAP,1898,7,170.0,1.0,3
TRACKMAP,1899,3,190.0,1.0,3
TRACKMAP,1900,1,300.0,1.0,3
TRACKMAP,1905,6,300.0,,2
TRACKMAP,1907,10,7.0,11.0,3
TRACKMAP,1908,20,7.0,0.0,3
TRACKMAP,1909,7,180.0,1.0,3
TRACKMAP,1910,0,300.0,,2
TRACKMAP,1911,3,120.0,1.0,3
TRACKMAP,1912,6,500.0,,2
TRACKMAP,1913,7,200.0,1.0,3
TRACKMAP,1914,0,80.0,,2
TRACKMAP,1915,3,120.0,2.0,3
TRACKMAP,1916,6,400.0,,2
TRACKMAP,1917,3,180.0,1.0,3
TRACKMAP,1918,0,80.0,,2
TRACKMAP,1919,7,100.0,2.0,3
TRACKMAP,1921,1,400.0,1.0,3
TRACKMAP,1926,7,100.0,1.0,3
TRACKMAP,1927,0,200.0,,2
TRACKMAP,1928,3,100.0,2.0,3
TRACKMAP,1929,6,500.0,,2
TRACKMAP,1930,21,7.0,0.0,3
TRACKMAP,1931,22,7.0,0.0,3
TRACKMAP,1932,10,1.0,90.0,3
TRACKMAP,1933,11,1.0,90.0,3
TRACKMAP,1934,12,1.0,13.0,3
TRACKMAP,1935,0,50.0,,2
TRACKMAP,1936,12,7.0,160.0,3
TRACKMAP,1937,10,7.0,103.0,3
TRACKMAP,1938,11,7.0,104.0,3
TRACKMAP,1939,0,40.0,,2
TRACK15,1946,0,0.0,,2
TRACK15,1952,0,,,1
TRACK15,1959,16,123.0,20.0,4
TRACK15,1963,17,-1.0,102.0,3
TRACK15,1964,0,0.0,0.0,3
TRACK15,1966,0,0.0,0.0,3
TRACK15,1967,17,-1.0,102.0,3
TRACK15,1968,0,0.0,0.0,3
TRACK15,1970,0,0.0,0.0,3
TRACK15,1971,17,-1.0,102.0,3
TRACK15,1972,0,0.0,0.0,3
TRACKMAP,1975,12,7.0,-1.0,3
TRACKMAP,1976,11,7.0,102.0,3
TRACKMAP,1977,0,40.0,,2
TRACKMAP,1978,7,90.0,2.0,3
TRACKMAP,1979,0,800.0,,2
TRACKMAP,1980,4,600.0,,2
TRACKMAP,1981,1,30.0,1.0,3
TRACKMAP,1982,7,70.0,2.0,3
TRACKMAP,1983,0,600.0,,2
TRACKMAP,1984,4,800.0,,2
TRACKMAP,1986,11,7.0,104.0,3
TRACKMAP,1987,0,80.0,,2
TRACKMAP,1988,11,2.0,17.0,3
TRACKMAP,1989,3,200.0,1.0,3
TRACKMAP,1990,5,120.0,1.0,3
TRACKMAP,1991,7,170.0,2.0,3
TRACKMAP,1992,1,80.0,1.0,3
TRACKMAP,1993,3,100.0,2.0,3
TRACKMAP,1994,0,100.0,,2
TRACKMAP,1995,6,500.0,,2
TRACKMAP,1996,12,1.0,162.0,3
TRACKMAP,1997,0,40.0,,2
TRACKMAP,1998,12,7.0,-1.0,3
TRACKMAP,1999,3,30.0,3.0,3
TRACKMAP,2000,1,25.0,1.0,3
TRACKMAP,2001,0,150.0,,2
TRACKMAP,2003,10,7.0,101.0,3
TRACKMAP,2005,5,200.0,1.0,3
TRACKMAP,2007,4,600.0,,2
TRACKMAP,2008,7,100.0,1.0,3
TRACKMAP,2009,3,110.0,3.0,3
TRACKMAP,2010,4,600.0,,2
TRACKMAP,2012,10,7.0,17.0,3
TRACKMAP,2013,11,7.0,17.0,3
TRACKMAP,2014,12,1.0,108.0,3
TRACKMAP,2015,0,50.0,,2
TRACKMAP,2016,12,7.0,-1.0,3
TRACKMAP,2019,0,40.0,,2
TRACKMAP,2022,1,100.0,1.0,3
TRACKMAP,2023,10,2.0,14.0,3
TRACKMAP,2024,20,1.0,3.0,3
TRACKMAP,2025,0,30.0,,2
TRACKMAP,2026,11,2.0,14.0,3
TRACKMAP,2027,21,1.0,2.0,3
TRACKMAP,2028,7,80.0,2.0,3
TRACKMAP,2030,5,100.0,1.0,3
TRACKMAP,2031,3,120.0,1.0,3
TRACKMAP,2032,0,200.0,,2
TRACKMAP,2033,10,7.0,103.0,3
TRACKMAP,2034,20,7.0,1.0,3
TRACKMAP,2035,0,400.0,,2
TRACKMAP,2037,10,3.0,15.0,3
TRACKMAP,2041,3,30.0,3.0,3
TRACKMAP,2042,7,30.0,4.0,3
TRACKMAP,2043,0,400.0,,2
TRACKMAP,2044,1,100.0,1.0,3
TRACKMAP,2045,6,400.0,,2
TRACKMAP,2046,7,200.0,1.0,3
TRACKMAP,2047,0,80.0,,2
TRACKMAP,2048,3,200.0,2.0,3
TRACKMAP,2049,0,80.0,,2
TRACKMAP,2050,7,100.0,2.0,3
TRACKMAP,2051,0,200.0,,2
TRACKMAP,2054,11,7.0,102.0,3
TRACKMAP,2055,21,7.0,0.0,3
TRACKMAP,2056,0,60.0,,2
TRACKMAP,2059,3,10.0,3.0,3
TRACKMAP,2060,6,400.0,,2
TRACKMAP,2061,3,200.0,1.0,3
TRACKMAP,2062,0,80.0,,2
TRACKMAP,2063,7,200.0,2.0,3
TRACKMAP,2064,0,80.0,,2
TRACKMAP,2067,10,7.0,103.0,3
TRACKMAP,2068,3,100.0,2.0,3
TRACKMAP,2069,10,1.0,17.0,3
TRACKMAP,2070,0,30.0,,2
TRACKMAP,2071,10,1.0,15.0,3
TRACKMAP,2073,3,10.0,3.0,3
TRACKMAP,2074,6,900.0,,2
TRACKMAP,2076,3,100.0,1.0,3
TRACKMAP,2079,11,7.0,104.0,3
TRACKMAP,2080,12,2.0,105.0,3
TRACKMAP,2081,0,40.0,,2
TRACKMAP,2083,0,230.0,,2
TRACKMAP,2084,11,1.0,17.0,3
TRACKMAP,2085,0,30.0,,2
TRACKMAP,2087,11,1.0,164.0,3
TRACKMAP,2088,12,7.0,-1.0,3
TRACKMAP,2089,7,110.0,3.0,3
TRACKMAP,2090,6,600.0,,2
TRACKMAP,2091,1,100.0,1.0,3
TRACKMAP,2092,3,80.0,2.0,3
TRACKMAP,2093,7,120.0,1.0,3
TRACKMAP,2094,6,200.0,,2
TRACKMAP,2095,7,30.0,3.0,3
TRACKMAP,2096,3,30.0,4.0,3
TRACKMAP,2097,1,400.0,1.0,3
TRACKMAP,2098,6,400.0,,2
TRACKMAP,2099,3,200.0,1.0,3
TRACKMAP,2100,0,80.0,,2
TRACKMAP,2101,7,200.0,2.0,3
TRACKMAP,2102,0,80.0,,2
TRACKMAP,2103,3,100.0,2.0,3
TRACKMAP,2104,1,100.0,1.0,3
TRACKMAP,2105,7,10.0,3.0,3
TRACKMAP,2106,3,100.0,1.0,3
TRACKMAP,2107,10,7.0,15.0,3
TRACKMAP,2110,0,120.0,,2
TRACKMAP,2111,11,7.0,164.0,3
TRACKMAP,2116,6,400.0,,2
TRACKMAP,2118,0,40.0,,2
TRACKMAP,2120,7,200.0,1.0,3
TRACKMAP,2121,0,80.0,,2
TRACKMAP,2122,3,200.0,2.0,3
TRACKMAP,2123,0,80.0,,2
TRACKMAP,2124,7,100.0,2.0,3
TRACKMAP,2125,3,10.0,3.0,3
TRACKMAP,2126,12,1.0,163.0,3
TRACKMAP,2129,0,40.0,,2
TRACKMAP,2130,12,7.0,-1.0,3
TRACKMAP,2131,0,80.0,,2
TRACKMAP,2132,10,7.0,101.0,3
TRACKMAP,2133,20,7.0,0.0,3
TRACKMAP,2134,11,7.0,102.0,3
TRACKMAP,2135,21,7.0,0.0,3
TRACKMAP,2137,0,40.0,,2
TRACKMAP,2144,0,100.0,,2
TRACKMAP,2146,6,400.0,,2
TRACKMAP,2147,7,200.0,1.0,3
TRACKMAP,2148,0,80.0,,2
TRACKMAP,2149,3,200.0,2.0,3
TRACKMAP,2150,6,300.0,,2
TRACKMAP,2151,7,200.0,1.0,3
TRACKMAP,2152,0,80.0,,2
TRACKMAP,2153,3,200.0,2.0,3
TRACKMAP,2154,0,80.0,,2
TRACKMAP,2155,6,1000.0,,2
TRACKMAP,2156,21,7.0,0.0,3
TRACKMAP,2157,22,7.0,0.0,3
TRACKMAP,2158,10,1.0,90.0,3
TRACKMAP,2159,11,1.0,90.0,3
TRACKMAP,2160,12,1.0,13.0,3
TRACKMAP,2161,0,50.0,,2
TRACKMAP,2162,12,7.0,-1.0,3
TRACKMAP,2163,10,7.0,101.0,3
TRACKMAP,2164,11,7.0,102.0,3
TRACKMAP,2165,0,40.0,,2
TRACK16,2188,0,0.0,0.0,3
TRACK16,2189,0,12.0,0.0,3
TRACK16,2190,1,0.0,0.0,3
TRACK16,2191,0,-1.0,110.0,3
TRACK16,2192,1,0.0,0.0,3
TRACK16,2194,0,0.0,0.0,3
TRACK16,2195,0,-1.0,110.0,3
TRACK16,2196,0,0.0,0.0,3
TRACKMAP,2199,12,7.0,-1.0,3
TRACKMAP,2201,7,180.0,1.0,3
TRACKMAP,2202,0,900.0,,2
TRACKMAP,2203,3,200.0,2.0,3
TRACKMAP,2204,0,80.0,,2
TRACKMAP,2205,7,100.0,2.0,3
TRACKMAP,2206,0,80.0,,2
TRACKMAP,2207,3,80.0,2.0,3
TRACKMAP,2208,4,900.0,,2
TRACKMAP,2209,7,70.0,2.0,3
TRACKMAP,2210,1,200.0,1.0,3
TRACKMAP,2212,7,10.0,1.0,3
TRACKMAP,2213,0,80.0,,2
TRACKMAP,2214,3,200.0,1.0,3
TRACKMAP,2215,0,80.0,,2
TRACKMAP,2216,7,200.0,1.0,3
TRACKMAP,2217,0,1000.0,,2
TRACKMAP,2218,5,30.0,1.0,3
TRACKMAP,2219,3,150.0,1.0,3
TRACKMAP,2220,0,500.0,,2
TRACKMAP,2221,1,500.0,1.0,3
TRACKMAP,2222,0,900.0,,2
TRACKMAP,2223,7,60.0,2.0,3
TRACKMAP,2225,4,1000.0,,2
TRACKMAP,2226,3,30.0,3.0,3
TRACKMAP,2227,5,100.0,1.0,3
TRACKMAP,2228,7,50.0,2.0,3
TRACKMAP,2229,1,100.0,1.0,3
TRACKMAP,2230,3,30.0,3.0,3
TRACKMAP,2231,0,160.0,,2
TRACKMAP,2232,5,100.0,1.0,3
TRACKMAP,2233,12,1.0,108.0,3
TRACKMAP,2234,0,50.0,,2
TRACKMAP,2235,10,7.0,178.0,3
TRACKMAP,2236,20,7.0,1.0,3
TRACKMAP,2237,11,7.0,178.0,3
TRACKMAP,2238,21,7.0,1.0,3
TRACKMAP,2239,12,7.0,-1.0,3
TRACKMAP,2240,0,40.0,,2
TRACKMAP,2243,0,80.0,,2
TRACKMAP,2244,7,80.0,2.0,3
TRACKMAP,2245,1,100.0,1.0,3
TRACKMAP,2246,6,1000.0,,2
TRACKMAP,2247,3,60.0,2.0,3
TRACKMAP,2248,0,180.0,,2
TRACKMAP,2249,0,80.0,,2
TRACKMAP,2250,1,2000.0,1.0,3
TRACKMAP,2259,5,100.0,1.0,3
TRACKMAP,2260,20,1.0,3.0,3
TRACKMAP,2261,7,70.0,3.0,3
TRACKMAP,2262,21,2.0,2.0,3
TRACKMAP,2263,1,100.0,1.0,3
TRACKMAP,2264,3,30.0,3.0,3
TRACKMAP,2265,5,100.0,1.0,3
TRACKMAP,2266,7,80.0,2.0,3
TRACKMAP,2267,1,100.0,1.0,3
TRACKMAP,2268,10,3.0,0.0,3
TRACKMAP,2269,20,1.0,2.0,3
TRACKMAP,2270,21,2.0,2.0,3
TRACKMAP,2271,0,100.0,,2
TRACKMAP,2273,11,2.0,110.0,3
TRACKMAP,2274,0,100.0,,2
TRACKMAP,2275,5,100.0,1.0,3
TRACKMAP,2276,11,3.0,0.0,3
TRACKMAP,2277,10,1.0,110.0,3
TRACKMAP,2278,1,100.0,1.0,3
TRACKMAP,2279,3,90.0,3.0,3
TRACKMAP,2280,5,100.0,1.0,3
TRACKMAP,2281,7,80.0,2.0,3
TRACKMAP,2282,1,100.0,1.0,3
TRACKMAP,2283,0,150.0,,2
TRACKMAP,2284,7,110.0,2.0,3
TRACKMAP,2285,3,20.0,4.0,3
TRACKMAP,2286,5,100.0,1.0,3
TRACKMAP,2287,4,600.0,,2
TRACKMAP,2288,7,100.0,1.0,3
TRACKMAP,2289,3,110.0,3.0,3
TRACKMAP,2290,4,600.0,,2
TRACKMAP,2291,7,30.0,4.0,3
TRACKMAP,2292,1,100.0,1.0,3
TRACKMAP,2293,0,100.0,,2
TRACKMAP,2295,5,100.0,1.0,3
TRACKMAP,2296,3,50.0,3.0,3
TRACKMAP,2297,0,400.0,,2
TRACKMAP,2298,1,100.0,1.0,3
TRACKMAP,2299,5,200.0,1.0,3
TRACKMAP,2300,4,600.0,,2
TRACKMAP,2301,7,100.0,1.0,3
TRACKMAP,2302,3,110.0,3.0,3
TRACKMAP,2303,4,600.0,,2
TRACKMAP,2304,7,120.0,1.0,3
TRACKMAP,2305,0,700.0,,2
TRACKMAP,2306,3,120.0,2.0,3
TRACKMAP,2307,0,80.0,,2
TRACKMAP,2308,7,150.0,1.0,3
TRACKMAP,2309,0,1000.0,,2
TRACKMAP,2310,5,500.0,1.0,3
TRACKMAP,2311,7,20.0,2.0,3
TRACKMAP,2312,1,500.0,1.0,3
TRACKMAP,2313,0,1000.0,,2
TRACKMAP,2314,3,30.0,3.0,3
TRACKMAP,2315,5,100.0,1.0,3
TRACKMAP,2316,7,80.0,2.0,3
TRACKMAP,2317,1,600.0,1.0,3
TRACKMAP,2318,6,800.0,,2
TRACKMAP,2319,3,200.0,1.0,3
TRACKMAP,2320,21,7.0,0.0,3
TRACKMAP,2321,22,7.0,0.0,3
TRACKMAP,2322,10,1.0,90.0,3
TRACKMAP,2323,11,1.0,90.0,3
TRACKMAP,2324,12,1.0,13.0,3
TRACKMAP,2325,0,50.0,,2
TRACKMAP,2326,10,7.0,0.0,3
TRACKMAP,2327,11,7.0,0.0,3
TRACKMAP,2328,12,7.0,-1.0,3
TRACKMAP,2329,0,40.0,,2
