opcode,tracks_with_opcode,total_records,arity_patterns,third_value_patterns,second_min,second_max
0,12,401,"{'{2: 32}': 6, '{2: 41}': 2, '{2: 38}': 2, '{2: 26}': 1, '{2: 25}': 1}",{},10,2000
1,12,94,"{'{3: 8}': 4, '{3: 7}': 4, '{3: 4}': 2, '{3: 13}': 2}",{1: 12},9,2000
2,4,8,{'{2: 2}': 4},{},100,400
3,12,184,"{'{3: 9}': 2, '{3: 8}': 2, '{3: 15}': 2, '{3: 23}': 2, '{3: 21}': 2, '{3: 16}': 2}","{1: 12, 2: 10, 3: 6, 4: 4}",10,250
4,10,50,"{'{2: 1}': 2, '{2: 2}': 2, '{2: 12}': 2, '{2: 4}': 2, '{2: 6}': 2}",{},300,1000
5,12,70,"{'{3: 8}': 2, '{3: 7}': 2, '{3: 3}': 4, '{3: 2}': 2, '{3: 12}': 2}",{1: 12},30,500
6,6,38,"{'{2: 6}': 2, '{2: 11}': 2, '{2: 2}': 2}",{},200,1000
7,12,192,"{'{3: 11}': 2, '{3: 10}': 2, '{3: 15}': 2, '{3: 23}': 2, '{3: 18}': 2, '{3: 19}': 2}","{1: 12, 2: 10, 3: 8, 4: 4}",10,500
21,2,2,{'{3: 1}': 2},{0: 2},7,7
22,2,2,{'{3: 1}': 2},{0: 2},7,7
